--progress is a global compose flag, better use `docker compose --progress xx build ...
 Image code-backend Building 
#1 [internal] load local bake definitions
#1 reading from stdin 560B done
#1 DONE 0.0s

#2 [internal] load build definition from Dockerfile
#2 transferring dockerfile:
#2 transferring dockerfile: 1.08kB done
#2 DONE 0.0s

#3 [internal] load metadata for docker.io/library/maven:3.8.6-openjdk-8-slim
#3 ...

#4 [internal] load metadata for docker.io/library/eclipse-temurin:8-jre
#4 DONE 0.3s

#3 [internal] load metadata for docker.io/library/maven:3.8.6-openjdk-8-slim
#3 DONE 0.3s

#5 [internal] load .dockerignore
#5 transferring context: 2B done
#5 DONE 0.0s

#6 [builder  1/11] FROM docker.io/library/maven:3.8.6-openjdk-8-slim@sha256:eefc01f3404be359f20e94eb78a28509be9ff0e2cc564b770f7701a6d56fa326
#6 resolve docker.io/library/maven:3.8.6-openjdk-8-slim@sha256:eefc01f3404be359f20e94eb78a28509be9ff0e2cc564b770f7701a6d56fa326 0.0s done
#6 ...

#7 [stage-1 1/5] FROM docker.io/library/eclipse-temurin:8-jre@sha256:3b307643e9a7bb12b03154c434211ec485446bea7d119559365c06f31e8bbfa1
#7 resolve docker.io/library/eclipse-temurin:8-jre@sha256:3b307643e9a7bb12b03154c434211ec485446bea7d119559365c06f31e8bbfa1 0.0s done
#7 DONE 0.2s

#6 [builder  1/11] FROM docker.io/library/maven:3.8.6-openjdk-8-slim@sha256:eefc01f3404be359f20e94eb78a28509be9ff0e2cc564b770f7701a6d56fa326
#6 DONE 0.2s

#8 [stage-1 2/5] WORKDIR /app
#8 DONE 0.1s

#9 [internal] load build context
#9 transferring context: 3.78MB 0.2s done
#9 DONE 0.2s

#10 [builder  2/11] WORKDIR /build
#10 DONE 0.1s

#11 [stage-1 3/5] RUN apt-get update && apt-get install -y --no-install-recommends curl && rm -rf /var/lib/apt/lists/*
#11 ...

#12 [builder  3/11] COPY .mvn/settings.xml /root/.m2/settings.xml
#12 DONE 0.1s

#13 [builder  4/11] COPY pom.xml .
#13 DONE 0.1s

#14 [builder  5/11] COPY like-admin/pom.xml like-admin/
#14 DONE 0.0s

#15 [builder  6/11] COPY like-front/pom.xml like-front/
#15 DONE 0.1s

#11 [stage-1 3/5] RUN apt-get update && apt-get install -y --no-install-recommends curl && rm -rf /var/lib/apt/lists/*
#11 ...

#16 [builder  7/11] COPY like-common/pom.xml like-common/
#16 DONE 0.1s

#17 [builder  8/11] COPY like-generator/pom.xml like-generator/
#17 DONE 0.1s

#18 [builder  9/11] RUN mvn dependency:go-offline -B -s /root/.m2/settings.xml
#18 1.788 [INFO] Scanning for projects...
#18 2.201 [INFO] Downloading from aliyun: https://maven.aliyun.com/repository/public/org/springframework/boot/spring-boot-dependencies/2.7.5/spring-boot-dependencies-2.7.5.pom
#18 3.109 [INFO] Downloaded from aliyun: https://maven.aliyun.com/repository/public/org/springframework/boot/spring-boot-dependencies/2.7.5/spring-boot-dependencies-2.7.5.pom (108 kB at 118 kB/s)
#18 3.129 [INFO] Downloading from aliyun: https://maven.aliyun.com/repository/public/com/datastax/oss/java-driver-bom/4.14.1/java-driver-bom-4.14.1.pom
#18 3.165 [INFO] Downloaded from aliyun: https://maven.aliyun.com/repository/public/com/datastax/oss/java-driver-bom/4.14.1/java-driver-bom-4.14.1.pom (4.1 kB at 112 kB/s)
#18 3.169 [INFO] Downloading from aliyun: https://maven.aliyun.com/repository/public/io/dropwizard/metrics/metrics-bom/4.2.12/metrics-bom-4.2.12.pom
#18 3.481 [INFO] Downloaded from aliyun: https://maven.aliyun.com/repository/public/io/dropwizard/metrics/metrics-bom/4.2.12/metrics-bom-4.2.12.pom (6.9 kB at 22 kB/s)
#18 3.493 [INFO] Downloading from aliyun: https://maven.aliyun.com/repository/public/io/dropwizard/metrics/metrics-parent/4.2.12/metrics-parent-4.2.12.pom
#18 3.718 [INFO] Downloaded from aliyun: https://maven.aliyun.com/repository/public/io/dropwizard/metrics/metrics-parent/4.2.12/metrics-parent-4.2.12.pom (20 kB at 91 kB/s)
#18 3.730 [INFO] Downloading from aliyun: https://maven.aliyun.com/repository/public/org/codehaus/groovy/groovy-bom/3.0.13/groovy-bom-3.0.13.pom
#18 4.058 [INFO] Downloaded from aliyun: https://maven.aliyun.com/repository/public/org/codehaus/groovy/groovy-bom/3.0.13/groovy-bom-3.0.13.pom (26 kB at 80 kB/s)
#18 4.068 [INFO] Downloading from aliyun: https://maven.aliyun.com/repository/public/org/infinispan/infinispan-bom/13.0.12.Final/infinispan-bom-13.0.12.Final.pom
#18 4.322 [INFO] Downloaded from aliyun: https://maven.aliyun.com/repository/public/org/infinispan/infinispan-bom/13.0.12.Final/infinispan-bom-13.0.12.Final.pom (18 kB at 72 kB/s)
#18 4.329 [INFO] Downloading from aliyun: https://maven.aliyun.com/repository/public/org/infinispan/infinispan-build-configuration-parent/13.0.12.Final/infinispan-build-configuration-parent-13.0.12.Final.pom
#18 4.666 [INFO] Downloaded from aliyun: https://maven.aliyun.com/repository/public/org/infinispan/infinispan-build-configuration-parent/13.0.12.Final/infinispan-build-configuration-parent-13.0.12.Final.pom (15 kB at 46 kB/s)
#18 4.671 [INFO] Downloading from aliyun: https://maven.aliyun.com/repository/public/org/jboss/jboss-parent/36/jboss-parent-36.pom
#18 4.710 [INFO] Downloaded from aliyun: https://maven.aliyun.com/repository/public/org/jboss/jboss-parent/36/jboss-parent-36.pom (66 kB at 1.7 MB/s)
#18 4.744 [INFO] Downloading from aliyun: https://maven.aliyun.com/repository/public/com/fasterxml/jackson/jackson-bom/2.13.4.20221013/jackson-bom-2.13.4.20221013.pom
#18 4.787 [INFO] Downloaded from aliyun: https://maven.aliyun.com/repository/public/com/fasterxml/jackson/jackson-bom/2.13.4.20221013/jackson-bom-2.13.4.20221013.pom (17 kB at 404 kB/s)
#18 4.793 [INFO] Downloading from aliyun: https://maven.aliyun.com/repository/public/com/fasterxml/jackson/jackson-parent/2.13/jackson-parent-2.13.pom
#18 4.832 [INFO] Downloaded from aliyun: https://maven.aliyun.com/repository/public/com/fasterxml/jackson/jackson-parent/2.13/jackson-parent-2.13.pom (7.4 kB at 190 kB/s)
#18 4.838 [INFO] Downloading from aliyun: https://maven.aliyun.com/repository/public/com/fasterxml/oss-parent/43/oss-parent-43.pom
#18 4.879 [INFO] Downloaded from aliyun: https://maven.aliyun.com/repository/public/com/fasterxml/oss-parent/43/oss-parent-43.pom (24 kB at 576 kB/s)
#18 4.897 [INFO] Downloading from aliyun: https://maven.aliyun.com/repository/public/org/glassfish/jersey/jersey-bom/2.35/jersey-bom-2.35.pom
#18 4.955 [INFO] Downloaded from aliyun: https://maven.aliyun.com/repository/public/org/glassfish/jersey/jersey-bom/2.35/jersey-bom-2.35.pom (19 kB at 333 kB/s)
#18 4.963 [INFO] Downloading from aliyun: https://maven.aliyun.com/repository/public/org/eclipse/ee4j/project/1.0.6/project-1.0.6.pom
#18 5.194 [INFO] Downloaded from aliyun: https://maven.aliyun.com/repository/public/org/eclipse/ee4j/project/1.0.6/project-1.0.6.pom (13 kB at 58 kB/s)
#18 5.204 [INFO] Downloading from aliyun: https://maven.aliyun.com/repository/public/org/eclipse/jetty/jetty-bom/9.4.49.v20220914/jetty-bom-9.4.49.v20220914.pom
#18 5.490 [INFO] Downloaded from aliyun: https://maven.aliyun.com/repository/public/org/eclipse/jetty/jetty-bom/9.4.49.v20220914/jetty-bom-9.4.49.v20220914.pom (18 kB at 62 kB/s)
#18 5.498 [INFO] Downloading from aliyun: https://maven.aliyun.com/repository/public/org/junit/junit-bom/5.8.2/junit-bom-5.8.2.pom
#18 5.537 [INFO] Downloaded from aliyun: https://maven.aliyun.com/repository/public/org/junit/junit-bom/5.8.2/junit-bom-5.8.2.pom (5.6 kB at 141 kB/s)
#18 5.544 [INFO] Downloading from aliyun: https://maven.aliyun.com/repository/public/org/jetbrains/kotlin/kotlin-bom/1.6.21/kotlin-bom-1.6.21.pom
#18 5.588 [INFO] Downloaded from aliyun: https://maven.aliyun.com/repository/public/org/jetbrains/kotlin/kotlin-bom/1.6.21/kotlin-bom-1.6.21.pom (9.3 kB at 212 kB/s)
#18 5.594 [INFO] Downloading from aliyun: https://maven.aliyun.com/repository/public/org/jetbrains/kotlinx/kotlinx-coroutines-bom/1.6.4/kotlinx-coroutines-bom-1.6.4.pom
#18 5.793 [INFO] Downloaded from aliyun: https://maven.aliyun.com/repository/public/org/jetbrains/kotlinx/kotlinx-coroutines-bom/1.6.4/kotlinx-coroutines-bom-1.6.4.pom (4.3 kB at 22 kB/s)
#18 5.796 [INFO] Downloading from aliyun: https://maven.aliyun.com/repository/public/org/apache/logging/log4j/log4j-bom/2.17.2/log4j-bom-2.17.2.pom
#18 5.828 [INFO] Downloaded from aliyun: https://maven.aliyun.com/repository/public/org/apache/logging/log4j/log4j-bom/2.17.2/log4j-bom-2.17.2.pom (8.1 kB at 246 kB/s)
#18 5.830 [INFO] Downloading from aliyun: https://maven.aliyun.com/repository/public/org/apache/logging/logging-parent/5/logging-parent-5.pom
#18 6.066 [INFO] Downloaded from aliyun: https://maven.aliyun.com/repository/public/org/apache/logging/logging-parent/5/logging-parent-5.pom (3.3 kB at 14 kB/s)
#18 6.070 [INFO] Downloading from aliyun: https://maven.aliyun.com/repository/public/org/apache/apache/24/apache-24.pom
#18 6.300 [INFO] Downloaded from aliyun: https://maven.aliyun.com/repository/public/org/apache/apache/24/apache-24.pom (20 kB at 86 kB/s)
#18 6.309 [INFO] Downloading from aliyun: https://maven.aliyun.com/repository/public/io/micrometer/micrometer-bom/1.9.5/micrometer-bom-1.9.5.pom
#18 6.549 [INFO] Downloaded from aliyun: https://maven.aliyun.com/repository/public/io/micrometer/micrometer-bom/1.9.5/micrometer-bom-1.9.5.pom (7.1 kB at 29 kB/s)
#18 6.552 [INFO] Downloading from aliyun: https://maven.aliyun.com/repository/public/org/mockito/mockito-bom/4.5.1/mockito-bom-4.5.1.pom
#18 6.587 [INFO] Downloaded from aliyun: https://maven.aliyun.com/repository/public/org/mockito/mockito-bom/4.5.1/mockito-bom-4.5.1.pom (3.0 kB at 83 kB/s)
#18 6.593 [INFO] Downloading from aliyun: https://maven.aliyun.com/repository/public/io/netty/netty-bom/4.1.84.Final/netty-bom-4.1.84.Final.pom
#18 6.859 [INFO] Downloaded from aliyun: https://maven.aliyun.com/repository/public/io/netty/netty-bom/4.1.84.Final/netty-bom-4.1.84.Final.pom (13 kB at 49 kB/s)
#18 6.864 [INFO] Downloading from aliyun: https://maven.aliyun.com/repository/public/org/sonatype/oss/oss-parent/7/oss-parent-7.pom
#18 6.901 [INFO] Downloaded from aliyun: https://maven.aliyun.com/repository/public/org/sonatype/oss/oss-parent/7/oss-parent-7.pom (4.8 kB at 130 kB/s)
#18 6.907 [INFO] Downloading from aliyun: https://maven.aliyun.com/repository/public/com/squareup/okhttp3/okhttp-bom/4.9.3/okhttp-bom-4.9.3.pom
#18 6.944 [INFO] Downloaded from aliyun: https://maven.aliyun.com/repository/public/com/squareup/okhttp3/okhttp-bom/4.9.3/okhttp-bom-4.9.3.pom (3.0 kB at 85 kB/s)
#18 6.949 [INFO] Downloading from aliyun: https://maven.aliyun.com/repository/public/com/oracle/database/jdbc/ojdbc-bom/21.5.0.0/ojdbc-bom-21.5.0.0.pom
#18 6.989 [INFO] Downloaded from aliyun: https://maven.aliyun.com/repository/public/com/oracle/database/jdbc/ojdbc-bom/21.5.0.0/ojdbc-bom-21.5.0.0.pom (13 kB at 316 kB/s)
#18 6.997 [INFO] Downloading from aliyun: https://maven.aliyun.com/repository/public/io/prometheus/simpleclient_bom/0.15.0/simpleclient_bom-0.15.0.pom
#18 7.034 [INFO] Downloaded from aliyun: https://maven.aliyun.com/repository/public/io/prometheus/simpleclient_bom/0.15.0/simpleclient_bom-0.15.0.pom (5.8 kB at 157 kB/s)
#18 7.039 [INFO] Downloading from aliyun: https://maven.aliyun.com/repository/public/io/prometheus/parent/0.15.0/parent-0.15.0.pom
#18 7.077 [INFO] Downloaded from aliyun: https://maven.aliyun.com/repository/public/io/prometheus/parent/0.15.0/parent-0.15.0.pom (12 kB at 319 kB/s)
#18 7.084 [INFO] Downloading from aliyun: https://maven.aliyun.com/repository/public/com/querydsl/querydsl-bom/5.0.0/querydsl-bom-5.0.0.pom
#18 7.120 [INFO] Downloaded from aliyun: https://maven.aliyun.com/repository/public/com/querydsl/querydsl-bom/5.0.0/querydsl-bom-5.0.0.pom (7.2 kB at 199 kB/s)
#18 7.126 [INFO] Downloading from aliyun: https://maven.aliyun.com/repository/public/io/r2dbc/r2dbc-bom/Borca-SR2/r2dbc-bom-Borca-SR2.pom
#18 7.183 [INFO] Downloaded from aliyun: https://maven.aliyun.com/repository/public/io/r2dbc/r2dbc-bom/Borca-SR2/r2dbc-bom-Borca-SR2.pom (3.8 kB at 67 kB/s)
#18 7.187 [INFO] Downloading from aliyun: https://maven.aliyun.com/repository/public/io/projectreactor/reactor-bom/2020.0.24/reactor-bom-2020.0.24.pom
#18 7.423 [INFO] Downloaded from aliyun: https://maven.aliyun.com/repository/public/io/projectreactor/reactor-bom/2020.0.24/reactor-bom-2020.0.24.pom (4.6 kB at 19 kB/s)
#18 7.426 [INFO] Downloading from aliyun: https://maven.aliyun.com/repository/public/io/rest-assured/rest-assured-bom/4.5.1/rest-assured-bom-4.5.1.pom
#18 7.710 [INFO] Downloaded from aliyun: https://maven.aliyun.com/repository/public/io/rest-assured/rest-assured-bom/4.5.1/rest-assured-bom-4.5.1.pom (5.8 kB at 21 kB/s)
#18 7.716 [INFO] Downloading from aliyun: https://maven.aliyun.com/repository/public/io/rsocket/rsocket-bom/1.1.3/rsocket-bom-1.1.3.pom
#18 7.752 [INFO] Downloaded from aliyun: https://maven.aliyun.com/repository/public/io/rsocket/rsocket-bom/1.1.3/rsocket-bom-1.1.3.pom (2.6 kB at 73 kB/s)
#18 7.757 [INFO] Downloading from aliyun: https://maven.aliyun.com/repository/public/org/springframework/data/spring-data-bom/2021.2.5/spring-data-bom-2021.2.5.pom
#18 8.007 [INFO] Downloaded from aliyun: https://maven.aliyun.com/repository/public/org/springframework/data/spring-data-bom/2021.2.5/spring-data-bom-2021.2.5.pom (5.7 kB at 23 kB/s)
#18 8.013 [INFO] Downloading from aliyun: https://maven.aliyun.com/repository/public/org/springframework/spring-framework-bom/5.3.23/spring-framework-bom-5.3.23.pom
#18 8.252 [INFO] Downloaded from aliyun: https://maven.aliyun.com/repository/public/org/springframework/spring-framework-bom/5.3.23/spring-framework-bom-5.3.23.pom (5.7 kB at 24 kB/s)
#18 8.257 [INFO] Downloading from aliyun: https://maven.aliyun.com/repository/public/org/springframework/integration/spring-integration-bom/5.5.15/spring-integration-bom-5.5.15.pom
#18 8.496 [INFO] Downloaded from aliyun: https://maven.aliyun.com/repository/public/org/springframework/integration/spring-integration-bom/5.5.15/spring-integration-bom-5.5.15.pom (9.2 kB at 38 kB/s)
#18 8.502 [INFO] Downloading from aliyun: https://maven.aliyun.com/repository/public/org/springframework/security/spring-security-bom/5.7.4/spring-security-bom-5.7.4.pom
#18 8.780 [INFO] Downloaded from aliyun: https://maven.aliyun.com/repository/public/org/springframework/security/spring-security-bom/5.7.4/spring-security-bom-5.7.4.pom (5.7 kB at 20 kB/s)
#18 8.785 [INFO] Downloading from aliyun: https://maven.aliyun.com/repository/public/org/springframework/session/spring-session-bom/2021.2.0/spring-session-bom-2021.2.0.pom
#18 8.821 [INFO] Downloaded from aliyun: https://maven.aliyun.com/repository/public/org/springframework/session/spring-session-bom/2021.2.0/spring-session-bom-2021.2.0.pom (3.1 kB at 86 kB/s)
#18 8.878 [INFO] ------------------------------------------------------------------------
#18 8.878 [INFO] Reactor Build Order:
#18 8.878 [INFO] 
#18 8.880 [INFO] likeadmin-java                                                     [pom]
#18 8.880 [INFO] like-common                                                        [jar]
#18 8.880 [INFO] like-generator                                                     [jar]
#18 8.880 [INFO] like-admin                                                         [jar]
#18 8.880 [INFO] like-front                                                         [jar]
#18 8.886 [INFO] Downloading from aliyun: https://maven.aliyun.com/repository/public/org/springframework/boot/spring-boot-maven-plugin/2.6.4/spring-boot-maven-plugin-2.6.4.pom
#18 9.372 [INFO] Downloaded from aliyun: https://maven.aliyun.com/repository/public/org/springframework/boot/spring-boot-maven-plugin/2.6.4/spring-boot-maven-plugin-2.6.4.pom (4.0 kB at 8.3 kB/s)
#18 9.394 [INFO] Downloading from aliyun: https://maven.aliyun.com/repository/public/org/springframework/boot/spring-boot-maven-plugin/2.6.4/spring-boot-maven-plugin-2.6.4.jar
#18 9.894 [INFO] Downloaded from aliyun: https://maven.aliyun.com/repository/public/org/springframework/boot/spring-boot-maven-plugin/2.6.4/spring-boot-maven-plugin-2.6.4.jar (105 kB at 209 kB/s)
#18 9.922 [INFO] Downloading from aliyun: https://maven.aliyun.com/repository/public/org/apache/maven/plugins/maven-compiler-plugin/3.10.0/maven-compiler-plugin-3.10.0.pom
#18 10.42 [INFO] Downloaded from aliyun: https://maven.aliyun.com/repository/public/org/apache/maven/plugins/maven-compiler-plugin/3.10.0/maven-compiler-plugin-3.10.0.pom (13 kB at 25 kB/s)
#18 10.42 [INFO] Downloading from aliyun: https://maven.aliyun.com/repository/public/org/apache/maven/plugins/maven-plugins/34/maven-plugins-34.pom
#18 10.47 [INFO] Downloaded from aliyun: https://maven.aliyun.com/repository/public/org/apache/maven/plugins/maven-plugins/34/maven-plugins-34.pom (11 kB at 237 kB/s)
#18 10.47 [INFO] Downloading from aliyun: https://maven.aliyun.com/repository/public/org/apache/maven/maven-parent/34/maven-parent-34.pom
#18 10.51 [INFO] Downloaded from aliyun: https://maven.aliyun.com/repository/public/org/apache/maven/maven-parent/34/maven-parent-34.pom (43 kB at 1.2 MB/s)
#18 10.51 [INFO] Downloading from aliyun: https://maven.aliyun.com/repository/public/org/apache/apache/23/apache-23.pom
#18 ...

#11 [stage-1 3/5] RUN apt-get update && apt-get install -y --no-install-recommends curl && rm -rf /var/lib/apt/lists/*
#11 0.983 Get:1 http://archive.ubuntu.com/ubuntu noble InRelease [256 kB]
#11 1.324 Get:2 http://security.ubuntu.com/ubuntu noble-security InRelease [126 kB]
#11 3.344 Get:3 http://security.ubuntu.com/ubuntu noble-security/multiverse amd64 Packages [34.8 kB]
#11 3.922 Get:4 http://archive.ubuntu.com/ubuntu noble-updates InRelease [126 kB]
#11 4.058 Get:5 http://security.ubuntu.com/ubuntu noble-security/universe amd64 Packages [1,261 kB]
#11 4.703 Get:6 http://archive.ubuntu.com/ubuntu noble-backports InRelease [126 kB]
#11 5.131 Get:7 http://archive.ubuntu.com/ubuntu noble/universe amd64 Packages [19.3 MB]
#11 6.139 Get:8 http://security.ubuntu.com/ubuntu noble-security/main amd64 Packages [1,906 kB]
#11 6.840 Get:9 http://security.ubuntu.com/ubuntu noble-security/restricted amd64 Packages [3,315 kB]
#11 ...

#18 [builder  9/11] RUN mvn dependency:go-offline -B -s /root/.m2/settings.xml
#18 10.74 [INFO] Downloaded from aliyun: https://maven.aliyun.com/repository/public/org/apache/apache/23/apache-23.pom (18 kB at 82 kB/s)
#18 10.75 [INFO] Downloading from aliyun: https://maven.aliyun.com/repository/public/org/apache/maven/plugins/maven-compiler-plugin/3.10.0/maven-compiler-plugin-3.10.0.jar
#18 11.05 [INFO] Downloaded from aliyun: https://maven.aliyun.com/repository/public/org/apache/maven/plugins/maven-compiler-plugin/3.10.0/maven-compiler-plugin-3.10.0.jar (62 kB at 204 kB/s)
#18 11.06 [INFO] Downloading from aliyun: https://maven.aliyun.com/repository/public/org/apache/maven/plugins/maven-clean-plugin/2.5/maven-clean-plugin-2.5.pom
#18 11.09 [INFO] Downloaded from aliyun: https://maven.aliyun.com/repository/public/org/apache/maven/plugins/maven-clean-plugin/2.5/maven-clean-plugin-2.5.pom (3.9 kB at 122 kB/s)
#18 11.09 [INFO] Downloading from aliyun: https://maven.aliyun.com/repository/public/org/apache/maven/plugins/maven-plugins/22/maven-plugins-22.pom
#18 11.12 [INFO] Downloaded from aliyun: https://maven.aliyun.com/repository/public/org/apache/maven/plugins/maven-plugins/22/maven-plugins-22.pom (13 kB at 395 kB/s)
#18 11.13 [INFO] Downloading from aliyun: https://maven.aliyun.com/repository/public/org/apache/maven/maven-parent/21/maven-parent-21.pom
#18 11.16 [INFO] Downloaded from aliyun: https://maven.aliyun.com/repository/public/org/apache/maven/maven-parent/21/maven-parent-21.pom (26 kB at 712 kB/s)
#18 11.17 [INFO] Downloading from aliyun: https://maven.aliyun.com/repository/public/org/apache/apache/10/apache-10.pom
#18 11.20 [INFO] Downloaded from aliyun: https://maven.aliyun.com/repository/public/org/apache/apache/10/apache-10.pom (15 kB at 462 kB/s)
#18 11.20 [INFO] Downloading from aliyun: https://maven.aliyun.com/repository/public/org/apache/maven/plugins/maven-clean-plugin/2.5/maven-clean-plugin-2.5.jar
#18 11.41 [INFO] Downloaded from aliyun: https://maven.aliyun.com/repository/public/org/apache/maven/plugins/maven-clean-plugin/2.5/maven-clean-plugin-2.5.jar (25 kB at 120 kB/s)
#18 11.41 [INFO] Downloading from aliyun: https://maven.aliyun.com/repository/public/org/apache/maven/plugins/maven-install-plugin/2.4/maven-install-plugin-2.4.pom
#18 11.66 [INFO] Downloaded from aliyun: https://maven.aliyun.com/repository/public/org/apache/maven/plugins/maven-install-plugin/2.4/maven-install-plugin-2.4.pom (6.4 kB at 25 kB/s)
#18 11.67 [INFO] Downloading from aliyun: https://maven.aliyun.com/repository/public/org/apache/maven/plugins/maven-plugins/23/maven-plugins-23.pom
#18 11.70 [INFO] Downloaded from aliyun: https://maven.aliyun.com/repository/public/org/apache/maven/plugins/maven-plugins/23/maven-plugins-23.pom (9.2 kB at 279 kB/s)
#18 11.70 [INFO] Downloading from aliyun: https://maven.aliyun.com/repository/public/org/apache/maven/maven-parent/22/maven-parent-22.pom
#18 11.73 [INFO] Downloaded from aliyun: https://maven.aliyun.com/repository/public/org/apache/maven/maven-parent/22/maven-parent-22.pom (30 kB at 875 kB/s)
#18 11.74 [INFO] Downloading from aliyun: https://maven.aliyun.com/repository/public/org/apache/apache/11/apache-11.pom
#18 11.77 [INFO] Downloaded from aliyun: https://maven.aliyun.com/repository/public/org/apache/apache/11/apache-11.pom (15 kB at 478 kB/s)
#18 11.77 [INFO] Downloading from aliyun: https://maven.aliyun.com/repository/public/org/apache/maven/plugins/maven-install-plugin/2.4/maven-install-plugin-2.4.jar
#18 11.81 [INFO] Downloaded from aliyun: https://maven.aliyun.com/repository/public/org/apache/maven/plugins/maven-install-plugin/2.4/maven-install-plugin-2.4.jar (27 kB at 817 kB/s)
#18 11.81 [INFO] Downloading from aliyun: https://maven.aliyun.com/repository/public/org/apache/maven/plugins/maven-deploy-plugin/2.7/maven-deploy-plugin-2.7.pom
#18 11.85 [INFO] Downloaded from aliyun: https://maven.aliyun.com/repository/public/org/apache/maven/plugins/maven-deploy-plugin/2.7/maven-deploy-plugin-2.7.pom (5.6 kB at 131 kB/s)
#18 11.86 [INFO] Downloading from aliyun: https://maven.aliyun.com/repository/public/org/apache/maven/plugins/maven-deploy-plugin/2.7/maven-deploy-plugin-2.7.jar
#18 11.89 [INFO] Downloaded from aliyun: https://maven.aliyun.com/repository/public/org/apache/maven/plugins/maven-deploy-plugin/2.7/maven-deploy-plugin-2.7.jar (27 kB at 813 kB/s)
#18 11.89 [INFO] Downloading from aliyun: https://maven.aliyun.com/repository/public/org/apache/maven/plugins/maven-site-plugin/3.3/maven-site-plugin-3.3.pom
#18 11.92 [INFO] Downloaded from aliyun: https://maven.aliyun.com/repository/public/org/apache/maven/plugins/maven-site-plugin/3.3/maven-site-plugin-3.3.pom (21 kB at 631 kB/s)
#18 11.93 [INFO] Downloading from aliyun: https://maven.aliyun.com/repository/public/org/apache/maven/plugins/maven-plugins/24/maven-plugins-24.pom
#18 11.96 [INFO] Downloaded from aliyun: https://maven.aliyun.com/repository/public/org/apache/maven/plugins/maven-plugins/24/maven-plugins-24.pom (11 kB at 338 kB/s)
#18 11.96 [INFO] Downloading from aliyun: https://maven.aliyun.com/repository/public/org/apache/maven/maven-parent/23/maven-parent-23.pom
#18 12.00 [INFO] Downloaded from aliyun: https://maven.aliyun.com/repository/public/org/apache/maven/maven-parent/23/maven-parent-23.pom (33 kB at 987 kB/s)
#18 12.00 [INFO] Downloading from aliyun: https://maven.aliyun.com/repository/public/org/apache/apache/13/apache-13.pom
#18 12.23 [INFO] Downloaded from aliyun: https://maven.aliyun.com/repository/public/org/apache/apache/13/apache-13.pom (14 kB at 61 kB/s)
#18 12.23 [INFO] Downloading from aliyun: https://maven.aliyun.com/repository/public/org/apache/maven/plugins/maven-site-plugin/3.3/maven-site-plugin-3.3.jar
#18 12.27 [INFO] Downloaded from aliyun: https://maven.aliyun.com/repository/public/org/apache/maven/plugins/maven-site-plugin/3.3/maven-site-plugin-3.3.jar (124 kB at 3.2 MB/s)
#18 12.28 [INFO] Downloading from aliyun: https://maven.aliyun.com/repository/public/org/apache/maven/plugins/maven-antrun-plugin/1.3/maven-antrun-plugin-1.3.pom
#18 12.31 [INFO] Downloaded from aliyun: https://maven.aliyun.com/repository/public/org/apache/maven/plugins/maven-antrun-plugin/1.3/maven-antrun-plugin-1.3.pom (4.7 kB at 148 kB/s)
#18 12.31 [INFO] Downloading from aliyun: https://maven.aliyun.com/repository/public/org/apache/maven/plugins/maven-plugins/12/maven-plugins-12.pom
#18 12.35 [INFO] Downloaded from aliyun: https://maven.aliyun.com/repository/public/org/apache/maven/plugins/maven-plugins/12/maven-plugins-12.pom (12 kB at 346 kB/s)
#18 12.35 [INFO] Downloading from aliyun: https://maven.aliyun.com/repository/public/org/apache/maven/maven-parent/9/maven-parent-9.pom
#18 12.38 [INFO] Downloaded from aliyun: https://maven.aliyun.com/repository/public/org/apache/maven/maven-parent/9/maven-parent-9.pom (33 kB at 995 kB/s)
#18 12.39 [INFO] Downloading from aliyun: https://maven.aliyun.com/repository/public/org/apache/apache/4/apache-4.pom
#18 12.42 [INFO] Downloaded from aliyun: https://maven.aliyun.com/repository/public/org/apache/apache/4/apache-4.pom (4.5 kB at 132 kB/s)
#18 12.42 [INFO] Downloading from aliyun: https://maven.aliyun.com/repository/public/org/apache/maven/plugins/maven-antrun-plugin/1.3/maven-antrun-plugin-1.3.jar
#18 12.46 [INFO] Downloaded from aliyun: https://maven.aliyun.com/repository/public/org/apache/maven/plugins/maven-antrun-plugin/1.3/maven-antrun-plugin-1.3.jar (24 kB at 737 kB/s)
#18 12.46 [INFO] Downloading from aliyun: https://maven.aliyun.com/repository/public/org/apache/maven/plugins/maven-assembly-plugin/2.2-beta-5/maven-assembly-plugin-2.2-beta-5.pom
#18 12.49 [INFO] Downloaded from aliyun: https://maven.aliyun.com/repository/public/org/apache/maven/plugins/maven-assembly-plugin/2.2-beta-5/maven-assembly-plugin-2.2-beta-5.pom (15 kB at 474 kB/s)
#18 12.49 [INFO] Downloading from aliyun: https://maven.aliyun.com/repository/public/org/apache/maven/plugins/maven-plugins/16/maven-plugins-16.pom
#18 12.53 [INFO] Downloaded from aliyun: https://maven.aliyun.com/repository/public/org/apache/maven/plugins/maven-plugins/16/maven-plugins-16.pom (13 kB at 405 kB/s)
#18 12.53 [INFO] Downloading from aliyun: https://maven.aliyun.com/repository/public/org/apache/maven/maven-parent/15/maven-parent-15.pom
#18 12.56 [INFO] Downloaded from aliyun: https://maven.aliyun.com/repository/public/org/apache/maven/maven-parent/15/maven-parent-15.pom (24 kB at 750 kB/s)
#18 12.56 [INFO] Downloading from aliyun: https://maven.aliyun.com/repository/public/org/apache/apache/6/apache-6.pom
#18 12.59 [INFO] Downloaded from aliyun: https://maven.aliyun.com/repository/public/org/apache/apache/6/apache-6.pom (13 kB at 413 kB/s)
#18 12.60 [INFO] Downloading from aliyun: https://maven.aliyun.com/repository/public/org/apache/maven/plugins/maven-assembly-plugin/2.2-beta-5/maven-assembly-plugin-2.2-beta-5.jar
#18 12.65 [INFO] Downloaded from aliyun: https://maven.aliyun.com/repository/public/org/apache/maven/plugins/maven-assembly-plugin/2.2-beta-5/maven-assembly-plugin-2.2-beta-5.jar (209 kB at 4.1 MB/s)
#18 12.66 [INFO] Downloading from aliyun: https://maven.aliyun.com/repository/public/org/apache/maven/plugins/maven-dependency-plugin/2.8/maven-dependency-plugin-2.8.pom
#18 12.69 [INFO] Downloaded from aliyun: https://maven.aliyun.com/repository/public/org/apache/maven/plugins/maven-dependency-plugin/2.8/maven-dependency-plugin-2.8.pom (11 kB at 358 kB/s)
#18 12.69 [INFO] Downloading from aliyun: https://maven.aliyun.com/repository/public/org/apache/maven/plugins/maven-dependency-plugin/2.8/maven-dependency-plugin-2.8.jar
#18 12.73 [INFO] Downloaded from aliyun: https://maven.aliyun.com/repository/public/org/apache/maven/plugins/maven-dependency-plugin/2.8/maven-dependency-plugin-2.8.jar (153 kB at 3.9 MB/s)
#18 12.75 [INFO] 
#18 12.75 [INFO] -----------------------< org.mdd:likeadmin-java >-----------------------
#18 12.75 [INFO] Building likeadmin-java 1.0.0                                      [1/5]
#18 12.75 [INFO] --------------------------------[ pom ]---------------------------------
#18 12.75 [INFO] 
#18 12.75 [INFO] >>> maven-dependency-plugin:2.8:go-offline (default-cli) > :resolve-plugins @ likeadmin-java >>>
#18 12.76 [INFO] 
#18 12.76 [INFO] --- maven-dependency-plugin:2.8:resolve-plugins (resolve-plugins) @ likeadmin-java ---
#18 12.77 [INFO] Downloading from aliyun: https://maven.aliyun.com/repository/public/org/apache/maven/maven-artifact/2.0.9/maven-artifact-2.0.9.pom
#18 12.80 [INFO] Downloaded from aliyun: https://maven.aliyun.com/repository/public/org/apache/maven/maven-artifact/2.0.9/maven-artifact-2.0.9.pom (1.6 kB at 51 kB/s)
#18 12.80 [INFO] Downloading from aliyun: https://maven.aliyun.com/repository/public/org/apache/maven/maven/2.0.9/maven-2.0.9.pom
#18 12.84 [INFO] Downloaded from aliyun: https://maven.aliyun.com/repository/public/org/apache/maven/maven/2.0.9/maven-2.0.9.pom (19 kB at 573 kB/s)
#18 12.84 [INFO] Downloading from aliyun: https://maven.aliyun.com/repository/public/org/apache/maven/maven-parent/8/maven-parent-8.pom
#18 12.87 [INFO] Downloaded from aliyun: https://maven.aliyun.com/repository/public/org/apache/maven/maven-parent/8/maven-parent-8.pom (24 kB at 670 kB/s)
#18 12.88 [INFO] Downloading from aliyun: https://maven.aliyun.com/repository/public/org/codehaus/plexus/plexus-utils/1.5.1/plexus-utils-1.5.1.pom
#18 12.92 [INFO] Downloaded from aliyun: https://maven.aliyun.com/repository/public/org/codehaus/plexus/plexus-utils/1.5.1/plexus-utils-1.5.1.pom (2.3 kB at 70 kB/s)
#18 12.92 [INFO] Downloading from aliyun: https://maven.aliyun.com/repository/public/org/codehaus/plexus/plexus/1.0.11/plexus-1.0.11.pom
#18 12.95 [INFO] Downloaded from aliyun: https://maven.aliyun.com/repository/public/org/codehaus/plexus/plexus/1.0.11/plexus-1.0.11.pom (9.0 kB at 280 kB/s)
#18 12.95 [INFO] Downloading from aliyun: https://maven.aliyun.com/repository/public/org/apache/maven/maven-plugin-api/2.0.9/maven-plugin-api-2.0.9.pom
#18 12.99 [INFO] Downloaded from aliyun: https://maven.aliyun.com/repository/public/org/apache/maven/maven-plugin-api/2.0.9/maven-plugin-api-2.0.9.pom (1.5 kB at 45 kB/s)
#18 12.99 [INFO] Downloading from aliyun: https://maven.aliyun.com/repository/public/org/apache/maven/maven-project/2.0.9/maven-project-2.0.9.pom
#18 13.03 [INFO] Downloaded from aliyun: https://maven.aliyun.com/repository/public/org/apache/maven/maven-project/2.0.9/maven-project-2.0.9.pom (2.7 kB at 80 kB/s)
#18 13.03 [INFO] Downloading from aliyun: https://maven.aliyun.com/repository/public/org/apache/maven/maven-settings/2.0.9/maven-settings-2.0.9.pom
#18 13.07 [INFO] Downloaded from aliyun: https://maven.aliyun.com/repository/public/org/apache/maven/maven-settings/2.0.9/maven-settings-2.0.9.pom (2.1 kB at 59 kB/s)
#18 13.08 [INFO] Downloading from aliyun: https://maven.aliyun.com/repository/public/org/apache/maven/maven-model/2.0.9/maven-model-2.0.9.pom
#18 13.11 [INFO] Downloaded from aliyun: https://maven.aliyun.com/repository/public/org/apache/maven/maven-model/2.0.9/maven-model-2.0.9.pom (3.1 kB at 90 kB/s)
#18 13.12 [INFO] Downloading from aliyun: https://maven.aliyun.com/repository/public/org/codehaus/plexus/plexus-container-default/1.0-alpha-9-stable-1/plexus-container-default-1.0-alpha-9-stable-1.pom
#18 13.16 [INFO] Downloaded from aliyun: https://maven.aliyun.com/repository/public/org/codehaus/plexus/plexus-container-default/1.0-alpha-9-stable-1/plexus-container-default-1.0-alpha-9-stable-1.pom (3.9 kB at 107 kB/s)
#18 13.16 [INFO] Downloading from aliyun: https://maven.aliyun.com/repository/public/org/codehaus/plexus/plexus-containers/1.0.3/plexus-containers-1.0.3.pom
#18 13.20 [INFO] Downloaded from aliyun: https://maven.aliyun.com/repository/public/org/codehaus/plexus/plexus-containers/1.0.3/plexus-containers-1.0.3.pom (492 B at 14 kB/s)
#18 13.20 [INFO] Downloading from aliyun: https://maven.aliyun.com/repository/public/org/codehaus/plexus/plexus/1.0.4/plexus-1.0.4.pom
#18 13.24 [INFO] Downloaded from aliyun: https://maven.aliyun.com/repository/public/org/codehaus/plexus/plexus/1.0.4/plexus-1.0.4.pom (5.7 kB at 155 kB/s)
#18 13.25 [INFO] Downloading from aliyun: https://maven.aliyun.com/repository/public/junit/junit/3.8.1/junit-3.8.1.pom
#18 13.28 [INFO] Downloaded from aliyun: https://maven.aliyun.com/repository/public/junit/junit/3.8.1/junit-3.8.1.pom (998 B at 29 kB/s)
#18 13.28 [INFO] Downloading from aliyun: https://maven.aliyun.com/repository/public/org/codehaus/plexus/plexus-utils/1.0.4/plexus-utils-1.0.4.pom
#18 13.32 [INFO] Downloaded from aliyun: https://maven.aliyun.com/repository/public/org/codehaus/plexus/plexus-utils/1.0.4/plexus-utils-1.0.4.pom (6.9 kB at 190 kB/s)
#18 13.33 [INFO] Downloading from aliyun: https://maven.aliyun.com/repository/public/classworlds/classworlds/1.1-alpha-2/classworlds-1.1-alpha-2.pom
#18 13.36 [INFO] Downloaded from aliyun: https://maven.aliyun.com/repository/public/classworlds/classworlds/1.1-alpha-2/classworlds-1.1-alpha-2.pom (3.1 kB at 92 kB/s)
#18 13.37 [INFO] Downloading from aliyun: https://maven.aliyun.com/repository/public/org/apache/maven/maven-profile/2.0.9/maven-profile-2.0.9.pom
#18 13.40 [INFO] Downloaded from aliyun: https://maven.aliyun.com/repository/public/org/apache/maven/maven-profile/2.0.9/maven-profile-2.0.9.pom (2.0 kB at 64 kB/s)
#18 13.41 [INFO] Downloading from aliyun: https://maven.aliyun.com/repository/public/org/apache/maven/maven-artifact-manager/2.0.9/maven-artifact-manager-2.0.9.pom
#18 13.44 [INFO] Downloaded from aliyun: https://maven.aliyun.com/repository/public/org/apache/maven/maven-artifact-manager/2.0.9/maven-artifact-manager-2.0.9.pom (2.7 kB at 77 kB/s)
#18 13.45 [INFO] Downloading from aliyun: https://maven.aliyun.com/repository/public/org/apache/maven/maven-repository-metadata/2.0.9/maven-repository-metadata-2.0.9.pom
#18 13.48 [INFO] Downloaded from aliyun: https://maven.aliyun.com/repository/public/org/apache/maven/maven-repository-metadata/2.0.9/maven-repository-metadata-2.0.9.pom (1.9 kB at 58 kB/s)
#18 13.49 [INFO] Downloading from aliyun: https://maven.aliyun.com/repository/public/org/apache/maven/maven-plugin-registry/2.0.9/maven-plugin-registry-2.0.9.pom
#18 13.52 [INFO] Downloaded from aliyun: https://maven.aliyun.com/repository/public/org/apache/maven/maven-plugin-registry/2.0.9/maven-plugin-registry-2.0.9.pom (2.0 kB at 64 kB/s)
#18 13.52 [INFO] Downloading from aliyun: https://maven.aliyun.com/repository/public/org/apache/maven/maven-core/2.0.9/maven-core-2.0.9.pom
#18 13.55 [INFO] Downloaded from aliyun: https://maven.aliyun.com/repository/public/org/apache/maven/maven-core/2.0.9/maven-core-2.0.9.pom (7.8 kB at 251 kB/s)
#18 13.56 [INFO] Downloading from aliyun: https://maven.aliyun.com/repository/public/org/apache/maven/maven-plugin-parameter-documenter/2.0.9/maven-plugin-parameter-documenter-2.0.9.pom
#18 13.59 [INFO] Downloaded from aliyun: https://maven.aliyun.com/repository/public/org/apache/maven/maven-plugin-parameter-documenter/2.0.9/maven-plugin-parameter-documenter-2.0.9.pom (2.0 kB at 60 kB/s)
#18 13.59 [INFO] Downloading from aliyun: https://maven.aliyun.com/repository/public/org/apache/maven/reporting/maven-reporting-api/2.0.9/maven-reporting-api-2.0.9.pom
#18 13.63 [INFO] Downloaded from aliyun: https://maven.aliyun.com/repository/public/org/apache/maven/reporting/maven-reporting-api/2.0.9/maven-reporting-api-2.0.9.pom (1.8 kB at 56 kB/s)
#18 13.63 [INFO] Downloading from aliyun: https://maven.aliyun.com/repository/public/org/apache/maven/reporting/maven-reporting/2.0.9/maven-reporting-2.0.9.pom
#18 13.66 [INFO] Downloaded from aliyun: https://maven.aliyun.com/repository/public/org/apache/maven/reporting/maven-reporting/2.0.9/maven-reporting-2.0.9.pom (1.5 kB at 46 kB/s)
#18 13.66 [INFO] Downloading from aliyun: https://maven.aliyun.com/repository/public/org/apache/maven/doxia/doxia-sink-api/1.0-alpha-10/doxia-sink-api-1.0-alpha-10.pom
#18 13.69 [INFO] Downloaded from aliyun: https://maven.aliyun.com/repository/public/org/apache/maven/doxia/doxia-sink-api/1.0-alpha-10/doxia-sink-api-1.0-alpha-10.pom (1.3 kB at 43 kB/s)
#18 13.70 [INFO] Downloading from aliyun: https://maven.aliyun.com/repository/public/org/apache/maven/doxia/doxia/1.0-alpha-10/doxia-1.0-alpha-10.pom
#18 13.92 [INFO] Downloaded from aliyun: https://maven.aliyun.com/repository/public/org/apache/maven/doxia/doxia/1.0-alpha-10/doxia-1.0-alpha-10.pom (9.2 kB at 40 kB/s)
#18 13.93 [INFO] Downloading from aliyun: https://maven.aliyun.com/repository/public/org/apache/maven/maven-parent/6/maven-parent-6.pom
#18 13.96 [INFO] Downloaded from aliyun: https://maven.aliyun.com/repository/public/org/apache/maven/maven-parent/6/maven-parent-6.pom (20 kB at 607 kB/s)
#18 13.96 [INFO] Downloading from aliyun: https://maven.aliyun.com/repository/public/org/apache/maven/maven-error-diagnostics/2.0.9/maven-error-diagnostics-2.0.9.pom
#18 13.99 [INFO] Downloaded from aliyun: https://maven.aliyun.com/repository/public/org/apache/maven/maven-error-diagnostics/2.0.9/maven-error-diagnostics-2.0.9.pom (1.7 kB at 56 kB/s)
#18 14.00 [INFO] Downloading from aliyun: https://maven.aliyun.com/repository/public/commons-cli/commons-cli/1.0/commons-cli-1.0.pom
#18 14.03 [INFO] Downloaded from aliyun: https://maven.aliyun.com/repository/public/commons-cli/commons-cli/1.0/commons-cli-1.0.pom (2.1 kB at 66 kB/s)
#18 14.03 [INFO] Downloading from aliyun: https://maven.aliyun.com/repository/public/org/apache/maven/maven-plugin-descriptor/2.0.9/maven-plugin-descriptor-2.0.9.pom
#18 14.06 [INFO] Downloaded from aliyun: https://maven.aliyun.com/repository/public/org/apache/maven/maven-plugin-descriptor/2.0.9/maven-plugin-descriptor-2.0.9.pom (2.1 kB at 67 kB/s)
#18 14.07 [INFO] Downloading from aliyun: https://maven.aliyun.com/repository/public/org/codehaus/plexus/plexus-interactivity-api/1.0-alpha-4/plexus-interactivity-api-1.0-alpha-4.pom
#18 14.10 [INFO] Downloaded from aliyun: https://maven.aliyun.com/repository/public/org/codehaus/plexus/plexus-interactivity-api/1.0-alpha-4/plexus-interactivity-api-1.0-alpha-4.pom (7.1 kB at 222 kB/s)
#18 14.10 [INFO] Downloading from aliyun: https://maven.aliyun.com/repository/public/org/apache/maven/maven-monitor/2.0.9/maven-monitor-2.0.9.pom
#18 14.13 [INFO] Downloaded from aliyun: https://maven.aliyun.com/repository/public/org/apache/maven/maven-monitor/2.0.9/maven-monitor-2.0.9.pom (1.3 kB at 41 kB/s)
#18 14.14 [INFO] Downloading from aliyun: https://maven.aliyun.com/repository/public/classworlds/classworlds/1.1/classworlds-1.1.pom
#18 14.17 [INFO] Downloaded from aliyun: https://maven.aliyun.com/repository/public/classworlds/classworlds/1.1/classworlds-1.1.pom (3.3 kB at 101 kB/s)
#18 14.17 [INFO] Downloading from aliyun: https://maven.aliyun.com/repository/public/org/apache/maven/reporting/maven-reporting-api/3.0/maven-reporting-api-3.0.pom
#18 14.21 [INFO] Downloaded from aliyun: https://maven.aliyun.com/repository/public/org/apache/maven/reporting/maven-reporting-api/3.0/maven-reporting-api-3.0.pom (2.4 kB at 74 kB/s)
#18 14.21 [INFO] Downloading from aliyun: https://maven.aliyun.com/repository/public/org/apache/maven/shared/maven-shared-components/15/maven-shared-components-15.pom
#18 14.24 [INFO] Downloaded from aliyun: https://maven.aliyun.com/repository/public/org/apache/maven/shared/maven-shared-components/15/maven-shared-components-15.pom (9.3 kB at 301 kB/s)
#18 14.24 [INFO] Downloading from aliyun: https://maven.aliyun.com/repository/public/org/apache/maven/maven-parent/16/maven-parent-16.pom
#18 14.27 [INFO] Downloaded from aliyun: https://maven.aliyun.com/repository/public/org/apache/maven/maven-parent/16/maven-parent-16.pom (23 kB at 727 kB/s)
#18 14.28 [INFO] Downloading from aliyun: https://maven.aliyun.com/repository/public/org/apache/apache/7/apache-7.pom
#18 14.31 [INFO] Downloaded from aliyun: https://maven.aliyun.com/repository/public/org/apache/apache/7/apache-7.pom (14 kB at 465 kB/s)
#18 14.31 [INFO] Downloading from aliyun: https://maven.aliyun.com/repository/public/org/apache/maven/doxia/doxia-sink-api/1.0/doxia-sink-api-1.0.pom
#18 14.34 [INFO] Downloaded from aliyun: https://maven.aliyun.com/repository/public/org/apache/maven/doxia/doxia-sink-api/1.0/doxia-sink-api-1.0.pom (1.4 kB at 46 kB/s)
#18 14.34 [INFO] Downloading from aliyun: https://maven.aliyun.com/repository/public/org/apache/maven/doxia/doxia/1.0/doxia-1.0.pom
#18 14.38 [INFO] Downloaded from aliyun: https://maven.aliyun.com/repository/public/org/apache/maven/doxia/doxia/1.0/doxia-1.0.pom (9.6 kB at 284 kB/s)
#18 14.38 [INFO] Downloading from aliyun: https://maven.aliyun.com/repository/public/org/apache/maven/maven-parent/10/maven-parent-10.pom
#18 14.41 [INFO] Downloaded from aliyun: https://maven.aliyun.com/repository/public/org/apache/maven/maven-parent/10/maven-parent-10.pom (32 kB at 989 kB/s)
#18 14.42 [INFO] Downloading from aliyun: https://maven.aliyun.com/repository/public/org/apache/maven/reporting/maven-reporting-impl/2.0.5/maven-reporting-impl-2.0.5.pom
#18 14.45 [INFO] Downloaded from aliyun: https://maven.aliyun.com/repository/public/org/apache/maven/reporting/maven-reporting-impl/2.0.5/maven-reporting-impl-2.0.5.pom (4.2 kB at 136 kB/s)
#18 14.45 [INFO] Downloading from aliyun: https://maven.aliyun.com/repository/public/org/apache/maven/maven-project/2.0.6/maven-project-2.0.6.pom
#18 14.48 [INFO] Downloaded from aliyun: https://maven.aliyun.com/repository/public/org/apache/maven/maven-project/2.0.6/maven-project-2.0.6.pom (2.6 kB at 85 kB/s)
#18 14.48 [INFO] Downloading from aliyun: https://maven.aliyun.com/repository/public/org/apache/maven/maven/2.0.6/maven-2.0.6.pom
#18 14.51 [INFO] Downloaded from aliyun: https://maven.aliyun.com/repository/public/org/apache/maven/maven/2.0.6/maven-2.0.6.pom (9.0 kB at 292 kB/s)
#18 14.52 [INFO] Downloading from aliyun: https://maven.aliyun.com/repository/public/org/apache/maven/maven-parent/5/maven-parent-5.pom
#18 14.55 [INFO] Downloaded from aliyun: https://maven.aliyun.com/repository/public/org/apache/maven/maven-parent/5/maven-parent-5.pom (15 kB at 492 kB/s)
#18 14.55 [INFO] Downloading from aliyun: https://maven.aliyun.com/repository/public/org/apache/apache/3/apache-3.pom
#18 14.58 [INFO] Downloaded from aliyun: https://maven.aliyun.com/repository/public/org/apache/apache/3/apache-3.pom (3.4 kB at 111 kB/s)
#18 14.58 [INFO] Downloading from aliyun: https://maven.aliyun.com/repository/public/org/apache/maven/maven-settings/2.0.6/maven-settings-2.0.6.pom
#18 14.62 [INFO] Downloaded from aliyun: https://maven.aliyun.com/repository/public/org/apache/maven/maven-settings/2.0.6/maven-settings-2.0.6.pom (2.0 kB at 67 kB/s)
#18 14.62 [INFO] Downloading from aliyun: https://maven.aliyun.com/repository/public/org/apache/maven/maven-model/2.0.6/maven-model-2.0.6.pom
#18 14.67 [INFO] Downloaded from aliyun: https://maven.aliyun.com/repository/public/org/apache/maven/maven-model/2.0.6/maven-model-2.0.6.pom (3.0 kB at 62 kB/s)
#18 14.67 [INFO] Downloading from aliyun: https://maven.aliyun.com/repository/public/org/codehaus/plexus/plexus-utils/1.4.1/plexus-utils-1.4.1.pom
#18 14.70 [INFO] Downloaded from aliyun: https://maven.aliyun.com/repository/public/org/codehaus/plexus/plexus-utils/1.4.1/plexus-utils-1.4.1.pom (1.9 kB at 62 kB/s)
#18 14.71 [INFO] Downloading from aliyun: https://maven.aliyun.com/repository/public/org/apache/maven/maven-profile/2.0.6/maven-profile-2.0.6.pom
#18 14.74 [INFO] Downloaded from aliyun: https://maven.aliyun.com/repository/public/org/apache/maven/maven-profile/2.0.6/maven-profile-2.0.6.pom (2.0 kB at 66 kB/s)
#18 14.74 [INFO] Downloading from aliyun: https://maven.aliyun.com/repository/public/org/apache/maven/maven-artifact-manager/2.0.6/maven-artifact-manager-2.0.6.pom
#18 14.77 [INFO] Downloaded from aliyun: https://maven.aliyun.com/repository/public/org/apache/maven/maven-artifact-manager/2.0.6/maven-artifact-manager-2.0.6.pom (2.6 kB at 85 kB/s)
#18 14.77 [INFO] Downloading from aliyun: https://maven.aliyun.com/repository/public/org/apache/maven/maven-repository-metadata/2.0.6/maven-repository-metadata-2.0.6.pom
#18 14.81 [INFO] Downloaded from aliyun: https://maven.aliyun.com/repository/public/org/apache/maven/maven-repository-metadata/2.0.6/maven-repository-metadata-2.0.6.pom (1.9 kB at 58 kB/s)
#18 14.81 [INFO] Downloading from aliyun: https://maven.aliyun.com/repository/public/org/apache/maven/maven-artifact/2.0.6/maven-artifact-2.0.6.pom
#18 14.84 [INFO] Downloaded from aliyun: https://maven.aliyun.com/repository/public/org/apache/maven/maven-artifact/2.0.6/maven-artifact-2.0.6.pom (1.6 kB at 51 kB/s)
#18 14.84 [INFO] Downloading from aliyun: https://maven.aliyun.com/repository/public/org/apache/maven/maven-plugin-registry/2.0.6/maven-plugin-registry-2.0.6.pom
#18 14.88 [INFO] Downloaded from aliyun: https://maven.aliyun.com/repository/public/org/apache/maven/maven-plugin-registry/2.0.6/maven-plugin-registry-2.0.6.pom (1.9 kB at 63 kB/s)
#18 14.88 [INFO] Downloading from aliyun: https://maven.aliyun.com/repository/public/org/apache/maven/maven-plugin-api/2.0.6/maven-plugin-api-2.0.6.pom
#18 14.91 [INFO] Downloaded from aliyun: https://maven.aliyun.com/repository/public/org/apache/maven/maven-plugin-api/2.0.6/maven-plugin-api-2.0.6.pom (1.5 kB at 47 kB/s)
#18 14.91 [INFO] Downloading from aliyun: https://maven.aliyun.com/repository/public/org/apache/maven/doxia/doxia-core/1.0/doxia-core-1.0.pom
#18 14.95 [INFO] Downloaded from aliyun: https://maven.aliyun.com/repository/public/org/apache/maven/doxia/doxia-core/1.0/doxia-core-1.0.pom (2.4 kB at 73 kB/s)
#18 14.95 [INFO] Downloading from aliyun: https://maven.aliyun.com/repository/public/org/codehaus/plexus/plexus-utils/1.5.7/plexus-utils-1.5.7.pom
#18 14.98 [INFO] Downloaded from aliyun: https://maven.aliyun.com/repository/public/org/codehaus/plexus/plexus-utils/1.5.7/plexus-utils-1.5.7.pom (8.1 kB at 252 kB/s)
#18 14.99 [INFO] Downloading from aliyun: https://maven.aliyun.com/repository/public/org/codehaus/plexus/plexus/2.0.2/plexus-2.0.2.pom
#18 15.02 [INFO] Downloaded from aliyun: https://maven.aliyun.com/repository/public/org/codehaus/plexus/plexus/2.0.2/plexus-2.0.2.pom (12 kB at 341 kB/s)
#18 15.02 [INFO] Downloading from aliyun: https://maven.aliyun.com/repository/public/org/codehaus/plexus/plexus-container-default/1.0-alpha-30/plexus-container-default-1.0-alpha-30.pom
#18 15.05 [INFO] Downloaded from aliyun: https://maven.aliyun.com/repository/public/org/codehaus/plexus/plexus-container-default/1.0-alpha-30/plexus-container-default-1.0-alpha-30.pom (3.5 kB at 116 kB/s)
#18 15.06 [INFO] Downloading from aliyun: https://maven.aliyun.com/repository/public/org/codehaus/plexus/plexus-containers/1.0-alpha-30/plexus-containers-1.0-alpha-30.pom
#18 15.09 [INFO] Downloaded from aliyun: https://maven.aliyun.com/repository/public/org/codehaus/plexus/plexus-containers/1.0-alpha-30/plexus-containers-1.0-alpha-30.pom (1.9 kB at 61 kB/s)
#18 15.09 [INFO] Downloading from aliyun: https://maven.aliyun.com/repository/public/org/codehaus/plexus/plexus-utils/1.4.5/plexus-utils-1.4.5.pom
#18 15.12 [INFO] Downloaded from aliyun: https://maven.aliyun.com/repository/public/org/codehaus/plexus/plexus-utils/1.4.5/plexus-utils-1.4.5.pom (2.3 kB at 69 kB/s)
#18 15.13 [INFO] Downloading from aliyun: https://maven.aliyun.com/repository/public/org/codehaus/plexus/plexus-classworlds/1.2-alpha-9/plexus-classworlds-1.2-alpha-9.pom
#18 15.16 [INFO] Downloaded from aliyun: https://maven.aliyun.com/repository/public/org/codehaus/plexus/plexus-classworlds/1.2-alpha-9/plexus-classworlds-1.2-alpha-9.pom (3.2 kB at 98 kB/s)
#18 15.16 [INFO] Downloading from aliyun: https://maven.aliyun.com/repository/public/org/codehaus/plexus/plexus/1.0.10/plexus-1.0.10.pom
#18 15.20 [INFO] Downloaded from aliyun: https://maven.aliyun.com/repository/public/org/codehaus/plexus/plexus/1.0.10/plexus-1.0.10.pom (8.2 kB at 258 kB/s)
#18 15.20 [INFO] Downloading from aliyun: https://maven.aliyun.com/repository/public/org/apache/maven/doxia/doxia-site-renderer/1.0/doxia-site-renderer-1.0.pom
#18 15.23 [INFO] Downloaded from aliyun: https://maven.aliyun.com/repository/public/org/apache/maven/doxia/doxia-site-renderer/1.0/doxia-site-renderer-1.0.pom (4.4 kB at 143 kB/s)
#18 15.23 [INFO] Downloading from aliyun: https://maven.aliyun.com/repository/public/org/apache/maven/doxia/doxia-sitetools/1.0/doxia-sitetools-1.0.pom
#18 15.27 [INFO] Downloaded from aliyun: https://maven.aliyun.com/repository/public/org/apache/maven/doxia/doxia-sitetools/1.0/doxia-sitetools-1.0.pom (9.6 kB at 300 kB/s)
#18 15.27 [INFO] Downloading from aliyun: https://maven.aliyun.com/repository/public/org/apache/maven/maven-parent/11/maven-parent-11.pom
#18 15.30 [INFO] Downloaded from aliyun: https://maven.aliyun.com/repository/public/org/apache/maven/maven-parent/11/maven-parent-11.pom (32 kB at 1.0 MB/s)
#18 15.30 [INFO] Downloading from aliyun: https://maven.aliyun.com/repository/public/org/apache/apache/5/apache-5.pom
#18 15.33 [INFO] Downloaded from aliyun: https://maven.aliyun.com/repository/public/org/apache/apache/5/apache-5.pom (4.1 kB at 132 kB/s)
#18 15.34 [INFO] Downloading from aliyun: https://maven.aliyun.com/repository/public/org/codehaus/plexus/plexus-i18n/1.0-beta-7/plexus-i18n-1.0-beta-7.pom
#18 15.37 [INFO] Downloaded from aliyun: https://maven.aliyun.com/repository/public/org/codehaus/plexus/plexus-i18n/1.0-beta-7/plexus-i18n-1.0-beta-7.pom (1.1 kB at 34 kB/s)
#18 15.37 [INFO] Downloading from aliyun: https://maven.aliyun.com/repository/public/org/codehaus/plexus/plexus-components/1.1.12/plexus-components-1.1.12.pom
#18 15.40 [INFO] Downloaded from aliyun: https://maven.aliyun.com/repository/public/org/codehaus/plexus/plexus-components/1.1.12/plexus-components-1.1.12.pom (3.0 kB at 97 kB/s)
#18 15.41 [INFO] Downloading from aliyun: https://maven.aliyun.com/repository/public/org/codehaus/plexus/plexus-velocity/1.1.7/plexus-velocity-1.1.7.pom
#18 15.44 [INFO] Downloaded from aliyun: https://maven.aliyun.com/repository/public/org/codehaus/plexus/plexus-velocity/1.1.7/plexus-velocity-1.1.7.pom (2.0 kB at 63 kB/s)
#18 15.44 [INFO] Downloading from aliyun: https://maven.aliyun.com/repository/public/org/codehaus/plexus/plexus-container-default/1.0-alpha-20/plexus-container-default-1.0-alpha-20.pom
#18 15.47 [INFO] Downloaded from aliyun: https://maven.aliyun.com/repository/public/org/codehaus/plexus/plexus-container-default/1.0-alpha-20/plexus-container-default-1.0-alpha-20.pom (3.0 kB at 96 kB/s)
#18 15.47 [INFO] Downloading from aliyun: https://maven.aliyun.com/repository/public/org/codehaus/plexus/plexus-containers/1.0-alpha-20/plexus-containers-1.0-alpha-20.pom
#18 15.51 [INFO] Downloaded from aliyun: https://maven.aliyun.com/repository/public/org/codehaus/plexus/plexus-containers/1.0-alpha-20/plexus-containers-1.0-alpha-20.pom (1.9 kB at 61 kB/s)
#18 15.51 [INFO] Downloading from aliyun: https://maven.aliyun.com/repository/public/org/codehaus/plexus/plexus-utils/1.3/plexus-utils-1.3.pom
#18 15.54 [INFO] Downloaded from aliyun: https://maven.aliyun.com/repository/public/org/codehaus/plexus/plexus-utils/1.3/plexus-utils-1.3.pom (1.0 kB at 33 kB/s)
#18 15.54 [INFO] Downloading from aliyun: https://maven.aliyun.com/repository/public/org/codehaus/plexus/plexus/1.0.8/plexus-1.0.8.pom
#18 15.57 [INFO] Downloaded from aliyun: https://maven.aliyun.com/repository/public/org/codehaus/plexus/plexus/1.0.8/plexus-1.0.8.pom (7.2 kB at 233 kB/s)
#18 15.57 [INFO] Downloading from aliyun: https://maven.aliyun.com/repository/public/org/codehaus/plexus/plexus-classworlds/1.2-alpha-7/plexus-classworlds-1.2-alpha-7.pom
#18 15.61 [INFO] Downloaded from aliyun: https://maven.aliyun.com/repository/public/org/codehaus/plexus/plexus-classworlds/1.2-alpha-7/plexus-classworlds-1.2-alpha-7.pom (2.4 kB at 79 kB/s)
#18 15.61 [INFO] Downloading from aliyun: https://maven.aliyun.com/repository/public/org/codehaus/plexus/plexus/1.0.9/plexus-1.0.9.pom
#18 15.64 [INFO] Downloaded from aliyun: https://maven.aliyun.com/repository/public/org/codehaus/plexus/plexus/1.0.9/plexus-1.0.9.pom (7.7 kB at 240 kB/s)
#18 15.64 [INFO] Downloading from aliyun: https://maven.aliyun.com/repository/public/org/apache/velocity/velocity/1.5/velocity-1.5.pom
#18 15.67 [INFO] Downloaded from aliyun: https://maven.aliyun.com/repository/public/org/apache/velocity/velocity/1.5/velocity-1.5.pom (7.8 kB at 243 kB/s)
#18 15.68 [INFO] Downloading from aliyun: https://maven.aliyun.com/repository/public/commons-collections/commons-collections/3.1/commons-collections-3.1.pom
#18 15.71 [INFO] Downloaded from aliyun: https://maven.aliyun.com/repository/public/commons-collections/commons-collections/3.1/commons-collections-3.1.pom (6.1 kB at 184 kB/s)
#18 15.71 [INFO] Downloading from aliyun: https://maven.aliyun.com/repository/public/commons-lang/commons-lang/2.1/commons-lang-2.1.pom
#18 15.74 [INFO] Downloaded from aliyun: https://maven.aliyun.com/repository/public/commons-lang/commons-lang/2.1/commons-lang-2.1.pom (9.9 kB at 320 kB/s)
#18 15.75 [INFO] Downloading from aliyun: https://maven.aliyun.com/repository/public/oro/oro/2.0.8/oro-2.0.8.pom
#18 15.78 [INFO] Downloaded from aliyun: https://maven.aliyun.com/repository/public/oro/oro/2.0.8/oro-2.0.8.pom (140 B at 4.5 kB/s)
#18 15.78 [INFO] Downloading from aliyun: https://maven.aliyun.com/repository/public/org/apache/maven/doxia/doxia-decoration-model/1.0/doxia-decoration-model-1.0.pom
#18 15.81 [INFO] Downloaded from aliyun: https://maven.aliyun.com/repository/public/org/apache/maven/doxia/doxia-decoration-model/1.0/doxia-decoration-model-1.0.pom (3.2 kB at 102 kB/s)
#18 15.82 [INFO] Downloading from aliyun: https://maven.aliyun.com/repository/public/commons-collections/commons-collections/3.2/commons-collections-3.2.pom
#18 15.85 [INFO] Downloaded from aliyun: https://maven.aliyun.com/repository/public/commons-collections/commons-collections/3.2/commons-collections-3.2.pom (11 kB at 356 kB/s)
#18 15.85 [INFO] Downloading from aliyun: https://maven.aliyun.com/repository/public/org/apache/maven/doxia/doxia-module-apt/1.0/doxia-module-apt-1.0.pom
#18 15.89 [INFO] Downloaded from aliyun: https://maven.aliyun.com/repository/public/org/apache/maven/doxia/doxia-module-apt/1.0/doxia-module-apt-1.0.pom (2.3 kB at 52 kB/s)
#18 15.90 [INFO] Downloading from aliyun: https://maven.aliyun.com/repository/public/org/apache/maven/doxia/doxia-modules/1.0/doxia-modules-1.0.pom
#18 15.93 [INFO] Downloaded from aliyun: https://maven.aliyun.com/repository/public/org/apache/maven/doxia/doxia-modules/1.0/doxia-modules-1.0.pom (2.4 kB at 77 kB/s)
#18 15.93 [INFO] Downloading from aliyun: https://maven.aliyun.com/repository/public/org/apache/maven/doxia/doxia-module-fml/1.0/doxia-module-fml-1.0.pom
#18 15.96 [INFO] Downloaded from aliyun: https://maven.aliyun.com/repository/public/org/apache/maven/doxia/doxia-module-fml/1.0/doxia-module-fml-1.0.pom (2.7 kB at 87 kB/s)
#18 15.97 [INFO] Downloading from aliyun: https://maven.aliyun.com/repository/public/org/apache/maven/doxia/doxia-module-xdoc/1.0/doxia-module-xdoc-1.0.pom
#18 16.00 [INFO] Downloaded from aliyun: https://maven.aliyun.com/repository/public/org/apache/maven/doxia/doxia-module-xdoc/1.0/doxia-module-xdoc-1.0.pom (2.2 kB at 72 kB/s)
#18 16.00 [INFO] Downloading from aliyun: https://maven.aliyun.com/repository/public/org/apache/maven/doxia/doxia-module-xhtml/1.0/doxia-module-xhtml-1.0.pom
#18 16.03 [INFO] Downloaded from aliyun: https://maven.aliyun.com/repository/public/org/apache/maven/doxia/doxia-module-xhtml/1.0/doxia-module-xhtml-1.0.pom (1.6 kB at 52 kB/s)
#18 16.04 [INFO] Downloading from aliyun: https://maven.aliyun.com/repository/public/org/apache/maven/shared/maven-doxia-tools/1.0.2/maven-doxia-tools-1.0.2.pom
#18 16.27 [INFO] Downloaded from aliyun: https://maven.aliyun.com/repository/public/org/apache/maven/shared/maven-doxia-tools/1.0.2/maven-doxia-tools-1.0.2.pom (5.9 kB at 25 kB/s)
#18 16.27 [INFO] Downloading from aliyun: https://maven.aliyun.com/repository/public/org/apache/maven/shared/maven-shared-components/11/maven-shared-components-11.pom
#18 16.31 [INFO] Downloaded from aliyun: https://maven.aliyun.com/repository/public/org/apache/maven/shared/maven-shared-components/11/maven-shared-components-11.pom (8.3 kB at 245 kB/s)
#18 16.31 [INFO] Downloading from aliyun: https://maven.aliyun.com/repository/public/commons-io/commons-io/1.4/commons-io-1.4.pom
#18 16.35 [INFO] Downloaded from aliyun: https://maven.aliyun.com/repository/public/commons-io/commons-io/1.4/commons-io-1.4.pom (13 kB at 366 kB/s)
#18 16.35 [INFO] Downloading from aliyun: https://maven.aliyun.com/repository/public/org/apache/commons/commons-parent/7/commons-parent-7.pom
#18 16.38 [INFO] Downloaded from aliyun: https://maven.aliyun.com/repository/public/org/apache/commons/commons-parent/7/commons-parent-7.pom (17 kB at 530 kB/s)
#18 16.39 [INFO] Downloading from aliyun: https://maven.aliyun.com/repository/public/org/apache/maven/reporting/maven-reporting-api/2.0.6/maven-reporting-api-2.0.6.pom
#18 16.42 [INFO] Downloaded from aliyun: https://maven.aliyun.com/repository/public/org/apache/maven/reporting/maven-reporting-api/2.0.6/maven-reporting-api-2.0.6.pom (1.8 kB at 55 kB/s)
#18 16.42 [INFO] Downloading from aliyun: https://maven.aliyun.com/repository/public/org/apache/maven/reporting/maven-reporting/2.0.6/maven-reporting-2.0.6.pom
#18 16.46 [INFO] Downloaded from aliyun: https://maven.aliyun.com/repository/public/org/apache/maven/reporting/maven-reporting/2.0.6/maven-reporting-2.0.6.pom (1.4 kB at 44 kB/s)
#18 16.46 [INFO] Downloading from aliyun: https://maven.aliyun.com/repository/public/org/apache/maven/doxia/doxia-sink-api/1.0-alpha-7/doxia-sink-api-1.0-alpha-7.pom
#18 16.49 [INFO] Downloaded from aliyun: https://maven.aliyun.com/repository/public/org/apache/maven/doxia/doxia-sink-api/1.0-alpha-7/doxia-sink-api-1.0-alpha-7.pom (424 B at 14 kB/s)
#18 16.49 [INFO] Downloading from aliyun: https://maven.aliyun.com/repository/public/org/apache/maven/doxia/doxia/1.0-alpha-7/doxia-1.0-alpha-7.pom
#18 16.53 [INFO] Downloaded from aliyun: https://maven.aliyun.com/repository/public/org/apache/maven/doxia/doxia/1.0-alpha-7/doxia-1.0-alpha-7.pom (3.9 kB at 109 kB/s)
#18 16.53 [INFO] Downloading from aliyun: https://maven.aliyun.com/repository/public/org/codehaus/plexus/plexus-container-default/1.0-alpha-9/plexus-container-default-1.0-alpha-9.pom
#18 16.56 [INFO] Downloaded from aliyun: https://maven.aliyun.com/repository/public/org/codehaus/plexus/plexus-container-default/1.0-alpha-9/plexus-container-default-1.0-alpha-9.pom (1.2 kB at 36 kB/s)
#18 16.57 [INFO] Downloading from aliyun: https://maven.aliyun.com/repository/public/commons-validator/commons-validator/1.2.0/commons-validator-1.2.0.pom
#18 16.81 [INFO] Downloaded from aliyun: https://maven.aliyun.com/repository/public/commons-validator/commons-validator/1.2.0/commons-validator-1.2.0.pom (9.1 kB at 38 kB/s)
#18 16.81 [INFO] Downloading from aliyun: https://maven.aliyun.com/repository/public/commons-beanutils/commons-beanutils/1.7.0/commons-beanutils-1.7.0.pom
#18 16.85 [INFO] Downloaded from aliyun: https://maven.aliyun.com/repository/public/commons-beanutils/commons-beanutils/1.7.0/commons-beanutils-1.7.0.pom (357 B at 11 kB/s)
#18 16.85 [INFO] Downloading from aliyun: https://maven.aliyun.com/repository/public/commons-logging/commons-logging/1.0.3/commons-logging-1.0.3.pom
#18 16.88 [INFO] Downloaded from aliyun: https://maven.aliyun.com/repository/public/commons-logging/commons-logging/1.0.3/commons-logging-1.0.3.pom (866 B at 27 kB/s)
#18 16.88 [INFO] Downloading from aliyun: https://maven.aliyun.com/repository/public/commons-digester/commons-digester/1.6/commons-digester-1.6.pom
#18 16.91 [INFO] Downloaded from aliyun: https://maven.aliyun.com/repository/public/commons-digester/commons-digester/1.6/commons-digester-1.6.pom (974 B at 32 kB/s)
#18 16.92 [INFO] Downloading from aliyun: https://maven.aliyun.com/repository/public/commons-beanutils/commons-beanutils/1.6/commons-beanutils-1.6.pom
#18 16.95 [INFO] Downloaded from aliyun: https://maven.aliyun.com/repository/public/commons-beanutils/commons-beanutils/1.6/commons-beanutils-1.6.pom (2.3 kB at 70 kB/s)
#18 16.95 [INFO] Downloading from aliyun: https://maven.aliyun.com/repository/public/commons-logging/commons-logging/1.0/commons-logging-1.0.pom
#18 16.98 [INFO] Downloaded from aliyun: https://maven.aliyun.com/repository/public/commons-logging/commons-logging/1.0/commons-logging-1.0.pom (163 B at 5.3 kB/s)
#18 16.99 [INFO] Downloading from aliyun: https://maven.aliyun.com/repository/public/commons-collections/commons-collections/2.0/commons-collections-2.0.pom
#18 17.23 [INFO] Downloaded from aliyun: https://maven.aliyun.com/repository/public/commons-collections/commons-collections/2.0/commons-collections-2.0.pom (171 B at 703 B/s)
#18 17.23 [INFO] Downloading from aliyun: https://maven.aliyun.com/repository/public/commons-collections/commons-collections/2.1/commons-collections-2.1.pom
#18 17.26 [INFO] Downloaded from aliyun: https://maven.aliyun.com/repository/public/commons-collections/commons-collections/2.1/commons-collections-2.1.pom (3.3 kB at 108 kB/s)
#18 17.27 [INFO] Downloading from aliyun: https://maven.aliyun.com/repository/public/xml-apis/xml-apis/1.0.b2/xml-apis-1.0.b2.pom
#18 17.30 [INFO] Downloaded from aliyun: https://maven.aliyun.com/repository/public/xml-apis/xml-apis/1.0.b2/xml-apis-1.0.b2.pom (2.2 kB at 68 kB/s)
#18 17.30 [INFO] Downloading from aliyun: https://maven.aliyun.com/repository/public/commons-logging/commons-logging/1.0.4/commons-logging-1.0.4.pom
#18 17.33 [INFO] Downloaded from aliyun: https://maven.aliyun.com/repository/public/commons-logging/commons-logging/1.0.4/commons-logging-1.0.4.pom (5.3 kB at 164 kB/s)
#18 17.34 [INFO] Downloading from aliyun: https://maven.aliyun.com/repository/public/xml-apis/xml-apis/2.0.2/xml-apis-2.0.2.pom
#18 17.57 [INFO] Downloaded from aliyun: https://maven.aliyun.com/repository/public/xml-apis/xml-apis/2.0.2/xml-apis-2.0.2.pom (346 B at 1.5 kB/s)
#18 17.59 [INFO] Downloading from aliyun: https://maven.aliyun.com/repository/public/org/codehaus/plexus/plexus-utils/1.5.8/plexus-utils-1.5.8.pom
#18 17.62 [INFO] Downloaded from aliyun: https://maven.aliyun.com/repository/public/org/codehaus/plexus/plexus-utils/1.5.8/plexus-utils-1.5.8.pom (8.1 kB at 230 kB/s)
#18 17.63 [INFO] Downloading from aliyun: https://maven.aliyun.com/repository/public/org/codehaus/plexus/plexus-archiver/2.3/plexus-archiver-2.3.pom
#18 17.66 [INFO] Downloaded from aliyun: https://maven.aliyun.com/repository/public/org/codehaus/plexus/plexus-archiver/2.3/plexus-archiver-2.3.pom (3.4 kB at 99 kB/s)
#18 17.67 [INFO] Downloading from aliyun: https://maven.aliyun.com/repository/public/org/codehaus/plexus/plexus-components/1.3/plexus-components-1.3.pom
#18 17.92 [INFO] Downloaded from aliyun: https://maven.aliyun.com/repository/public/org/codehaus/plexus/plexus-components/1.3/plexus-components-1.3.pom (3.1 kB at 12 kB/s)
#18 17.92 [INFO] Downloading from aliyun: https://maven.aliyun.com/repository/public/org/codehaus/plexus/plexus/3.3/plexus-3.3.pom
#18 17.96 [INFO] Downloaded from aliyun: https://maven.aliyun.com/repository/public/org/codehaus/plexus/plexus/3.3/plexus-3.3.pom (20 kB at 553 kB/s)
#18 17.97 [INFO] Downloading from aliyun: https://maven.aliyun.com/repository/public/org/sonatype/spice/spice-parent/17/spice-parent-17.pom
#18 18.00 [INFO] Downloaded from aliyun: https://maven.aliyun.com/repository/public/org/sonatype/spice/spice-parent/17/spice-parent-17.pom (6.8 kB at 183 kB/s)
#18 18.01 [INFO] Downloading from aliyun: https://maven.aliyun.com/repository/public/org/sonatype/forge/forge-parent/10/forge-parent-10.pom
#18 18.04 [INFO] Downloaded from aliyun: https://maven.aliyun.com/repository/public/org/sonatype/forge/forge-parent/10/forge-parent-10.pom (14 kB at 377 kB/s)
#18 18.05 [INFO] Downloading from aliyun: https://maven.aliyun.com/repository/public/org/codehaus/plexus/plexus-utils/3.0.10/plexus-utils-3.0.10.pom
#18 18.09 [INFO] Downloaded from aliyun: https://maven.aliyun.com/repository/public/org/codehaus/plexus/plexus-utils/3.0.10/plexus-utils-3.0.10.pom (3.1 kB at 81 kB/s)
#18 18.10 [INFO] Downloading from aliyun: https://maven.aliyun.com/repository/public/org/codehaus/plexus/plexus-io/2.0.6/plexus-io-2.0.6.pom
#18 18.13 [INFO] Downloaded from aliyun: https://maven.aliyun.com/repository/public/org/codehaus/plexus/plexus-io/2.0.6/plexus-io-2.0.6.pom (2.2 kB at 65 kB/s)
#18 18.14 [INFO] Downloading from aliyun: https://maven.aliyun.com/repository/public/org/codehaus/plexus/plexus-components/1.2/plexus-components-1.2.pom
#18 18.17 [INFO] Downloaded from aliyun: https://maven.aliyun.com/repository/public/org/codehaus/plexus/plexus-components/1.2/plexus-components-1.2.pom (3.1 kB at 96 kB/s)
#18 18.17 [INFO] Downloading from aliyun: https://maven.aliyun.com/repository/public/org/codehaus/plexus/plexus/3.2/plexus-3.2.pom
#18 18.20 [INFO] Downloaded from aliyun: https://maven.aliyun.com/repository/public/org/codehaus/plexus/plexus/3.2/plexus-3.2.pom (19 kB at 568 kB/s)
#18 18.21 [INFO] Downloading from aliyun: https://maven.aliyun.com/repository/public/org/codehaus/plexus/plexus-utils/3.0.8/plexus-utils-3.0.8.pom
#18 18.25 [INFO] Downloaded from aliyun: https://maven.aliyun.com/repository/public/org/codehaus/plexus/plexus-utils/3.0.8/plexus-utils-3.0.8.pom (3.1 kB at 92 kB/s)
#18 18.25 [INFO] Downloading from aliyun: https://maven.aliyun.com/repository/public/org/codehaus/plexus/plexus-utils/3.0.9/plexus-utils-3.0.9.pom
#18 18.29 [INFO] Downloaded from aliyun: https://maven.aliyun.com/repository/public/org/codehaus/plexus/plexus-utils/3.0.9/plexus-utils-3.0.9.pom (3.1 kB at 95 kB/s)
#18 18.29 [INFO] Downloading from aliyun: https://maven.aliyun.com/repository/public/org/apache/maven/shared/file-management/1.2.1/file-management-1.2.1.pom
#18 18.33 [INFO] Downloaded from aliyun: https://maven.aliyun.com/repository/public/org/apache/maven/shared/file-management/1.2.1/file-management-1.2.1.pom (3.9 kB at 105 kB/s)
#18 18.33 [INFO] Downloading from aliyun: https://maven.aliyun.com/repository/public/org/apache/maven/shared/maven-shared-components/10/maven-shared-components-10.pom
#18 18.56 [INFO] Downloaded from aliyun: https://maven.aliyun.com/repository/public/org/apache/maven/shared/maven-shared-components/10/maven-shared-components-10.pom (8.4 kB at 37 kB/s)
#18 18.57 [INFO] Downloading from aliyun: https://maven.aliyun.com/repository/public/org/apache/maven/shared/maven-shared-io/1.1/maven-shared-io-1.1.pom
#18 18.60 [INFO] Downloaded from aliyun: https://maven.aliyun.com/repository/public/org/apache/maven/shared/maven-shared-io/1.1/maven-shared-io-1.1.pom (4.1 kB at 119 kB/s)
#18 18.61 [INFO] Downloading from aliyun: https://maven.aliyun.com/repository/public/org/apache/maven/shared/maven-shared-components/8/maven-shared-components-8.pom
#18 18.64 [INFO] Downloaded from aliyun: https://maven.aliyun.com/repository/public/org/apache/maven/shared/maven-shared-components/8/maven-shared-components-8.pom (2.7 kB at 76 kB/s)
#18 18.65 [INFO] Downloading from aliyun: https://maven.aliyun.com/repository/public/org/apache/maven/maven-parent/7/maven-parent-7.pom
#18 18.68 [INFO] Downloaded from aliyun: https://maven.aliyun.com/repository/public/org/apache/maven/maven-parent/7/maven-parent-7.pom (21 kB at 625 kB/s)
#18 18.69 [INFO] Downloading from aliyun: https://maven.aliyun.com/repository/public/org/apache/maven/maven-artifact/2.0.2/maven-artifact-2.0.2.pom
#18 18.92 [INFO] Downloaded from aliyun: https://maven.aliyun.com/repository/public/org/apache/maven/maven-artifact/2.0.2/maven-artifact-2.0.2.pom (765 B at 3.3 kB/s)
#18 18.92 [INFO] Downloading from aliyun: https://maven.aliyun.com/repository/public/org/apache/maven/maven/2.0.2/maven-2.0.2.pom
#18 18.95 [INFO] Downloaded from aliyun: https://maven.aliyun.com/repository/public/org/apache/maven/maven/2.0.2/maven-2.0.2.pom (13 kB at 376 kB/s)
#18 18.96 [INFO] Downloading from aliyun: https://maven.aliyun.com/repository/public/org/codehaus/plexus/plexus-utils/1.1/plexus-utils-1.1.pom
#18 19.00 [INFO] Downloaded from aliyun: https://maven.aliyun.com/repository/public/org/codehaus/plexus/plexus-utils/1.1/plexus-utils-1.1.pom (767 B at 23 kB/s)
#18 19.00 [INFO] Downloading from aliyun: https://maven.aliyun.com/repository/public/org/apache/maven/maven-artifact-manager/2.0.2/maven-artifact-manager-2.0.2.pom
#18 19.04 [INFO] Downloaded from aliyun: https://maven.aliyun.com/repository/public/org/apache/maven/maven-artifact-manager/2.0.2/maven-artifact-manager-2.0.2.pom (1.4 kB at 40 kB/s)
#18 19.04 [INFO] Downloading from aliyun: https://maven.aliyun.com/repository/public/org/apache/maven/maven-repository-metadata/2.0.2/maven-repository-metadata-2.0.2.pom
#18 19.08 [INFO] Downloaded from aliyun: https://maven.aliyun.com/repository/public/org/apache/maven/maven-repository-metadata/2.0.2/maven-repository-metadata-2.0.2.pom (1.3 kB at 38 kB/s)
#18 19.08 [INFO] Downloading from aliyun: https://maven.aliyun.com/repository/public/org/apache/maven/wagon/wagon-provider-api/1.0-alpha-6/wagon-provider-api-1.0-alpha-6.pom
#18 19.12 [INFO] Downloaded from aliyun: https://maven.aliyun.com/repository/public/org/apache/maven/wagon/wagon-provider-api/1.0-alpha-6/wagon-provider-api-1.0-alpha-6.pom (588 B at 17 kB/s)
#18 19.12 [INFO] Downloading from aliyun: https://maven.aliyun.com/repository/public/org/apache/maven/wagon/wagon/1.0-alpha-6/wagon-1.0-alpha-6.pom
#18 19.37 [INFO] Downloaded from aliyun: https://maven.aliyun.com/repository/public/org/apache/maven/wagon/wagon/1.0-alpha-6/wagon-1.0-alpha-6.pom (6.4 kB at 26 kB/s)
#18 19.38 [INFO] Downloading from aliyun: https://maven.aliyun.com/repository/public/org/codehaus/plexus/plexus-utils/1.4.6/plexus-utils-1.4.6.pom
#18 19.41 [INFO] Downloaded from aliyun: https://maven.aliyun.com/repository/public/org/codehaus/plexus/plexus-utils/1.4.6/plexus-utils-1.4.6.pom (2.3 kB at 67 kB/s)
#18 19.42 [INFO] Downloading from aliyun: https://maven.aliyun.com/repository/public/org/codehaus/plexus/plexus-utils/1.5.6/plexus-utils-1.5.6.pom
#18 19.45 [INFO] Downloaded from aliyun: https://maven.aliyun.com/repository/public/org/codehaus/plexus/plexus-utils/1.5.6/plexus-utils-1.5.6.pom (5.3 kB at 161 kB/s)
#18 19.46 [INFO] Downloading from aliyun: https://maven.aliyun.com/repository/public/org/codehaus/plexus/plexus/1.0.12/plexus-1.0.12.pom
#18 19.50 [INFO] Downloaded from aliyun: https://maven.aliyun.com/repository/public/org/codehaus/plexus/plexus/1.0.12/plexus-1.0.12.pom (9.8 kB at 258 kB/s)
#18 19.50 [INFO] Downloading from aliyun: https://maven.aliyun.com/repository/public/org/apache/maven/shared/maven-dependency-analyzer/1.4/maven-dependency-analyzer-1.4.pom
#18 19.54 [INFO] Downloaded from aliyun: https://maven.aliyun.com/repository/public/org/apache/maven/shared/maven-dependency-analyzer/1.4/maven-dependency-analyzer-1.4.pom (5.2 kB at 147 kB/s)
#18 19.54 [INFO] Downloading from aliyun: https://maven.aliyun.com/repository/public/org/apache/maven/shared/maven-shared-components/19/maven-shared-components-19.pom
#18 19.75 [INFO] Downloaded from aliyun: https://maven.aliyun.com/repository/public/org/apache/maven/shared/maven-shared-components/19/maven-shared-components-19.pom (6.4 kB at 31 kB/s)
#18 19.75 [INFO] Downloading from aliyun: https://maven.aliyun.com/repository/public/asm/asm/3.3.1/asm-3.3.1.pom
#18 20.07 [INFO] Downloaded from aliyun: https://maven.aliyun.com/repository/public/asm/asm/3.3.1/asm-3.3.1.pom (266 B at 849 B/s)
#18 20.07 [INFO] Downloading from aliyun: https://maven.aliyun.com/repository/public/asm/asm-parent/3.3.1/asm-parent-3.3.1.pom
#18 20.12 [INFO] Downloaded from aliyun: https://maven.aliyun.com/repository/public/asm/asm-parent/3.3.1/asm-parent-3.3.1.pom (4.3 kB at 94 kB/s)
#18 20.12 [INFO] Downloading from aliyun: https://maven.aliyun.com/repository/public/org/codehaus/plexus/plexus-component-annotations/1.5.5/plexus-component-annotations-1.5.5.pom
#18 20.36 [INFO] Downloaded from aliyun: https://maven.aliyun.com/repository/public/org/codehaus/plexus/plexus-component-annotations/1.5.5/plexus-component-annotations-1.5.5.pom (815 B at 3.5 kB/s)
#18 20.36 [INFO] Downloading from aliyun: https://maven.aliyun.com/repository/public/org/codehaus/plexus/plexus-containers/1.5.5/plexus-containers-1.5.5.pom
#18 20.41 [INFO] Downloaded from aliyun: https://maven.aliyun.com/repository/public/org/codehaus/plexus/plexus-containers/1.5.5/plexus-containers-1.5.5.pom (4.2 kB at 87 kB/s)
#18 20.41 [INFO] Downloading from aliyun: https://maven.aliyun.com/repository/public/org/codehaus/plexus/plexus/2.0.7/plexus-2.0.7.pom
#18 20.64 [INFO] Downloaded from aliyun: https://maven.aliyun.com/repository/public/org/codehaus/plexus/plexus/2.0.7/plexus-2.0.7.pom (17 kB at 74 kB/s)
#18 20.65 [INFO] Downloading from aliyun: https://maven.aliyun.com/repository/public/org/apache/maven/maven-project/2.0.5/maven-project-2.0.5.pom
#18 20.69 [INFO] Downloaded from aliyun: https://maven.aliyun.com/repository/public/org/apache/maven/maven-project/2.0.5/maven-project-2.0.5.pom (1.8 kB at 54 kB/s)
#18 20.69 [INFO] Downloading from aliyun: https://maven.aliyun.com/repository/public/org/apache/maven/maven/2.0.5/maven-2.0.5.pom
#18 20.73 [INFO] Downloaded from aliyun: https://maven.aliyun.com/repository/public/org/apache/maven/maven/2.0.5/maven-2.0.5.pom (5.7 kB at 158 kB/s)
#18 20.73 [INFO] Downloading from aliyun: https://maven.aliyun.com/repository/public/org/apache/maven/maven-settings/2.0.5/maven-settings-2.0.5.pom
#18 20.77 [INFO] Downloaded from aliyun: https://maven.aliyun.com/repository/public/org/apache/maven/maven-settings/2.0.5/maven-settings-2.0.5.pom (1.7 kB at 44 kB/s)
#18 20.78 [INFO] Downloading from aliyun: https://maven.aliyun.com/repository/public/org/apache/maven/maven-model/2.0.5/maven-model-2.0.5.pom
#18 20.81 [INFO] Downloaded from aliyun: https://maven.aliyun.com/repository/public/org/apache/maven/maven-model/2.0.5/maven-model-2.0.5.pom (2.7 kB at 76 kB/s)
#18 20.82 [INFO] Downloading from aliyun: https://maven.aliyun.com/repository/public/org/apache/maven/maven-profile/2.0.5/maven-profile-2.0.5.pom
#18 20.85 [INFO] Downloaded from aliyun: https://maven.aliyun.com/repository/public/org/apache/maven/maven-profile/2.0.5/maven-profile-2.0.5.pom (1.7 kB at 49 kB/s)
#18 20.86 [INFO] Downloading from aliyun: https://maven.aliyun.com/repository/public/org/apache/maven/maven-artifact-manager/2.0.5/maven-artifact-manager-2.0.5.pom
#18 20.90 [INFO] Downloaded from aliyun: https://maven.aliyun.com/repository/public/org/apache/maven/maven-artifact-manager/2.0.5/maven-artifact-manager-2.0.5.pom (1.8 kB at 54 kB/s)
#18 ...

#11 [stage-1 3/5] RUN apt-get update && apt-get install -y --no-install-recommends curl && rm -rf /var/lib/apt/lists/*
#11 11.20 Get:10 http://archive.ubuntu.com/ubuntu noble/main amd64 Packages [1,808 kB]
#11 11.35 Get:11 http://archive.ubuntu.com/ubuntu noble/multiverse amd64 Packages [331 kB]
#11 11.38 Get:12 http://archive.ubuntu.com/ubuntu noble/restricted amd64 Packages [117 kB]
#11 11.39 Get:13 http://archive.ubuntu.com/ubuntu noble-updates/universe amd64 Packages [2,027 kB]
#11 12.00 Get:14 http://archive.ubuntu.com/ubuntu noble-updates/main amd64 Packages [2,287 kB]
#11 12.18 Get:15 http://archive.ubuntu.com/ubuntu noble-updates/multiverse amd64 Packages [38.1 kB]
#11 12.18 Get:16 http://archive.ubuntu.com/ubuntu noble-updates/restricted amd64 Packages [3,486 kB]
#11 12.93 Get:17 http://archive.ubuntu.com/ubuntu noble-backports/multiverse amd64 Packages [695 B]
#11 12.93 Get:18 http://archive.ubuntu.com/ubuntu noble-backports/universe amd64 Packages [40.6 kB]
#11 12.94 Get:19 http://archive.ubuntu.com/ubuntu noble-backports/main amd64 Packages [79.5 kB]
#11 13.83 Fetched 36.7 MB in 13s (2,721 kB/s)
#11 13.83 Reading package lists...
#11 15.58 Reading package lists...
#11 17.20 Building dependency tree...
#11 17.46 Reading state information...
#11 17.73 The following additional packages will be installed:
#11 17.73   libcurl4t64
#11 17.79 The following packages will be upgraded:
#11 17.79   curl libcurl4t64
#11 18.44 2 upgraded, 0 newly installed, 0 to remove and 13 not upgraded.
#11 18.44 Need to get 568 kB of archives.
#11 18.44 After this operation, 0 B of additional disk space will be used.
#11 18.44 Get:1 http://archive.ubuntu.com/ubuntu noble-updates/main amd64 curl amd64 8.5.0-2ubuntu10.8 [227 kB]
#11 20.55 Get:2 http://archive.ubuntu.com/ubuntu noble-updates/main amd64 libcurl4t64 amd64 8.5.0-2ubuntu10.8 [342 kB]
#11 21.48 debconf: delaying package configuration, since apt-utils is not installed
#11 ...

#18 [builder  9/11] RUN mvn dependency:go-offline -B -s /root/.m2/settings.xml
#18 20.90 [INFO] Downloading from aliyun: https://maven.aliyun.com/repository/public/org/apache/maven/maven-repository-metadata/2.0.5/maven-repository-metadata-2.0.5.pom
#18 20.93 [INFO] Downloaded from aliyun: https://maven.aliyun.com/repository/public/org/apache/maven/maven-repository-metadata/2.0.5/maven-repository-metadata-2.0.5.pom (1.5 kB at 48 kB/s)
#18 20.94 [INFO] Downloading from aliyun: https://maven.aliyun.com/repository/public/org/apache/maven/maven-artifact/2.0.5/maven-artifact-2.0.5.pom
#18 20.97 [INFO] Downloaded from aliyun: https://maven.aliyun.com/repository/public/org/apache/maven/maven-artifact/2.0.5/maven-artifact-2.0.5.pom (727 B at 23 kB/s)
#18 20.97 [INFO] Downloading from aliyun: https://maven.aliyun.com/repository/public/org/apache/maven/shared/maven-dependency-tree/2.1/maven-dependency-tree-2.1.pom
#18 21.19 [INFO] Downloaded from aliyun: https://maven.aliyun.com/repository/public/org/apache/maven/shared/maven-dependency-tree/2.1/maven-dependency-tree-2.1.pom (6.8 kB at 31 kB/s)
#18 21.20 [INFO] Downloading from aliyun: https://maven.aliyun.com/repository/public/org/apache/maven/maven-project/2.2.0/maven-project-2.2.0.pom
#18 21.23 [INFO] Downloaded from aliyun: https://maven.aliyun.com/repository/public/org/apache/maven/maven-project/2.2.0/maven-project-2.2.0.pom (2.8 kB at 79 kB/s)
#18 21.24 [INFO] Downloading from aliyun: https://maven.aliyun.com/repository/public/org/apache/maven/maven/2.2.0/maven-2.2.0.pom
#18 21.27 [INFO] Downloaded from aliyun: https://maven.aliyun.com/repository/public/org/apache/maven/maven/2.2.0/maven-2.2.0.pom (22 kB at 642 kB/s)
#18 21.28 [INFO] Downloading from aliyun: https://maven.aliyun.com/repository/public/org/apache/maven/maven-settings/2.2.0/maven-settings-2.2.0.pom
#18 21.32 [INFO] Downloaded from aliyun: https://maven.aliyun.com/repository/public/org/apache/maven/maven-settings/2.2.0/maven-settings-2.2.0.pom (2.2 kB at 66 kB/s)
#18 21.32 [INFO] Downloading from aliyun: https://maven.aliyun.com/repository/public/org/apache/maven/maven-model/2.2.0/maven-model-2.2.0.pom
#18 21.36 [INFO] Downloaded from aliyun: https://maven.aliyun.com/repository/public/org/apache/maven/maven-model/2.2.0/maven-model-2.2.0.pom (3.2 kB at 98 kB/s)
#18 21.36 [INFO] Downloading from aliyun: https://maven.aliyun.com/repository/public/org/codehaus/plexus/plexus-utils/1.5.15/plexus-utils-1.5.15.pom
#18 21.40 [INFO] Downloaded from aliyun: https://maven.aliyun.com/repository/public/org/codehaus/plexus/plexus-utils/1.5.15/plexus-utils-1.5.15.pom (6.8 kB at 201 kB/s)
#18 21.40 [INFO] Downloading from aliyun: https://maven.aliyun.com/repository/public/org/codehaus/plexus/plexus-interpolation/1.11/plexus-interpolation-1.11.pom
#18 21.44 [INFO] Downloaded from aliyun: https://maven.aliyun.com/repository/public/org/codehaus/plexus/plexus-interpolation/1.11/plexus-interpolation-1.11.pom (889 B at 28 kB/s)
#18 21.44 [INFO] Downloading from aliyun: https://maven.aliyun.com/repository/public/org/codehaus/plexus/plexus-components/1.1.14/plexus-components-1.1.14.pom
#18 21.47 [INFO] Downloaded from aliyun: https://maven.aliyun.com/repository/public/org/codehaus/plexus/plexus-components/1.1.14/plexus-components-1.1.14.pom (5.8 kB at 172 kB/s)
#18 21.48 [INFO] Downloading from aliyun: https://maven.aliyun.com/repository/public/org/apache/maven/maven-profile/2.2.0/maven-profile-2.2.0.pom
#18 21.52 [INFO] Downloaded from aliyun: https://maven.aliyun.com/repository/public/org/apache/maven/maven-profile/2.2.0/maven-profile-2.2.0.pom (2.2 kB at 48 kB/s)
#18 ...

#11 [stage-1 3/5] RUN apt-get update && apt-get install -y --no-install-recommends curl && rm -rf /var/lib/apt/lists/*
#11 21.52 Fetched 568 kB in 3s (165 kB/s)
#11 21.57 (Reading database ... (Reading database ... 5%(Reading database ... 10%(Reading database ... 15%(Reading database ... 20%(Reading database ... 25%(Reading database ... 30%(Reading database ... 35%(Reading database ... 40%(Reading database ... 45%(Reading database ... 50%(Reading database ... 55%(Reading database ... 60%(Reading database ... 65%(Reading database ... 70%(Reading database ... 75%(Reading database ... 80%(Reading database ... 85%(Reading database ... 90%(Reading database ... 95%(Reading database ... 100%(Reading database ... 6592 files and directories currently installed.)
#11 21.57 Preparing to unpack .../curl_8.5.0-2ubuntu10.8_amd64.deb ...
#11 21.59 Unpacking curl (8.5.0-2ubuntu10.8) over (8.5.0-2ubuntu10.6) ...
#11 21.71 Preparing to unpack .../libcurl4t64_8.5.0-2ubuntu10.8_amd64.deb ...
#11 21.74 Unpacking libcurl4t64:amd64 (8.5.0-2ubuntu10.8) over (8.5.0-2ubuntu10.6) ...
#11 21.85 Setting up libcurl4t64:amd64 (8.5.0-2ubuntu10.8) ...
#11 21.87 Setting up curl (8.5.0-2ubuntu10.8) ...
#11 21.89 Processing triggers for libc-bin (2.39-0ubuntu8.7) ...
#11 DONE 22.0s

#18 [builder  9/11] RUN mvn dependency:go-offline -B -s /root/.m2/settings.xml
#18 21.53 [INFO] Downloading from aliyun: https://maven.aliyun.com/repository/public/org/apache/maven/maven-artifact-manager/2.2.0/maven-artifact-manager-2.2.0.pom
#18 21.57 [INFO] Downloaded from aliyun: https://maven.aliyun.com/repository/public/org/apache/maven/maven-artifact-manager/2.2.0/maven-artifact-manager-2.2.0.pom (3.1 kB at 89 kB/s)
#18 21.57 [INFO] Downloading from aliyun: https://maven.aliyun.com/repository/public/org/apache/maven/maven-repository-metadata/2.2.0/maven-repository-metadata-2.2.0.pom
#18 21.60 [INFO] Downloaded from aliyun: https://maven.aliyun.com/repository/public/org/apache/maven/maven-repository-metadata/2.2.0/maven-repository-metadata-2.2.0.pom (1.9 kB at 57 kB/s)
#18 21.61 [INFO] Downloading from aliyun: https://maven.aliyun.com/repository/public/org/apache/maven/maven-artifact/2.2.0/maven-artifact-2.2.0.pom
#18 21.65 [INFO] Downloaded from aliyun: https://maven.aliyun.com/repository/public/org/apache/maven/maven-artifact/2.2.0/maven-artifact-2.2.0.pom (1.6 kB at 46 kB/s)
#18 21.65 [INFO] Downloading from aliyun: https://maven.aliyun.com/repository/public/backport-util-concurrent/backport-util-concurrent/3.1/backport-util-concurrent-3.1.pom
#18 21.69 [INFO] Downloaded from aliyun: https://maven.aliyun.com/repository/public/backport-util-concurrent/backport-util-concurrent/3.1/backport-util-concurrent-3.1.pom (880 B at 27 kB/s)
#18 21.69 [INFO] Downloading from aliyun: https://maven.aliyun.com/repository/public/org/apache/maven/maven-plugin-registry/2.2.0/maven-plugin-registry-2.2.0.pom
#18 21.73 [INFO] Downloaded from aliyun: https://maven.aliyun.com/repository/public/org/apache/maven/maven-plugin-registry/2.2.0/maven-plugin-registry-2.2.0.pom (1.9 kB at 49 kB/s)
#18 21.74 [INFO] Downloading from aliyun: https://maven.aliyun.com/repository/public/org/eclipse/aether/aether-util/0.9.0.M2/aether-util-0.9.0.M2.pom
#18 21.77 [INFO] Downloaded from aliyun: https://maven.aliyun.com/repository/public/org/eclipse/aether/aether-util/0.9.0.M2/aether-util-0.9.0.M2.pom (2.0 kB at 62 kB/s)
#18 21.77 [INFO] Downloading from aliyun: https://maven.aliyun.com/repository/public/org/eclipse/aether/aether/0.9.0.M2/aether-0.9.0.M2.pom
#18 21.81 [INFO] Downloaded from aliyun: https://maven.aliyun.com/repository/public/org/eclipse/aether/aether/0.9.0.M2/aether-0.9.0.M2.pom (28 kB at 733 kB/s)
#18 21.82 [INFO] Downloading from aliyun: https://maven.aliyun.com/repository/public/org/apache/maven/shared/maven-common-artifact-filters/1.4/maven-common-artifact-filters-1.4.pom
#18 21.85 [INFO] Downloaded from aliyun: https://maven.aliyun.com/repository/public/org/apache/maven/shared/maven-common-artifact-filters/1.4/maven-common-artifact-filters-1.4.pom (3.8 kB at 121 kB/s)
#18 21.85 [INFO] Downloading from aliyun: https://maven.aliyun.com/repository/public/org/apache/maven/shared/maven-shared-components/17/maven-shared-components-17.pom
#18 21.88 [INFO] Downloaded from aliyun: https://maven.aliyun.com/repository/public/org/apache/maven/shared/maven-shared-components/17/maven-shared-components-17.pom (8.7 kB at 281 kB/s)
#18 21.89 [INFO] Downloading from aliyun: https://maven.aliyun.com/repository/public/org/apache/maven/maven-artifact/2.0.8/maven-artifact-2.0.8.pom
#18 21.92 [INFO] Downloaded from aliyun: https://maven.aliyun.com/repository/public/org/apache/maven/maven-artifact/2.0.8/maven-artifact-2.0.8.pom (1.6 kB at 52 kB/s)
#18 21.92 [INFO] Downloading from aliyun: https://maven.aliyun.com/repository/public/org/apache/maven/maven/2.0.8/maven-2.0.8.pom
#18 21.95 [INFO] Downloaded from aliyun: https://maven.aliyun.com/repository/public/org/apache/maven/maven/2.0.8/maven-2.0.8.pom (12 kB at 390 kB/s)
#18 21.95 [INFO] Downloading from aliyun: https://maven.aliyun.com/repository/public/org/apache/maven/maven-model/2.0.8/maven-model-2.0.8.pom
#18 21.99 [INFO] Downloaded from aliyun: https://maven.aliyun.com/repository/public/org/apache/maven/maven-model/2.0.8/maven-model-2.0.8.pom (3.1 kB at 105 kB/s)
#18 21.99 [INFO] Downloading from aliyun: https://maven.aliyun.com/repository/public/org/apache/maven/maven-project/2.0.8/maven-project-2.0.8.pom
#18 22.02 [INFO] Downloaded from aliyun: https://maven.aliyun.com/repository/public/org/apache/maven/maven-project/2.0.8/maven-project-2.0.8.pom (2.7 kB at 87 kB/s)
#18 22.02 [INFO] Downloading from aliyun: https://maven.aliyun.com/repository/public/org/apache/maven/maven-settings/2.0.8/maven-settings-2.0.8.pom
#18 22.05 [INFO] Downloaded from aliyun: https://maven.aliyun.com/repository/public/org/apache/maven/maven-settings/2.0.8/maven-settings-2.0.8.pom (2.1 kB at 69 kB/s)
#18 22.06 [INFO] Downloading from aliyun: https://maven.aliyun.com/repository/public/org/apache/maven/maven-profile/2.0.8/maven-profile-2.0.8.pom
#18 22.34 [INFO] Downloaded from aliyun: https://maven.aliyun.com/repository/public/org/apache/maven/maven-profile/2.0.8/maven-profile-2.0.8.pom (2.0 kB at 7.2 kB/s)
#18 22.35 [INFO] Downloading from aliyun: https://maven.aliyun.com/repository/public/org/apache/maven/maven-artifact-manager/2.0.8/maven-artifact-manager-2.0.8.pom
#18 22.38 [INFO] Downloaded from aliyun: https://maven.aliyun.com/repository/public/org/apache/maven/maven-artifact-manager/2.0.8/maven-artifact-manager-2.0.8.pom (2.7 kB at 79 kB/s)
#18 22.39 [INFO] Downloading from aliyun: https://maven.aliyun.com/repository/public/org/apache/maven/maven-repository-metadata/2.0.8/maven-repository-metadata-2.0.8.pom
#18 22.43 [INFO] Downloaded from aliyun: https://maven.aliyun.com/repository/public/org/apache/maven/maven-repository-metadata/2.0.8/maven-repository-metadata-2.0.8.pom (1.9 kB at 51 kB/s)
#18 22.43 [INFO] Downloading from aliyun: https://maven.aliyun.com/repository/public/org/apache/maven/maven-plugin-registry/2.0.8/maven-plugin-registry-2.0.8.pom
#18 22.47 [INFO] Downloaded from aliyun: https://maven.aliyun.com/repository/public/org/apache/maven/maven-plugin-registry/2.0.8/maven-plugin-registry-2.0.8.pom (2.0 kB at 53 kB/s)
#18 22.48 [INFO] Downloading from aliyun: https://maven.aliyun.com/repository/public/org/apache/maven/maven-plugin-api/2.0.8/maven-plugin-api-2.0.8.pom
#18 22.51 [INFO] Downloaded from aliyun: https://maven.aliyun.com/repository/public/org/apache/maven/maven-plugin-api/2.0.8/maven-plugin-api-2.0.8.pom (1.5 kB at 44 kB/s)
#18 22.52 [INFO] Downloading from aliyun: https://maven.aliyun.com/repository/public/org/codehaus/plexus/plexus-container-default/1.5.5/plexus-container-default-1.5.5.pom
#18 22.55 [INFO] Downloaded from aliyun: https://maven.aliyun.com/repository/public/org/codehaus/plexus/plexus-container-default/1.5.5/plexus-container-default-1.5.5.pom (2.8 kB at 81 kB/s)
#18 22.56 [INFO] Downloading from aliyun: https://maven.aliyun.com/repository/public/org/codehaus/plexus/plexus-classworlds/2.2.2/plexus-classworlds-2.2.2.pom
#18 22.59 [INFO] Downloaded from aliyun: https://maven.aliyun.com/repository/public/org/codehaus/plexus/plexus-classworlds/2.2.2/plexus-classworlds-2.2.2.pom (4.0 kB at 122 kB/s)
#18 22.60 [INFO] Downloading from aliyun: https://maven.aliyun.com/repository/public/org/codehaus/plexus/plexus/2.0.3/plexus-2.0.3.pom
#18 22.63 [INFO] Downloaded from aliyun: https://maven.aliyun.com/repository/public/org/codehaus/plexus/plexus/2.0.3/plexus-2.0.3.pom (15 kB at 455 kB/s)
#18 22.64 [INFO] Downloading from aliyun: https://maven.aliyun.com/repository/public/org/apache/xbean/xbean-reflect/3.4/xbean-reflect-3.4.pom
#18 22.67 [INFO] Downloaded from aliyun: https://maven.aliyun.com/repository/public/org/apache/xbean/xbean-reflect/3.4/xbean-reflect-3.4.pom (2.8 kB at 83 kB/s)
#18 22.68 [INFO] Downloading from aliyun: https://maven.aliyun.com/repository/public/org/apache/xbean/xbean/3.4/xbean-3.4.pom
#18 22.71 [INFO] Downloaded from aliyun: https://maven.aliyun.com/repository/public/org/apache/xbean/xbean/3.4/xbean-3.4.pom (19 kB at 529 kB/s)
#18 22.72 [INFO] Downloading from aliyun: https://maven.aliyun.com/repository/public/log4j/log4j/1.2.12/log4j-1.2.12.pom
#18 22.75 [INFO] Downloaded from aliyun: https://maven.aliyun.com/repository/public/log4j/log4j/1.2.12/log4j-1.2.12.pom (145 B at 4.3 kB/s)
#18 22.76 [INFO] Downloading from aliyun: https://maven.aliyun.com/repository/public/commons-logging/commons-logging-api/1.1/commons-logging-api-1.1.pom
#18 22.80 [INFO] Downloaded from aliyun: https://maven.aliyun.com/repository/public/commons-logging/commons-logging-api/1.1/commons-logging-api-1.1.pom (5.3 kB at 137 kB/s)
#18 22.80 [INFO] Downloading from aliyun: https://maven.aliyun.com/repository/public/com/google/collections/google-collections/1.0/google-collections-1.0.pom
#18 22.84 [INFO] Downloaded from aliyun: https://maven.aliyun.com/repository/public/com/google/collections/google-collections/1.0/google-collections-1.0.pom (2.5 kB at 69 kB/s)
#18 22.84 [INFO] Downloading from aliyun: https://maven.aliyun.com/repository/public/com/google/google/1/google-1.pom
#18 22.88 [INFO] Downloaded from aliyun: https://maven.aliyun.com/repository/public/com/google/google/1/google-1.pom (1.6 kB at 44 kB/s)
#18 22.88 [INFO] Downloading from aliyun: https://maven.aliyun.com/repository/public/junit/junit/3.8.2/junit-3.8.2.pom
#18 22.92 [INFO] Downloaded from aliyun: https://maven.aliyun.com/repository/public/junit/junit/3.8.2/junit-3.8.2.pom (747 B at 23 kB/s)
#18 22.92 [INFO] Downloading from aliyun: https://maven.aliyun.com/repository/public/org/codehaus/plexus/plexus-utils/2.1/plexus-utils-2.1.pom
#18 22.95 [INFO] Downloaded from aliyun: https://maven.aliyun.com/repository/public/org/codehaus/plexus/plexus-utils/2.1/plexus-utils-2.1.pom (4.0 kB at 122 kB/s)
#18 22.96 [INFO] Downloading from aliyun: https://maven.aliyun.com/repository/public/org/sonatype/spice/spice-parent/16/spice-parent-16.pom
#18 23.00 [INFO] Downloaded from aliyun: https://maven.aliyun.com/repository/public/org/sonatype/spice/spice-parent/16/spice-parent-16.pom (8.4 kB at 214 kB/s)
#18 23.00 [INFO] Downloading from aliyun: https://maven.aliyun.com/repository/public/org/sonatype/forge/forge-parent/5/forge-parent-5.pom
#18 23.03 [INFO] Downloaded from aliyun: https://maven.aliyun.com/repository/public/org/sonatype/forge/forge-parent/5/forge-parent-5.pom (8.4 kB at 246 kB/s)
#18 23.04 [INFO] Downloading from aliyun: https://maven.aliyun.com/repository/public/org/apache/maven/shared/maven-invoker/2.0.11/maven-invoker-2.0.11.pom
#18 23.07 [INFO] Downloaded from aliyun: https://maven.aliyun.com/repository/public/org/apache/maven/shared/maven-invoker/2.0.11/maven-invoker-2.0.11.pom (5.1 kB at 154 kB/s)
#18 23.08 [INFO] Downloading from aliyun: https://maven.aliyun.com/repository/public/org/apache/maven/shared/maven-shared-components/12/maven-shared-components-12.pom
#18 23.11 [INFO] Downloaded from aliyun: https://maven.aliyun.com/repository/public/org/apache/maven/shared/maven-shared-components/12/maven-shared-components-12.pom (9.3 kB at 283 kB/s)
#18 23.11 [INFO] Downloading from aliyun: https://maven.aliyun.com/repository/public/org/apache/maven/maven-parent/13/maven-parent-13.pom
#18 23.15 [INFO] Downloaded from aliyun: https://maven.aliyun.com/repository/public/org/apache/maven/maven-parent/13/maven-parent-13.pom (23 kB at 666 kB/s)
#18 23.16 [INFO] Downloading from aliyun: https://maven.aliyun.com/repository/public/commons-lang/commons-lang/2.6/commons-lang-2.6.pom
#18 23.23 [INFO] Downloaded from aliyun: https://maven.aliyun.com/repository/public/commons-lang/commons-lang/2.6/commons-lang-2.6.pom (17 kB at 254 kB/s)
#18 23.23 [INFO] Downloading from aliyun: https://maven.aliyun.com/repository/public/org/apache/commons/commons-parent/17/commons-parent-17.pom
#18 23.53 [INFO] Downloaded from aliyun: https://maven.aliyun.com/repository/public/org/apache/commons/commons-parent/17/commons-parent-17.pom (31 kB at 103 kB/s)
#18 23.55 [INFO] Downloading from aliyun: https://maven.aliyun.com/repository/public/commons-collections/commons-collections/3.2.1/commons-collections-3.2.1.pom
#18 23.58 [INFO] Downloaded from aliyun: https://maven.aliyun.com/repository/public/commons-collections/commons-collections/3.2.1/commons-collections-3.2.1.pom (13 kB at 368 kB/s)
#18 23.58 [INFO] Downloading from aliyun: https://maven.aliyun.com/repository/public/org/apache/commons/commons-parent/9/commons-parent-9.pom
#18 23.62 [INFO] Downloaded from aliyun: https://maven.aliyun.com/repository/public/org/apache/commons/commons-parent/9/commons-parent-9.pom (22 kB at 645 kB/s)
#18 23.67 [INFO] Downloading from aliyun: https://maven.aliyun.com/repository/public/org/apache/maven/maven-artifact/2.0.9/maven-artifact-2.0.9.jar
#18 23.67 [INFO] Downloading from aliyun: https://maven.aliyun.com/repository/public/org/apache/maven/maven-plugin-api/2.0.9/maven-plugin-api-2.0.9.jar
#18 23.67 [INFO] Downloading from aliyun: https://maven.aliyun.com/repository/public/org/apache/maven/maven-project/2.0.9/maven-project-2.0.9.jar
#18 23.67 [INFO] Downloading from aliyun: https://maven.aliyun.com/repository/public/org/apache/maven/maven-settings/2.0.9/maven-settings-2.0.9.jar
#18 23.67 [INFO] Downloading from aliyun: https://maven.aliyun.com/repository/public/org/apache/maven/maven-profile/2.0.9/maven-profile-2.0.9.jar
#18 23.71 [INFO] Downloaded from aliyun: https://maven.aliyun.com/repository/public/org/apache/maven/maven-artifact/2.0.9/maven-artifact-2.0.9.jar (89 kB at 2.1 MB/s)
#18 23.71 [INFO] Downloading from aliyun: https://maven.aliyun.com/repository/public/org/apache/maven/maven-plugin-registry/2.0.9/maven-plugin-registry-2.0.9.jar
#18 23.75 [INFO] Downloaded from aliyun: https://maven.aliyun.com/repository/public/org/apache/maven/maven-plugin-registry/2.0.9/maven-plugin-registry-2.0.9.jar (29 kB at 388 kB/s)
#18 23.75 [INFO] Downloading from aliyun: https://maven.aliyun.com/repository/public/org/apache/maven/maven-model/2.0.9/maven-model-2.0.9.jar
#18 23.78 [INFO] Downloaded from aliyun: https://maven.aliyun.com/repository/public/org/apache/maven/maven-model/2.0.9/maven-model-2.0.9.jar (87 kB at 780 kB/s)
#18 23.78 [INFO] Downloading from aliyun: https://maven.aliyun.com/repository/public/org/apache/maven/maven-core/2.0.9/maven-core-2.0.9.jar
#18 23.82 [INFO] Downloaded from aliyun: https://maven.aliyun.com/repository/public/org/apache/maven/maven-core/2.0.9/maven-core-2.0.9.jar (160 kB at 1.1 MB/s)
#18 23.82 [INFO] Downloading from aliyun: https://maven.aliyun.com/repository/public/org/apache/maven/maven-plugin-parameter-documenter/2.0.9/maven-plugin-parameter-documenter-2.0.9.jar
#18 23.85 [INFO] Downloaded from aliyun: https://maven.aliyun.com/repository/public/org/apache/maven/maven-plugin-api/2.0.9/maven-plugin-api-2.0.9.jar (13 kB at 70 kB/s)
#18 23.85 [INFO] Downloading from aliyun: https://maven.aliyun.com/repository/public/org/apache/maven/maven-error-diagnostics/2.0.9/maven-error-diagnostics-2.0.9.jar
#18 23.88 [INFO] Downloaded from aliyun: https://maven.aliyun.com/repository/public/org/apache/maven/maven-settings/2.0.9/maven-settings-2.0.9.jar (49 kB at 240 kB/s)
#18 23.88 [INFO] Downloading from aliyun: https://maven.aliyun.com/repository/public/commons-cli/commons-cli/1.0/commons-cli-1.0.jar
#18 23.88 [INFO] Downloaded from aliyun: https://maven.aliyun.com/repository/public/org/apache/maven/maven-profile/2.0.9/maven-profile-2.0.9.jar (35 kB at 172 kB/s)
#18 23.88 [INFO] Downloading from aliyun: https://maven.aliyun.com/repository/public/org/apache/maven/maven-plugin-descriptor/2.0.9/maven-plugin-descriptor-2.0.9.jar
#18 23.89 [INFO] Downloaded from aliyun: https://maven.aliyun.com/repository/public/org/apache/maven/maven-error-diagnostics/2.0.9/maven-error-diagnostics-2.0.9.jar (14 kB at 63 kB/s)
#18 23.89 [INFO] Downloading from aliyun: https://maven.aliyun.com/repository/public/org/codehaus/plexus/plexus-interactivity-api/1.0-alpha-4/plexus-interactivity-api-1.0-alpha-4.jar
#18 23.89 [INFO] Downloaded from aliyun: https://maven.aliyun.com/repository/public/org/apache/maven/maven-project/2.0.9/maven-project-2.0.9.jar (122 kB at 549 kB/s)
#18 23.89 [INFO] Downloading from aliyun: https://maven.aliyun.com/repository/public/org/apache/maven/maven-monitor/2.0.9/maven-monitor-2.0.9.jar
#18 23.92 [INFO] Downloaded from aliyun: https://maven.aliyun.com/repository/public/commons-cli/commons-cli/1.0/commons-cli-1.0.jar (30 kB at 123 kB/s)
#18 23.92 [INFO] Downloading from aliyun: https://maven.aliyun.com/repository/public/org/apache/maven/maven-artifact-manager/2.0.9/maven-artifact-manager-2.0.9.jar
#18 23.92 [INFO] Downloaded from aliyun: https://maven.aliyun.com/repository/public/org/apache/maven/maven-plugin-descriptor/2.0.9/maven-plugin-descriptor-2.0.9.jar (37 kB at 151 kB/s)
#18 23.92 [INFO] Downloading from aliyun: https://maven.aliyun.com/repository/public/org/apache/maven/maven-repository-metadata/2.0.9/maven-repository-metadata-2.0.9.jar
#18 23.92 [INFO] Downloaded from aliyun: https://maven.aliyun.com/repository/public/org/codehaus/plexus/plexus-interactivity-api/1.0-alpha-4/plexus-interactivity-api-1.0-alpha-4.jar (13 kB at 53 kB/s)
#18 23.92 [INFO] Downloading from aliyun: https://maven.aliyun.com/repository/public/org/apache/maven/reporting/maven-reporting-api/3.0/maven-reporting-api-3.0.jar
#18 23.93 [INFO] Downloaded from aliyun: https://maven.aliyun.com/repository/public/org/apache/maven/maven-monitor/2.0.9/maven-monitor-2.0.9.jar (10 kB at 40 kB/s)
#18 23.93 [INFO] Downloading from aliyun: https://maven.aliyun.com/repository/public/org/apache/maven/reporting/maven-reporting-impl/2.0.5/maven-reporting-impl-2.0.5.jar
#18 23.95 [INFO] Downloaded from aliyun: https://maven.aliyun.com/repository/public/org/apache/maven/maven-repository-metadata/2.0.9/maven-repository-metadata-2.0.9.jar (25 kB at 87 kB/s)
#18 23.95 [INFO] Downloading from aliyun: https://maven.aliyun.com/repository/public/org/apache/maven/doxia/doxia-core/1.0/doxia-core-1.0.jar
#18 23.95 [INFO] Downloaded from aliyun: https://maven.aliyun.com/repository/public/org/apache/maven/maven-artifact-manager/2.0.9/maven-artifact-manager-2.0.9.jar (58 kB at 205 kB/s)
#18 23.95 [INFO] Downloading from aliyun: https://maven.aliyun.com/repository/public/org/apache/maven/shared/maven-doxia-tools/1.0.2/maven-doxia-tools-1.0.2.jar
#18 23.96 [INFO] Downloaded from aliyun: https://maven.aliyun.com/repository/public/org/apache/maven/reporting/maven-reporting-api/3.0/maven-reporting-api-3.0.jar (11 kB at 39 kB/s)
#18 23.96 [INFO] Downloading from aliyun: https://maven.aliyun.com/repository/public/commons-io/commons-io/1.4/commons-io-1.4.jar
#18 23.99 [INFO] Downloaded from aliyun: https://maven.aliyun.com/repository/public/org/apache/maven/reporting/maven-reporting-impl/2.0.5/maven-reporting-impl-2.0.5.jar (21 kB at 66 kB/s)
#18 23.99 [INFO] Downloading from aliyun: https://maven.aliyun.com/repository/public/commons-validator/commons-validator/1.2.0/commons-validator-1.2.0.jar
#18 23.99 [INFO] Downloaded from aliyun: https://maven.aliyun.com/repository/public/org/apache/maven/shared/maven-doxia-tools/1.0.2/maven-doxia-tools-1.0.2.jar (41 kB at 130 kB/s)
#18 23.99 [INFO] Downloading from aliyun: https://maven.aliyun.com/repository/public/commons-beanutils/commons-beanutils/1.7.0/commons-beanutils-1.7.0.jar
#18 24.00 [INFO] Downloaded from aliyun: https://maven.aliyun.com/repository/public/commons-io/commons-io/1.4/commons-io-1.4.jar (109 kB at 336 kB/s)
#18 24.00 [INFO] Downloading from aliyun: https://maven.aliyun.com/repository/public/commons-digester/commons-digester/1.6/commons-digester-1.6.jar
#18 24.01 [INFO] Downloaded from aliyun: https://maven.aliyun.com/repository/public/org/apache/maven/doxia/doxia-core/1.0/doxia-core-1.0.jar (55 kB at 163 kB/s)
#18 24.01 [INFO] Downloading from aliyun: https://maven.aliyun.com/repository/public/commons-logging/commons-logging/1.0.4/commons-logging-1.0.4.jar
#18 24.03 [INFO] Downloaded from aliyun: https://maven.aliyun.com/repository/public/commons-validator/commons-validator/1.2.0/commons-validator-1.2.0.jar (91 kB at 255 kB/s)
#18 24.03 [INFO] Downloading from aliyun: https://maven.aliyun.com/repository/public/oro/oro/2.0.8/oro-2.0.8.jar
#18 24.04 [INFO] Downloaded from aliyun: https://maven.aliyun.com/repository/public/commons-beanutils/commons-beanutils/1.7.0/commons-beanutils-1.7.0.jar (189 kB at 513 kB/s)
#18 24.04 [INFO] Downloading from aliyun: https://maven.aliyun.com/repository/public/xml-apis/xml-apis/1.0.b2/xml-apis-1.0.b2.jar
#18 24.05 [INFO] Downloaded from aliyun: https://maven.aliyun.com/repository/public/commons-logging/commons-logging/1.0.4/commons-logging-1.0.4.jar (38 kB at 102 kB/s)
#18 24.05 [INFO] Downloading from aliyun: https://maven.aliyun.com/repository/public/org/apache/maven/doxia/doxia-sink-api/1.0/doxia-sink-api-1.0.jar
#18 24.05 [INFO] Downloaded from aliyun: https://maven.aliyun.com/repository/public/commons-digester/commons-digester/1.6/commons-digester-1.6.jar (168 kB at 449 kB/s)
#18 24.05 [INFO] Downloading from aliyun: https://maven.aliyun.com/repository/public/org/apache/maven/doxia/doxia-site-renderer/1.0/doxia-site-renderer-1.0.jar
#18 24.07 [INFO] Downloaded from aliyun: https://maven.aliyun.com/repository/public/oro/oro/2.0.8/oro-2.0.8.jar (65 kB at 164 kB/s)
#18 24.07 [INFO] Downloading from aliyun: https://maven.aliyun.com/repository/public/org/codehaus/plexus/plexus-i18n/1.0-beta-7/plexus-i18n-1.0-beta-7.jar
#18 24.08 [INFO] Downloaded from aliyun: https://maven.aliyun.com/repository/public/xml-apis/xml-apis/1.0.b2/xml-apis-1.0.b2.jar (109 kB at 269 kB/s)
#18 24.08 [INFO] Downloading from aliyun: https://maven.aliyun.com/repository/public/org/codehaus/plexus/plexus-velocity/1.1.7/plexus-velocity-1.1.7.jar
#18 24.08 [INFO] Downloaded from aliyun: https://maven.aliyun.com/repository/public/org/apache/maven/doxia/doxia-sink-api/1.0/doxia-sink-api-1.0.jar (10 kB at 25 kB/s)
#18 24.08 [INFO] Downloading from aliyun: https://maven.aliyun.com/repository/public/org/apache/velocity/velocity/1.5/velocity-1.5.jar
#18 24.08 [INFO] Downloaded from aliyun: https://maven.aliyun.com/repository/public/org/apache/maven/doxia/doxia-site-renderer/1.0/doxia-site-renderer-1.0.jar (47 kB at 114 kB/s)
#18 24.08 [INFO] Downloading from aliyun: https://maven.aliyun.com/repository/public/org/apache/maven/doxia/doxia-decoration-model/1.0/doxia-decoration-model-1.0.jar
#18 24.09 [INFO] Downloaded from aliyun: https://maven.aliyun.com/repository/public/org/apache/maven/maven-plugin-parameter-documenter/2.0.9/maven-plugin-parameter-documenter-2.0.9.jar (21 kB at 50 kB/s)
#18 24.09 [INFO] Downloading from aliyun: https://maven.aliyun.com/repository/public/org/apache/maven/doxia/doxia-module-apt/1.0/doxia-module-apt-1.0.jar
#18 24.11 [INFO] Downloaded from aliyun: https://maven.aliyun.com/repository/public/org/codehaus/plexus/plexus-i18n/1.0-beta-7/plexus-i18n-1.0-beta-7.jar (11 kB at 24 kB/s)
#18 24.11 [INFO] Downloading from aliyun: https://maven.aliyun.com/repository/public/org/apache/maven/doxia/doxia-module-fml/1.0/doxia-module-fml-1.0.jar
#18 24.12 [INFO] Downloaded from aliyun: https://maven.aliyun.com/repository/public/org/codehaus/plexus/plexus-velocity/1.1.7/plexus-velocity-1.1.7.jar (7.7 kB at 17 kB/s)
#18 24.12 [INFO] Downloading from aliyun: https://maven.aliyun.com/repository/public/org/apache/maven/doxia/doxia-module-xdoc/1.0/doxia-module-xdoc-1.0.jar
#18 24.13 [INFO] Downloaded from aliyun: https://maven.aliyun.com/repository/public/org/apache/maven/doxia/doxia-module-apt/1.0/doxia-module-apt-1.0.jar (47 kB at 104 kB/s)
#18 24.13 [INFO] Downloading from aliyun: https://maven.aliyun.com/repository/public/org/apache/maven/doxia/doxia-module-xhtml/1.0/doxia-module-xhtml-1.0.jar
#18 24.14 [INFO] Downloaded from aliyun: https://maven.aliyun.com/repository/public/org/apache/velocity/velocity/1.5/velocity-1.5.jar (392 kB at 840 kB/s)
#18 24.14 [INFO] Downloading from aliyun: https://maven.aliyun.com/repository/public/org/codehaus/plexus/plexus-archiver/2.3/plexus-archiver-2.3.jar
#18 24.14 [INFO] Downloaded from aliyun: https://maven.aliyun.com/repository/public/org/apache/maven/doxia/doxia-module-fml/1.0/doxia-module-fml-1.0.jar (19 kB at 40 kB/s)
#18 24.14 [INFO] Downloading from aliyun: https://maven.aliyun.com/repository/public/org/codehaus/plexus/plexus-utils/3.0.9/plexus-utils-3.0.9.jar
#18 24.15 [INFO] Downloaded from aliyun: https://maven.aliyun.com/repository/public/org/apache/maven/doxia/doxia-decoration-model/1.0/doxia-decoration-model-1.0.jar (49 kB at 103 kB/s)
#18 24.15 [INFO] Downloading from aliyun: https://maven.aliyun.com/repository/public/org/apache/maven/shared/file-management/1.2.1/file-management-1.2.1.jar
#18 24.15 [INFO] Downloaded from aliyun: https://maven.aliyun.com/repository/public/org/apache/maven/doxia/doxia-module-xdoc/1.0/doxia-module-xdoc-1.0.jar (28 kB at 58 kB/s)
#18 24.15 [INFO] Downloading from aliyun: https://maven.aliyun.com/repository/public/org/apache/maven/shared/maven-shared-io/1.1/maven-shared-io-1.1.jar
#18 24.16 [INFO] Downloaded from aliyun: https://maven.aliyun.com/repository/public/org/apache/maven/doxia/doxia-module-xhtml/1.0/doxia-module-xhtml-1.0.jar (22 kB at 45 kB/s)
#18 24.16 [INFO] Downloading from aliyun: https://maven.aliyun.com/repository/public/org/apache/maven/wagon/wagon-provider-api/1.0-alpha-6/wagon-provider-api-1.0-alpha-6.jar
#18 24.18 [INFO] Downloaded from aliyun: https://maven.aliyun.com/repository/public/org/apache/maven/shared/file-management/1.2.1/file-management-1.2.1.jar (38 kB at 74 kB/s)
#18 24.18 [INFO] Downloading from aliyun: https://maven.aliyun.com/repository/public/org/codehaus/plexus/plexus-container-default/1.0-alpha-9-stable-1/plexus-container-default-1.0-alpha-9-stable-1.jar
#18 24.18 [INFO] Downloaded from aliyun: https://maven.aliyun.com/repository/public/org/apache/maven/shared/maven-shared-io/1.1/maven-shared-io-1.1.jar (39 kB at 78 kB/s)
#18 24.18 [INFO] Downloading from aliyun: https://maven.aliyun.com/repository/public/junit/junit/3.8.1/junit-3.8.1.jar
#18 24.19 [INFO] Downloaded from aliyun: https://maven.aliyun.com/repository/public/org/apache/maven/wagon/wagon-provider-api/1.0-alpha-6/wagon-provider-api-1.0-alpha-6.jar (43 kB at 83 kB/s)
#18 24.19 [INFO] Downloading from aliyun: https://maven.aliyun.com/repository/public/org/codehaus/plexus/plexus-io/2.0.6/plexus-io-2.0.6.jar
#18 24.20 [INFO] Downloaded from aliyun: https://maven.aliyun.com/repository/public/org/codehaus/plexus/plexus-archiver/2.3/plexus-archiver-2.3.jar (186 kB at 357 kB/s)
#18 24.20 [INFO] Downloading from aliyun: https://maven.aliyun.com/repository/public/org/apache/maven/shared/maven-dependency-analyzer/1.4/maven-dependency-analyzer-1.4.jar
#18 24.20 [INFO] Downloaded from aliyun: https://maven.aliyun.com/repository/public/org/codehaus/plexus/plexus-utils/3.0.9/plexus-utils-3.0.9.jar (232 kB at 440 kB/s)
#18 24.20 [INFO] Downloading from aliyun: https://maven.aliyun.com/repository/public/asm/asm/3.3.1/asm-3.3.1.jar
#18 24.22 [INFO] Downloaded from aliyun: https://maven.aliyun.com/repository/public/junit/junit/3.8.1/junit-3.8.1.jar (121 kB at 221 kB/s)
#18 24.22 [INFO] Downloading from aliyun: https://maven.aliyun.com/repository/public/org/codehaus/plexus/plexus-component-annotations/1.5.5/plexus-component-annotations-1.5.5.jar
#18 24.22 [INFO] Downloaded from aliyun: https://maven.aliyun.com/repository/public/org/codehaus/plexus/plexus-container-default/1.0-alpha-9-stable-1/plexus-container-default-1.0-alpha-9-stable-1.jar (194 kB at 352 kB/s)
#18 24.22 [INFO] Downloading from aliyun: https://maven.aliyun.com/repository/public/org/apache/maven/shared/maven-dependency-tree/2.1/maven-dependency-tree-2.1.jar
#18 24.23 [INFO] Downloaded from aliyun: https://maven.aliyun.com/repository/public/org/codehaus/plexus/plexus-io/2.0.6/plexus-io-2.0.6.jar (58 kB at 104 kB/s)
#18 24.23 [INFO] Downloading from aliyun: https://maven.aliyun.com/repository/public/org/eclipse/aether/aether-util/0.9.0.M2/aether-util-0.9.0.M2.jar
#18 24.24 [INFO] Downloaded from aliyun: https://maven.aliyun.com/repository/public/org/apache/maven/shared/maven-dependency-analyzer/1.4/maven-dependency-analyzer-1.4.jar (27 kB at 49 kB/s)
#18 24.24 [INFO] Downloading from aliyun: https://maven.aliyun.com/repository/public/org/apache/maven/shared/maven-common-artifact-filters/1.4/maven-common-artifact-filters-1.4.jar
#18 24.26 [INFO] Downloaded from aliyun: https://maven.aliyun.com/repository/public/org/codehaus/plexus/plexus-component-annotations/1.5.5/plexus-component-annotations-1.5.5.jar (4.2 kB at 7.2 kB/s)
#18 24.26 [INFO] Downloading from aliyun: https://maven.aliyun.com/repository/public/org/apache/maven/shared/maven-invoker/2.0.11/maven-invoker-2.0.11.jar
#18 24.26 [INFO] Downloaded from aliyun: https://maven.aliyun.com/repository/public/org/apache/maven/shared/maven-dependency-tree/2.1/maven-dependency-tree-2.1.jar (60 kB at 102 kB/s)
#18 24.26 [INFO] Downloading from aliyun: https://maven.aliyun.com/repository/public/commons-lang/commons-lang/2.6/commons-lang-2.6.jar
#18 24.27 [INFO] Downloaded from aliyun: https://maven.aliyun.com/repository/public/org/eclipse/aether/aether-util/0.9.0.M2/aether-util-0.9.0.M2.jar (134 kB at 225 kB/s)
#18 24.27 [INFO] Downloading from aliyun: https://maven.aliyun.com/repository/public/commons-collections/commons-collections/3.2.1/commons-collections-3.2.1.jar
#18 24.28 [INFO] Downloaded from aliyun: https://maven.aliyun.com/repository/public/org/apache/maven/shared/maven-common-artifact-filters/1.4/maven-common-artifact-filters-1.4.jar (32 kB at 53 kB/s)
#18 24.28 [INFO] Downloading from aliyun: https://maven.aliyun.com/repository/public/classworlds/classworlds/1.1/classworlds-1.1.jar
#18 24.29 [INFO] Downloaded from aliyun: https://maven.aliyun.com/repository/public/org/apache/maven/shared/maven-invoker/2.0.11/maven-invoker-2.0.11.jar (29 kB at 47 kB/s)
#18 24.31 [INFO] Downloaded from aliyun: https://maven.aliyun.com/repository/public/commons-lang/commons-lang/2.6/commons-lang-2.6.jar (284 kB at 446 kB/s)
#18 24.33 [INFO] Downloaded from aliyun: https://maven.aliyun.com/repository/public/classworlds/classworlds/1.1/classworlds-1.1.jar (38 kB at 58 kB/s)
#18 24.33 [INFO] Downloaded from aliyun: https://maven.aliyun.com/repository/public/commons-collections/commons-collections/3.2.1/commons-collections-3.2.1.jar (575 kB at 880 kB/s)
#18 24.47 [INFO] Downloaded from aliyun: https://maven.aliyun.com/repository/public/asm/asm/3.3.1/asm-3.3.1.jar (44 kB at 55 kB/s)
#18 24.88 [INFO] Plugin Resolved: maven-compiler-plugin-3.10.0.jar
#18 24.90 [INFO] Downloading from aliyun: https://maven.aliyun.com/repository/public/org/apache/maven/shared/maven-shared-utils/3.3.4/maven-shared-utils-3.3.4.jar
#18 24.96 [INFO] Downloaded from aliyun: https://maven.aliyun.com/repository/public/org/apache/maven/shared/maven-shared-utils/3.3.4/maven-shared-utils-3.3.4.jar (153 kB at 2.6 MB/s)
#18 24.96 [INFO] Downloading from aliyun: https://maven.aliyun.com/repository/public/org/apache/maven/shared/maven-shared-incremental/1.1/maven-shared-incremental-1.1.jar
#18 25.19 [INFO] Downloaded from aliyun: https://maven.aliyun.com/repository/public/org/apache/maven/shared/maven-shared-incremental/1.1/maven-shared-incremental-1.1.jar (14 kB at 59 kB/s)
#18 25.19 [INFO] Downloading from aliyun: https://maven.aliyun.com/repository/public/org/codehaus/plexus/plexus-java/1.1.1/plexus-java-1.1.1.jar
#18 25.50 [INFO] Downloaded from aliyun: https://maven.aliyun.com/repository/public/org/codehaus/plexus/plexus-java/1.1.1/plexus-java-1.1.1.jar (54 kB at 179 kB/s)
#18 25.50 [INFO] Downloading from aliyun: https://maven.aliyun.com/repository/public/org/codehaus/plexus/plexus-compiler-api/2.10.0/plexus-compiler-api-2.10.0.jar
#18 25.94 [INFO] Downloaded from aliyun: https://maven.aliyun.com/repository/public/org/codehaus/plexus/plexus-compiler-api/2.10.0/plexus-compiler-api-2.10.0.jar (27 kB at 60 kB/s)
#18 25.95 [INFO] Downloading from aliyun: https://maven.aliyun.com/repository/public/org/codehaus/plexus/plexus-compiler-manager/2.10.0/plexus-compiler-manager-2.10.0.jar
#18 26.40 [INFO] Downloaded from aliyun: https://maven.aliyun.com/repository/public/org/codehaus/plexus/plexus-compiler-manager/2.10.0/plexus-compiler-manager-2.10.0.jar (4.7 kB at 10 kB/s)
#18 26.40 [INFO] Downloading from aliyun: https://maven.aliyun.com/repository/public/org/codehaus/plexus/plexus-compiler-javac/2.10.0/plexus-compiler-javac-2.10.0.jar
#18 26.95 [INFO] Downloaded from aliyun: https://maven.aliyun.com/repository/public/org/codehaus/plexus/plexus-compiler-javac/2.10.0/plexus-compiler-javac-2.10.0.jar (22 kB at 41 kB/s)
#18 26.96 [INFO]     Plugin Dependency Resolved: maven-shared-utils-3.3.4.jar
#18 26.96 [INFO]     Plugin Dependency Resolved: maven-shared-incremental-1.1.jar
#18 26.96 [INFO]     Plugin Dependency Resolved: plexus-java-1.1.1.jar
#18 26.96 [INFO]     Plugin Dependency Resolved: plexus-compiler-api-2.10.0.jar
#18 26.96 [INFO]     Plugin Dependency Resolved: plexus-compiler-manager-2.10.0.jar
#18 26.96 [INFO]     Plugin Dependency Resolved: plexus-compiler-javac-2.10.0.jar
#18 26.96 [INFO] Plugin Resolved: maven-install-plugin-2.4.jar
#18 26.99 [INFO] Downloading from aliyun: https://maven.aliyun.com/repository/public/org/apache/maven/maven-plugin-api/2.0.6/maven-plugin-api-2.0.6.jar
#18 27.02 [INFO] Downloaded from aliyun: https://maven.aliyun.com/repository/public/org/apache/maven/maven-plugin-api/2.0.6/maven-plugin-api-2.0.6.jar (13 kB at 378 kB/s)
#18 27.03 [INFO] Downloading from aliyun: https://maven.aliyun.com/repository/public/org/apache/maven/maven-project/2.0.6/maven-project-2.0.6.jar
#18 27.07 [INFO] Downloaded from aliyun: https://maven.aliyun.com/repository/public/org/apache/maven/maven-project/2.0.6/maven-project-2.0.6.jar (116 kB at 2.8 MB/s)
#18 27.07 [INFO] Downloading from aliyun: https://maven.aliyun.com/repository/public/org/apache/maven/maven-model/2.0.6/maven-model-2.0.6.jar
#18 27.11 [INFO] Downloaded from aliyun: https://maven.aliyun.com/repository/public/org/apache/maven/maven-model/2.0.6/maven-model-2.0.6.jar (86 kB at 2.2 MB/s)
#18 27.11 [INFO] Downloading from aliyun: https://maven.aliyun.com/repository/public/org/apache/maven/maven-artifact-manager/2.0.6/maven-artifact-manager-2.0.6.jar
#18 27.15 [INFO] Downloaded from aliyun: https://maven.aliyun.com/repository/public/org/apache/maven/maven-artifact-manager/2.0.6/maven-artifact-manager-2.0.6.jar (57 kB at 1.5 MB/s)
#18 27.15 [INFO] Downloading from aliyun: https://maven.aliyun.com/repository/public/org/apache/maven/maven-artifact/2.0.6/maven-artifact-2.0.6.jar
#18 27.19 [INFO] Downloaded from aliyun: https://maven.aliyun.com/repository/public/org/apache/maven/maven-artifact/2.0.6/maven-artifact-2.0.6.jar (87 kB at 2.2 MB/s)
#18 27.20 [INFO] Downloading from aliyun: https://maven.aliyun.com/repository/public/org/codehaus/plexus/plexus-utils/3.0.5/plexus-utils-3.0.5.jar
#18 27.24 [INFO] Downloaded from aliyun: https://maven.aliyun.com/repository/public/org/codehaus/plexus/plexus-utils/3.0.5/plexus-utils-3.0.5.jar (230 kB at 4.9 MB/s)
#18 27.25 [INFO] Downloading from aliyun: https://maven.aliyun.com/repository/public/org/codehaus/plexus/plexus-digest/1.0/plexus-digest-1.0.jar
#18 27.28 [INFO] Downloaded from aliyun: https://maven.aliyun.com/repository/public/org/codehaus/plexus/plexus-digest/1.0/plexus-digest-1.0.jar (12 kB at 339 kB/s)
#18 27.28 [INFO]     Plugin Dependency Resolved: maven-plugin-api-2.0.6.jar
#18 27.28 [INFO]     Plugin Dependency Resolved: maven-project-2.0.6.jar
#18 27.28 [INFO]     Plugin Dependency Resolved: maven-model-2.0.6.jar
#18 27.28 [INFO]     Plugin Dependency Resolved: maven-artifact-manager-2.0.6.jar
#18 27.28 [INFO]     Plugin Dependency Resolved: maven-artifact-2.0.6.jar
#18 27.28 [INFO]     Plugin Dependency Resolved: plexus-utils-3.0.5.jar
#18 27.28 [INFO]     Plugin Dependency Resolved: plexus-digest-1.0.jar
#18 27.28 [INFO] Plugin Resolved: maven-deploy-plugin-2.7.jar
#18 27.31 [INFO] Downloading from aliyun: https://maven.aliyun.com/repository/public/org/codehaus/plexus/plexus-utils/1.5.6/plexus-utils-1.5.6.jar
#18 27.36 [INFO] Downloaded from aliyun: https://maven.aliyun.com/repository/public/org/codehaus/plexus/plexus-utils/1.5.6/plexus-utils-1.5.6.jar (251 kB at 5.3 MB/s)
#18 27.36 [INFO]     Plugin Dependency Resolved: maven-plugin-api-2.0.6.jar
#18 27.36 [INFO]     Plugin Dependency Resolved: maven-project-2.0.6.jar
#18 27.36 [INFO]     Plugin Dependency Resolved: maven-model-2.0.6.jar
#18 27.36 [INFO]     Plugin Dependency Resolved: maven-artifact-2.0.6.jar
#18 27.36 [INFO]     Plugin Dependency Resolved: plexus-utils-1.5.6.jar
#18 27.36 [INFO] Plugin Resolved: maven-site-plugin-3.3.jar
#18 27.37 [INFO] Downloading from aliyun: https://maven.aliyun.com/repository/public/org/apache/maven/reporting/maven-reporting-exec/1.1/maven-reporting-exec-1.1.jar
#18 27.41 [INFO] Downloaded from aliyun: https://maven.aliyun.com/repository/public/org/apache/maven/reporting/maven-reporting-exec/1.1/maven-reporting-exec-1.1.jar (26 kB at 810 kB/s)
#18 27.41 [INFO] Downloading from aliyun: https://maven.aliyun.com/repository/public/org/apache/maven/maven-core/3.0/maven-core-3.0.jar
#18 27.66 [INFO] Downloaded from aliyun: https://maven.aliyun.com/repository/public/org/apache/maven/maven-core/3.0/maven-core-3.0.jar (527 kB at 2.1 MB/s)
#18 27.67 [INFO] Downloading from aliyun: https://maven.aliyun.com/repository/public/org/apache/maven/maven-model/3.0/maven-model-3.0.jar
#18 27.71 [INFO] Downloaded from aliyun: https://maven.aliyun.com/repository/public/org/apache/maven/maven-model/3.0/maven-model-3.0.jar (165 kB at 3.8 MB/s)
#18 27.71 [INFO] Downloading from aliyun: https://maven.aliyun.com/repository/public/org/apache/maven/maven-plugin-api/3.0/maven-plugin-api-3.0.jar
#18 27.94 [INFO] Downloaded from aliyun: https://maven.aliyun.com/repository/public/org/apache/maven/maven-plugin-api/3.0/maven-plugin-api-3.0.jar (49 kB at 216 kB/s)
#18 27.94 [INFO] Downloading from aliyun: https://maven.aliyun.com/repository/public/org/apache/maven/maven-settings/3.0/maven-settings-3.0.jar
#18 27.98 [INFO] Downloaded from aliyun: https://maven.aliyun.com/repository/public/org/apache/maven/maven-settings/3.0/maven-settings-3.0.jar (47 kB at 1.3 MB/s)
#18 27.98 [INFO] Downloading from aliyun: https://maven.aliyun.com/repository/public/org/apache/maven/maven-settings-builder/3.0/maven-settings-builder-3.0.jar
#18 28.22 [INFO] Downloaded from aliyun: https://maven.aliyun.com/repository/public/org/apache/maven/maven-settings-builder/3.0/maven-settings-builder-3.0.jar (38 kB at 157 kB/s)
#18 28.22 [INFO] Downloading from aliyun: https://maven.aliyun.com/repository/public/org/apache/maven/maven-archiver/2.4.2/maven-archiver-2.4.2.jar
#18 28.26 [INFO] Downloaded from aliyun: https://maven.aliyun.com/repository/public/org/apache/maven/maven-archiver/2.4.2/maven-archiver-2.4.2.jar (20 kB at 562 kB/s)
#18 28.26 [INFO] Downloading from aliyun: https://maven.aliyun.com/repository/public/org/apache/maven/doxia/doxia-sink-api/1.4/doxia-sink-api-1.4.jar
#18 28.30 [INFO] Downloaded from aliyun: https://maven.aliyun.com/repository/public/org/apache/maven/doxia/doxia-sink-api/1.4/doxia-sink-api-1.4.jar (11 kB at 330 kB/s)
#18 28.30 [INFO] Downloading from aliyun: https://maven.aliyun.com/repository/public/org/apache/maven/doxia/doxia-logging-api/1.4/doxia-logging-api-1.4.jar
#18 28.33 [INFO] Downloaded from aliyun: https://maven.aliyun.com/repository/public/org/apache/maven/doxia/doxia-logging-api/1.4/doxia-logging-api-1.4.jar (11 kB at 323 kB/s)
#18 28.34 [INFO] Downloading from aliyun: https://maven.aliyun.com/repository/public/org/apache/maven/doxia/doxia-core/1.4/doxia-core-1.4.jar
#18 28.38 [INFO] Downloaded from aliyun: https://maven.aliyun.com/repository/public/org/apache/maven/doxia/doxia-core/1.4/doxia-core-1.4.jar (165 kB at 3.7 MB/s)
#18 28.38 [INFO] Downloading from aliyun: https://maven.aliyun.com/repository/public/org/apache/maven/doxia/doxia-module-xhtml/1.4/doxia-module-xhtml-1.4.jar
#18 28.42 [INFO] Downloaded from aliyun: https://maven.aliyun.com/repository/public/org/apache/maven/doxia/doxia-module-xhtml/1.4/doxia-module-xhtml-1.4.jar (15 kB at 453 kB/s)
#18 28.42 [INFO] Downloading from aliyun: https://maven.aliyun.com/repository/public/org/apache/maven/doxia/doxia-module-apt/1.4/doxia-module-apt-1.4.jar
#18 28.46 [INFO] Downloaded from aliyun: https://maven.aliyun.com/repository/public/org/apache/maven/doxia/doxia-module-apt/1.4/doxia-module-apt-1.4.jar (52 kB at 1.4 MB/s)
#18 28.46 [INFO] Downloading from aliyun: https://maven.aliyun.com/repository/public/org/apache/maven/doxia/doxia-module-xdoc/1.4/doxia-module-xdoc-1.4.jar
#18 28.50 [INFO] Downloaded from aliyun: https://maven.aliyun.com/repository/public/org/apache/maven/doxia/doxia-module-xdoc/1.4/doxia-module-xdoc-1.4.jar (37 kB at 1.0 MB/s)
#18 28.50 [INFO] Downloading from aliyun: https://maven.aliyun.com/repository/public/org/apache/maven/doxia/doxia-module-fml/1.4/doxia-module-fml-1.4.jar
#18 28.53 [INFO] Downloaded from aliyun: https://maven.aliyun.com/repository/public/org/apache/maven/doxia/doxia-module-fml/1.4/doxia-module-fml-1.4.jar (38 kB at 1.1 MB/s)
#18 28.54 [INFO] Downloading from aliyun: https://maven.aliyun.com/repository/public/org/apache/maven/doxia/doxia-module-markdown/1.4/doxia-module-markdown-1.4.jar
#18 28.57 [INFO] Downloaded from aliyun: https://maven.aliyun.com/repository/public/org/apache/maven/doxia/doxia-module-markdown/1.4/doxia-module-markdown-1.4.jar (12 kB at 333 kB/s)
#18 28.57 [INFO] Downloading from aliyun: https://maven.aliyun.com/repository/public/javax/servlet/servlet-api/2.5/servlet-api-2.5.jar
#18 28.61 [INFO] Downloaded from aliyun: https://maven.aliyun.com/repository/public/javax/servlet/servlet-api/2.5/servlet-api-2.5.jar (105 kB at 2.6 MB/s)
#18 28.62 [INFO] Downloading from aliyun: https://maven.aliyun.com/repository/public/org/apache/maven/doxia/doxia-decoration-model/1.4/doxia-decoration-model-1.4.jar
#18 28.65 [INFO] Downloaded from aliyun: https://maven.aliyun.com/repository/public/org/apache/maven/doxia/doxia-decoration-model/1.4/doxia-decoration-model-1.4.jar (61 kB at 1.6 MB/s)
#18 28.66 [INFO] Downloading from aliyun: https://maven.aliyun.com/repository/public/org/apache/maven/doxia/doxia-site-renderer/1.4/doxia-site-renderer-1.4.jar
#18 28.70 [INFO] Downloaded from aliyun: https://maven.aliyun.com/repository/public/org/apache/maven/doxia/doxia-site-renderer/1.4/doxia-site-renderer-1.4.jar (53 kB at 1.2 MB/s)
#18 28.70 [INFO] Downloading from aliyun: https://maven.aliyun.com/repository/public/org/apache/maven/doxia/doxia-integration-tools/1.5/doxia-integration-tools-1.5.jar
#18 28.74 [INFO] Downloaded from aliyun: https://maven.aliyun.com/repository/public/org/apache/maven/doxia/doxia-integration-tools/1.5/doxia-integration-tools-1.5.jar (45 kB at 1.1 MB/s)
#18 28.75 [INFO] Downloading from aliyun: https://maven.aliyun.com/repository/public/org/apache/maven/wagon/wagon-provider-api/1.0/wagon-provider-api-1.0.jar
#18 28.79 [INFO] Downloaded from aliyun: https://maven.aliyun.com/repository/public/org/apache/maven/wagon/wagon-provider-api/1.0/wagon-provider-api-1.0.jar (53 kB at 1.4 MB/s)
#18 28.79 [INFO] Downloading from aliyun: https://maven.aliyun.com/repository/public/org/codehaus/plexus/plexus-archiver/1.0/plexus-archiver-1.0.jar
#18 28.83 [INFO] Downloaded from aliyun: https://maven.aliyun.com/repository/public/org/codehaus/plexus/plexus-archiver/1.0/plexus-archiver-1.0.jar (177 kB at 3.9 MB/s)
#18 28.84 [INFO] Downloading from aliyun: https://maven.aliyun.com/repository/public/org/codehaus/plexus/plexus-velocity/1.1.8/plexus-velocity-1.1.8.jar
#18 28.87 [INFO] Downloaded from aliyun: https://maven.aliyun.com/repository/public/org/codehaus/plexus/plexus-velocity/1.1.8/plexus-velocity-1.1.8.jar (7.9 kB at 232 kB/s)
#18 28.88 [INFO] Downloading from aliyun: https://maven.aliyun.com/repository/public/org/codehaus/plexus/plexus-utils/1.5.10/plexus-utils-1.5.10.jar
#18 28.92 [INFO] Downloaded from aliyun: https://maven.aliyun.com/repository/public/org/codehaus/plexus/plexus-utils/1.5.10/plexus-utils-1.5.10.jar (281 kB at 5.8 MB/s)
#18 28.93 [INFO] Downloading from aliyun: https://maven.aliyun.com/repository/public/org/mortbay/jetty/jetty/6.1.25/jetty-6.1.25.jar
#18 28.99 [INFO] Downloaded from aliyun: https://maven.aliyun.com/repository/public/org/mortbay/jetty/jetty/6.1.25/jetty-6.1.25.jar (539 kB at 8.5 MB/s)
#18 28.99 [INFO] Downloading from aliyun: https://maven.aliyun.com/repository/public/org/mortbay/jetty/jetty-util/6.1.25/jetty-util-6.1.25.jar
#18 29.03 [INFO] Downloaded from aliyun: https://maven.aliyun.com/repository/public/org/mortbay/jetty/jetty-util/6.1.25/jetty-util-6.1.25.jar (177 kB at 4.1 MB/s)
#18 29.04 [INFO] Downloading from aliyun: https://maven.aliyun.com/repository/public/commons-lang/commons-lang/2.5/commons-lang-2.5.jar
#18 29.09 [INFO] Downloaded from aliyun: https://maven.aliyun.com/repository/public/commons-lang/commons-lang/2.5/commons-lang-2.5.jar (279 kB at 5.4 MB/s)
#18 29.09 [INFO]     Plugin Dependency Resolved: maven-reporting-exec-1.1.jar
#18 29.09 [INFO]     Plugin Dependency Resolved: maven-core-3.0.jar
#18 29.09 [INFO]     Plugin Dependency Resolved: maven-model-3.0.jar
#18 29.09 [INFO]     Plugin Dependency Resolved: maven-plugin-api-3.0.jar
#18 29.09 [INFO]     Plugin Dependency Resolved: maven-settings-3.0.jar
#18 29.09 [INFO]     Plugin Dependency Resolved: maven-settings-builder-3.0.jar
#18 29.09 [INFO]     Plugin Dependency Resolved: maven-archiver-2.4.2.jar
#18 29.09 [INFO]     Plugin Dependency Resolved: doxia-sink-api-1.4.jar
#18 29.09 [INFO]     Plugin Dependency Resolved: doxia-logging-api-1.4.jar
#18 29.09 [INFO]     Plugin Dependency Resolved: doxia-core-1.4.jar
#18 29.09 [INFO]     Plugin Dependency Resolved: doxia-module-xhtml-1.4.jar
#18 29.09 [INFO]     Plugin Dependency Resolved: doxia-module-apt-1.4.jar
#18 29.09 [INFO]     Plugin Dependency Resolved: doxia-module-xdoc-1.4.jar
#18 29.09 [INFO]     Plugin Dependency Resolved: doxia-module-fml-1.4.jar
#18 29.09 [INFO]     Plugin Dependency Resolved: doxia-module-markdown-1.4.jar
#18 29.09 [INFO]     Plugin Dependency Resolved: servlet-api-2.5.jar
#18 29.09 [INFO]     Plugin Dependency Resolved: doxia-decoration-model-1.4.jar
#18 29.09 [INFO]     Plugin Dependency Resolved: doxia-site-renderer-1.4.jar
#18 29.09 [INFO]     Plugin Dependency Resolved: doxia-integration-tools-1.5.jar
#18 29.09 [INFO]     Plugin Dependency Resolved: wagon-provider-api-1.0.jar
#18 29.09 [INFO]     Plugin Dependency Resolved: plexus-archiver-1.0.jar
#18 29.09 [INFO]     Plugin Dependency Resolved: plexus-i18n-1.0-beta-7.jar
#18 29.09 [INFO]     Plugin Dependency Resolved: velocity-1.5.jar
#18 29.09 [INFO]     Plugin Dependency Resolved: plexus-velocity-1.1.8.jar
#18 29.09 [INFO]     Plugin Dependency Resolved: plexus-utils-1.5.10.jar
#18 29.09 [INFO]     Plugin Dependency Resolved: jetty-6.1.25.jar
#18 29.09 [INFO]     Plugin Dependency Resolved: jetty-util-6.1.25.jar
#18 29.09 [INFO]     Plugin Dependency Resolved: commons-lang-2.5.jar
#18 29.09 [INFO]     Plugin Dependency Resolved: commons-io-1.4.jar
#18 29.09 [INFO] Plugin Resolved: spring-boot-maven-plugin-2.6.4.jar
#18 29.10 [INFO] Downloading from aliyun: https://maven.aliyun.com/repository/public/org/springframework/boot/spring-boot-buildpack-platform/2.6.4/spring-boot-buildpack-platform-2.6.4.jar
#18 29.72 [INFO] Downloaded from aliyun: https://maven.aliyun.com/repository/public/org/springframework/boot/spring-boot-buildpack-platform/2.6.4/spring-boot-buildpack-platform-2.6.4.jar (243 kB at 393 kB/s)
#18 29.72 [INFO] Downloading from aliyun: https://maven.aliyun.com/repository/public/org/springframework/boot/spring-boot-loader-tools/2.6.4/spring-boot-loader-tools-2.6.4.jar
#18 30.29 [INFO] Downloaded from aliyun: https://maven.aliyun.com/repository/public/org/springframework/boot/spring-boot-loader-tools/2.6.4/spring-boot-loader-tools-2.6.4.jar (249 kB at 438 kB/s)
#18 30.29 [INFO] Downloading from aliyun: https://maven.aliyun.com/repository/public/org/apache/maven/shared/maven-common-artifact-filters/3.2.0/maven-common-artifact-filters-3.2.0.jar
#18 30.34 [INFO] Downloaded from aliyun: https://maven.aliyun.com/repository/public/org/apache/maven/shared/maven-common-artifact-filters/3.2.0/maven-common-artifact-filters-3.2.0.jar (61 kB at 1.2 MB/s)
#18 30.35 [INFO] Downloading from aliyun: https://maven.aliyun.com/repository/public/org/apache/maven/maven-plugin-api/3.6.3/maven-plugin-api-3.6.3.jar
#18 30.40 [INFO] Downloaded from aliyun: https://maven.aliyun.com/repository/public/org/apache/maven/maven-plugin-api/3.6.3/maven-plugin-api-3.6.3.jar (47 kB at 922 kB/s)
#18 30.40 [INFO] Downloading from aliyun: https://maven.aliyun.com/repository/public/org/sonatype/plexus/plexus-build-api/0.0.7/plexus-build-api-0.0.7.jar
#18 30.63 [INFO] Downloaded from aliyun: https://maven.aliyun.com/repository/public/org/sonatype/plexus/plexus-build-api/0.0.7/plexus-build-api-0.0.7.jar (8.5 kB at 37 kB/s)
#18 30.63 [INFO] Downloading from aliyun: https://maven.aliyun.com/repository/public/org/apache/maven/plugins/maven-shade-plugin/3.2.4/maven-shade-plugin-3.2.4.jar
#18 30.68 [INFO] Downloaded from aliyun: https://maven.aliyun.com/repository/public/org/apache/maven/plugins/maven-shade-plugin/3.2.4/maven-shade-plugin-3.2.4.jar (134 kB at 2.7 MB/s)
#18 30.68 [INFO]     Plugin Dependency Resolved: spring-boot-buildpack-platform-2.6.4.jar
#18 30.68 [INFO]     Plugin Dependency Resolved: spring-boot-loader-tools-2.6.4.jar
#18 30.68 [INFO]     Plugin Dependency Resolved: maven-common-artifact-filters-3.2.0.jar
#18 30.68 [INFO]     Plugin Dependency Resolved: maven-plugin-api-3.6.3.jar
#18 30.68 [INFO]     Plugin Dependency Resolved: plexus-build-api-0.0.7.jar
#18 30.68 [INFO]     Plugin Dependency Resolved: maven-shade-plugin-3.2.4.jar
#18 30.68 [INFO] Plugin Resolved: maven-clean-plugin-2.5.jar
#18 30.70 [INFO] Downloading from aliyun: https://maven.aliyun.com/repository/public/org/codehaus/plexus/plexus-utils/3.0/plexus-utils-3.0.jar
#18 30.75 [INFO] Downloaded from aliyun: https://maven.aliyun.com/repository/public/org/codehaus/plexus/plexus-utils/3.0/plexus-utils-3.0.jar (226 kB at 4.6 MB/s)
#18 30.75 [INFO]     Plugin Dependency Resolved: maven-plugin-api-2.0.6.jar
#18 30.75 [INFO]     Plugin Dependency Resolved: plexus-utils-3.0.jar
#18 30.75 [INFO] 
#18 30.75 [INFO] <<< maven-dependency-plugin:2.8:go-offline (default-cli) < :resolve-plugins @ likeadmin-java <<<
#18 30.75 [INFO] 
#18 30.77 [INFO] 
#18 30.77 [INFO] --- maven-dependency-plugin:2.8:go-offline (default-cli) @ likeadmin-java ---
#18 30.78 [INFO] 
#18 30.78 [INFO] ------------------------< org.mdd:like-common >-------------------------
#18 30.78 [INFO] Building like-common 1.0.0                                         [2/5]
#18 30.78 [INFO] --------------------------------[ jar ]---------------------------------
#18 30.78 [INFO] Downloading from aliyun: https://maven.aliyun.com/repository/public/org/apache/maven/plugins/maven-resources-plugin/2.6/maven-resources-plugin-2.6.pom
#18 30.81 [INFO] Downloaded from aliyun: https://maven.aliyun.com/repository/public/org/apache/maven/plugins/maven-resources-plugin/2.6/maven-resources-plugin-2.6.pom (8.1 kB at 239 kB/s)
#18 30.82 [INFO] Downloading from aliyun: https://maven.aliyun.com/repository/public/org/apache/maven/plugins/maven-resources-plugin/2.6/maven-resources-plugin-2.6.jar
#18 30.86 [INFO] Downloaded from aliyun: https://maven.aliyun.com/repository/public/org/apache/maven/plugins/maven-resources-plugin/2.6/maven-resources-plugin-2.6.jar (30 kB at 720 kB/s)
#18 30.87 [INFO] Downloading from aliyun: https://maven.aliyun.com/repository/public/org/apache/maven/plugins/maven-jar-plugin/2.4/maven-jar-plugin-2.4.pom
#18 31.08 [INFO] Downloaded from aliyun: https://maven.aliyun.com/repository/public/org/apache/maven/plugins/maven-jar-plugin/2.4/maven-jar-plugin-2.4.pom (5.8 kB at 27 kB/s)
#18 31.09 [INFO] Downloading from aliyun: https://maven.aliyun.com/repository/public/org/apache/maven/plugins/maven-jar-plugin/2.4/maven-jar-plugin-2.4.jar
#18 31.30 [INFO] Downloaded from aliyun: https://maven.aliyun.com/repository/public/org/apache/maven/plugins/maven-jar-plugin/2.4/maven-jar-plugin-2.4.jar (34 kB at 163 kB/s)
#18 31.31 [INFO] Downloading from aliyun: https://maven.aliyun.com/repository/public/org/apache/maven/plugins/maven-surefire-plugin/2.12.4/maven-surefire-plugin-2.12.4.pom
#18 31.52 [INFO] Downloaded from aliyun: https://maven.aliyun.com/repository/public/org/apache/maven/plugins/maven-surefire-plugin/2.12.4/maven-surefire-plugin-2.12.4.pom (10 kB at 48 kB/s)
#18 31.53 [INFO] Downloading from aliyun: https://maven.aliyun.com/repository/public/org/apache/maven/surefire/surefire/2.12.4/surefire-2.12.4.pom
#18 31.56 [INFO] Downloaded from aliyun: https://maven.aliyun.com/repository/public/org/apache/maven/surefire/surefire/2.12.4/surefire-2.12.4.pom (14 kB at 394 kB/s)
#18 31.57 [INFO] Downloading from aliyun: https://maven.aliyun.com/repository/public/org/apache/maven/plugins/maven-surefire-plugin/2.12.4/maven-surefire-plugin-2.12.4.jar
#18 31.61 [INFO] Downloaded from aliyun: https://maven.aliyun.com/repository/public/org/apache/maven/plugins/maven-surefire-plugin/2.12.4/maven-surefire-plugin-2.12.4.jar (30 kB at 870 kB/s)
#18 31.61 [INFO] 
#18 31.61 [INFO] >>> maven-dependency-plugin:2.8:go-offline (default-cli) > :resolve-plugins @ like-common >>>
#18 31.62 [INFO] 
#18 31.62 [INFO] --- maven-dependency-plugin:2.8:resolve-plugins (resolve-plugins) @ like-common ---
#18 31.62 [INFO] Plugin Resolved: maven-compiler-plugin-3.10.0.jar
#18 31.65 [INFO]     Plugin Dependency Resolved: maven-shared-utils-3.3.4.jar
#18 31.65 [INFO]     Plugin Dependency Resolved: maven-shared-incremental-1.1.jar
#18 31.65 [INFO]     Plugin Dependency Resolved: plexus-java-1.1.1.jar
#18 31.65 [INFO]     Plugin Dependency Resolved: plexus-compiler-api-2.10.0.jar
#18 31.65 [INFO]     Plugin Dependency Resolved: plexus-compiler-manager-2.10.0.jar
#18 31.65 [INFO]     Plugin Dependency Resolved: plexus-compiler-javac-2.10.0.jar
#18 31.65 [INFO] Plugin Resolved: maven-install-plugin-2.4.jar
#18 31.67 [INFO]     Plugin Dependency Resolved: maven-plugin-api-2.0.6.jar
#18 31.67 [INFO]     Plugin Dependency Resolved: maven-project-2.0.6.jar
#18 31.67 [INFO]     Plugin Dependency Resolved: maven-model-2.0.6.jar
#18 31.67 [INFO]     Plugin Dependency Resolved: maven-artifact-manager-2.0.6.jar
#18 31.67 [INFO]     Plugin Dependency Resolved: maven-artifact-2.0.6.jar
#18 31.67 [INFO]     Plugin Dependency Resolved: plexus-utils-3.0.5.jar
#18 31.67 [INFO]     Plugin Dependency Resolved: plexus-digest-1.0.jar
#18 31.67 [INFO] Plugin Resolved: maven-deploy-plugin-2.7.jar
#18 31.69 [INFO]     Plugin Dependency Resolved: maven-plugin-api-2.0.6.jar
#18 31.69 [INFO]     Plugin Dependency Resolved: maven-project-2.0.6.jar
#18 31.69 [INFO]     Plugin Dependency Resolved: maven-model-2.0.6.jar
#18 31.69 [INFO]     Plugin Dependency Resolved: maven-artifact-2.0.6.jar
#18 31.69 [INFO]     Plugin Dependency Resolved: plexus-utils-1.5.6.jar
#18 31.69 [INFO] Plugin Resolved: maven-jar-plugin-2.4.jar
#18 31.70 [INFO] Downloading from aliyun: https://maven.aliyun.com/repository/public/org/apache/maven/maven-archiver/2.5/maven-archiver-2.5.jar
#18 31.93 [INFO] Downloaded from aliyun: https://maven.aliyun.com/repository/public/org/apache/maven/maven-archiver/2.5/maven-archiver-2.5.jar (22 kB at 94 kB/s)
#18 31.93 [INFO] Downloading from aliyun: https://maven.aliyun.com/repository/public/org/codehaus/plexus/plexus-archiver/2.1/plexus-archiver-2.1.jar
#18 32.34 [INFO] Downloaded from aliyun: https://maven.aliyun.com/repository/public/org/codehaus/plexus/plexus-archiver/2.1/plexus-archiver-2.1.jar (184 kB at 455 kB/s)
#18 32.34 [INFO] Downloading from aliyun: https://maven.aliyun.com/repository/public/commons-lang/commons-lang/2.1/commons-lang-2.1.jar
#18 32.58 [INFO] Downloaded from aliyun: https://maven.aliyun.com/repository/public/commons-lang/commons-lang/2.1/commons-lang-2.1.jar (208 kB at 869 kB/s)
#18 32.58 [INFO]     Plugin Dependency Resolved: maven-plugin-api-2.0.6.jar
#18 32.58 [INFO]     Plugin Dependency Resolved: maven-project-2.0.6.jar
#18 32.58 [INFO]     Plugin Dependency Resolved: maven-model-2.0.6.jar
#18 32.58 [INFO]     Plugin Dependency Resolved: maven-artifact-2.0.6.jar
#18 32.58 [INFO]     Plugin Dependency Resolved: maven-archiver-2.5.jar
#18 32.58 [INFO]     Plugin Dependency Resolved: plexus-archiver-2.1.jar
#18 32.58 [INFO]     Plugin Dependency Resolved: commons-lang-2.1.jar
#18 32.58 [INFO]     Plugin Dependency Resolved: plexus-utils-3.0.jar
#18 32.58 [INFO] Plugin Resolved: maven-surefire-plugin-2.12.4.jar
#18 32.61 [INFO] Downloading from aliyun: https://maven.aliyun.com/repository/public/org/apache/maven/surefire/surefire-booter/2.12.4/surefire-booter-2.12.4.jar
#18 32.65 [INFO] Downloaded from aliyun: https://maven.aliyun.com/repository/public/org/apache/maven/surefire/surefire-booter/2.12.4/surefire-booter-2.12.4.jar (35 kB at 913 kB/s)
#18 32.65 [INFO] Downloading from aliyun: https://maven.aliyun.com/repository/public/org/apache/maven/surefire/maven-surefire-common/2.12.4/maven-surefire-common-2.12.4.jar
#18 32.71 [INFO] Downloaded from aliyun: https://maven.aliyun.com/repository/public/org/apache/maven/surefire/maven-surefire-common/2.12.4/maven-surefire-common-2.12.4.jar (263 kB at 4.3 MB/s)
#18 32.72 [INFO] Downloading from aliyun: https://maven.aliyun.com/repository/public/org/codehaus/plexus/plexus-utils/3.0.8/plexus-utils-3.0.8.jar
#18 32.77 [INFO] Downloaded from aliyun: https://maven.aliyun.com/repository/public/org/codehaus/plexus/plexus-utils/3.0.8/plexus-utils-3.0.8.jar (232 kB at 3.9 MB/s)
#18 32.78 [INFO] Downloading from aliyun: https://maven.aliyun.com/repository/public/org/apache/maven/maven-toolchain/2.0.9/maven-toolchain-2.0.9.jar
#18 32.82 [INFO] Downloaded from aliyun: https://maven.aliyun.com/repository/public/org/apache/maven/maven-toolchain/2.0.9/maven-toolchain-2.0.9.jar (38 kB at 883 kB/s)
#18 32.82 [INFO] Downloading from aliyun: https://maven.aliyun.com/repository/public/org/apache/maven/plugin-tools/maven-plugin-annotations/3.1/maven-plugin-annotations-3.1.jar
#18 32.86 [INFO] Downloaded from aliyun: https://maven.aliyun.com/repository/public/org/apache/maven/plugin-tools/maven-plugin-annotations/3.1/maven-plugin-annotations-3.1.jar (14 kB at 360 kB/s)
#18 32.86 [INFO]     Plugin Dependency Resolved: maven-plugin-api-2.0.9.jar
#18 32.86 [INFO]     Plugin Dependency Resolved: surefire-booter-2.12.4.jar
#18 32.86 [INFO]     Plugin Dependency Resolved: maven-surefire-common-2.12.4.jar
#18 32.86 [INFO]     Plugin Dependency Resolved: plexus-utils-3.0.8.jar
#18 32.86 [INFO]     Plugin Dependency Resolved: maven-artifact-2.0.9.jar
#18 32.86 [INFO]     Plugin Dependency Resolved: maven-project-2.0.9.jar
#18 32.86 [INFO]     Plugin Dependency Resolved: maven-core-2.0.9.jar
#18 32.86 [INFO]     Plugin Dependency Resolved: maven-toolchain-2.0.9.jar
#18 32.86 [INFO]     Plugin Dependency Resolved: maven-plugin-annotations-3.1.jar
#18 32.86 [INFO] Plugin Resolved: maven-site-plugin-3.3.jar
#18 32.90 [INFO]     Plugin Dependency Resolved: maven-reporting-exec-1.1.jar
#18 32.90 [INFO]     Plugin Dependency Resolved: maven-core-3.0.jar
#18 32.90 [INFO]     Plugin Dependency Resolved: maven-model-3.0.jar
#18 32.90 [INFO]     Plugin Dependency Resolved: maven-plugin-api-3.0.jar
#18 32.90 [INFO]     Plugin Dependency Resolved: maven-settings-3.0.jar
#18 32.90 [INFO]     Plugin Dependency Resolved: maven-settings-builder-3.0.jar
#18 32.90 [INFO]     Plugin Dependency Resolved: maven-archiver-2.4.2.jar
#18 32.90 [INFO]     Plugin Dependency Resolved: doxia-sink-api-1.4.jar
#18 32.90 [INFO]     Plugin Dependency Resolved: doxia-logging-api-1.4.jar
#18 32.90 [INFO]     Plugin Dependency Resolved: doxia-core-1.4.jar
#18 32.90 [INFO]     Plugin Dependency Resolved: doxia-module-xhtml-1.4.jar
#18 32.90 [INFO]     Plugin Dependency Resolved: doxia-module-apt-1.4.jar
#18 32.90 [INFO]     Plugin Dependency Resolved: doxia-module-xdoc-1.4.jar
#18 32.90 [INFO]     Plugin Dependency Resolved: doxia-module-fml-1.4.jar
#18 32.90 [INFO]     Plugin Dependency Resolved: doxia-module-markdown-1.4.jar
#18 32.90 [INFO]     Plugin Dependency Resolved: servlet-api-2.5.jar
#18 32.90 [INFO]     Plugin Dependency Resolved: doxia-decoration-model-1.4.jar
#18 32.90 [INFO]     Plugin Dependency Resolved: doxia-site-renderer-1.4.jar
#18 32.90 [INFO]     Plugin Dependency Resolved: doxia-integration-tools-1.5.jar
#18 32.90 [INFO]     Plugin Dependency Resolved: wagon-provider-api-1.0.jar
#18 32.90 [INFO]     Plugin Dependency Resolved: plexus-archiver-1.0.jar
#18 32.90 [INFO]     Plugin Dependency Resolved: plexus-i18n-1.0-beta-7.jar
#18 32.90 [INFO]     Plugin Dependency Resolved: velocity-1.5.jar
#18 32.90 [INFO]     Plugin Dependency Resolved: plexus-velocity-1.1.8.jar
#18 32.90 [INFO]     Plugin Dependency Resolved: plexus-utils-1.5.10.jar
#18 32.90 [INFO]     Plugin Dependency Resolved: jetty-6.1.25.jar
#18 32.90 [INFO]     Plugin Dependency Resolved: jetty-util-6.1.25.jar
#18 32.90 [INFO]     Plugin Dependency Resolved: commons-lang-2.5.jar
#18 32.90 [INFO]     Plugin Dependency Resolved: commons-io-1.4.jar
#18 32.90 [INFO] Plugin Resolved: spring-boot-maven-plugin-2.6.4.jar
#18 32.90 [INFO]     Plugin Dependency Resolved: spring-boot-buildpack-platform-2.6.4.jar
#18 32.90 [INFO]     Plugin Dependency Resolved: spring-boot-loader-tools-2.6.4.jar
#18 32.90 [INFO]     Plugin Dependency Resolved: maven-common-artifact-filters-3.2.0.jar
#18 32.90 [INFO]     Plugin Dependency Resolved: maven-plugin-api-3.6.3.jar
#18 32.90 [INFO]     Plugin Dependency Resolved: plexus-build-api-0.0.7.jar
#18 32.90 [INFO]     Plugin Dependency Resolved: maven-shade-plugin-3.2.4.jar
#18 32.90 [INFO] Plugin Resolved: maven-clean-plugin-2.5.jar
#18 32.92 [INFO]     Plugin Dependency Resolved: maven-plugin-api-2.0.6.jar
#18 32.92 [INFO]     Plugin Dependency Resolved: plexus-utils-3.0.jar
#18 32.92 [INFO] Plugin Resolved: maven-resources-plugin-2.6.jar
#18 32.93 [INFO] Downloading from aliyun: https://maven.aliyun.com/repository/public/org/apache/maven/maven-core/2.0.6/maven-core-2.0.6.jar
#18 32.98 [INFO] Downloaded from aliyun: https://maven.aliyun.com/repository/public/org/apache/maven/maven-core/2.0.6/maven-core-2.0.6.jar (152 kB at 3.6 MB/s)
#18 32.98 [INFO] Downloading from aliyun: https://maven.aliyun.com/repository/public/org/apache/maven/maven-settings/2.0.6/maven-settings-2.0.6.jar
#18 33.03 [INFO] Downloaded from aliyun: https://maven.aliyun.com/repository/public/org/apache/maven/maven-settings/2.0.6/maven-settings-2.0.6.jar (49 kB at 1.0 MB/s)
#18 33.03 [INFO] Downloading from aliyun: https://maven.aliyun.com/repository/public/org/apache/maven/maven-monitor/2.0.6/maven-monitor-2.0.6.jar
#18 33.06 [INFO] Downloaded from aliyun: https://maven.aliyun.com/repository/public/org/apache/maven/maven-monitor/2.0.6/maven-monitor-2.0.6.jar (10 kB at 310 kB/s)
#18 33.06 [INFO] Downloading from aliyun: https://maven.aliyun.com/repository/public/org/codehaus/plexus/plexus-utils/2.0.5/plexus-utils-2.0.5.jar
#18 33.11 [INFO] Downloaded from aliyun: https://maven.aliyun.com/repository/public/org/codehaus/plexus/plexus-utils/2.0.5/plexus-utils-2.0.5.jar (223 kB at 5.0 MB/s)
#18 33.11 [INFO] Downloading from aliyun: https://maven.aliyun.com/repository/public/org/apache/maven/shared/maven-filtering/1.1/maven-filtering-1.1.jar
#18 33.15 [INFO] Downloaded from aliyun: https://maven.aliyun.com/repository/public/org/apache/maven/shared/maven-filtering/1.1/maven-filtering-1.1.jar (43 kB at 1.2 MB/s)
#18 33.15 [INFO] Downloading from aliyun: https://maven.aliyun.com/repository/public/org/codehaus/plexus/plexus-interpolation/1.13/plexus-interpolation-1.13.jar
#18 33.18 [INFO] Downloaded from aliyun: https://maven.aliyun.com/repository/public/org/codehaus/plexus/plexus-interpolation/1.13/plexus-interpolation-1.13.jar (61 kB at 1.7 MB/s)
#18 33.19 [INFO]     Plugin Dependency Resolved: maven-plugin-api-2.0.6.jar
#18 33.19 [INFO]     Plugin Dependency Resolved: maven-project-2.0.6.jar
#18 33.19 [INFO]     Plugin Dependency Resolved: maven-core-2.0.6.jar
#18 33.19 [INFO]     Plugin Dependency Resolved: maven-artifact-2.0.6.jar
#18 33.19 [INFO]     Plugin Dependency Resolved: maven-settings-2.0.6.jar
#18 33.19 [INFO]     Plugin Dependency Resolved: maven-model-2.0.6.jar
#18 33.19 [INFO]     Plugin Dependency Resolved: maven-monitor-2.0.6.jar
#18 33.19 [INFO]     Plugin Dependency Resolved: plexus-container-default-1.0-alpha-9-stable-1.jar
#18 33.19 [INFO]     Plugin Dependency Resolved: plexus-utils-2.0.5.jar
#18 33.19 [INFO]     Plugin Dependency Resolved: maven-filtering-1.1.jar
#18 33.19 [INFO]     Plugin Dependency Resolved: plexus-interpolation-1.13.jar
#18 33.19 [INFO] 
#18 33.19 [INFO] <<< maven-dependency-plugin:2.8:go-offline (default-cli) < :resolve-plugins @ like-common <<<
#18 33.19 [INFO] 
#18 33.20 [INFO] Downloading from aliyun: https://maven.aliyun.com/repository/public/org/springframework/boot/spring-boot-autoconfigure/2.7.5/spring-boot-autoconfigure-2.7.5.pom
#18 33.44 [INFO] Downloaded from aliyun: https://maven.aliyun.com/repository/public/org/springframework/boot/spring-boot-autoconfigure/2.7.5/spring-boot-autoconfigure-2.7.5.pom (2.1 kB at 8.5 kB/s)
#18 33.45 [INFO] Downloading from aliyun: https://maven.aliyun.com/repository/public/org/springframework/boot/spring-boot/2.7.5/spring-boot-2.7.5.pom
#18 33.70 [INFO] Downloaded from aliyun: https://maven.aliyun.com/repository/public/org/springframework/boot/spring-boot/2.7.5/spring-boot-2.7.5.pom (2.2 kB at 8.9 kB/s)
#18 33.70 [INFO] Downloading from aliyun: https://maven.aliyun.com/repository/public/org/springframework/spring-core/5.3.23/spring-core-5.3.23.pom
#18 33.74 [INFO] Downloaded from aliyun: https://maven.aliyun.com/repository/public/org/springframework/spring-core/5.3.23/spring-core-5.3.23.pom (2.0 kB at 59 kB/s)
#18 33.74 [INFO] Downloading from aliyun: https://maven.aliyun.com/repository/public/org/springframework/spring-jcl/5.3.23/spring-jcl-5.3.23.pom
#18 33.78 [INFO] Downloaded from aliyun: https://maven.aliyun.com/repository/public/org/springframework/spring-jcl/5.3.23/spring-jcl-5.3.23.pom (1.8 kB at 52 kB/s)
#18 33.78 [INFO] Downloading from aliyun: https://maven.aliyun.com/repository/public/org/springframework/spring-context/5.3.23/spring-context-5.3.23.pom
#18 34.05 [INFO] Downloaded from aliyun: https://maven.aliyun.com/repository/public/org/springframework/spring-context/5.3.23/spring-context-5.3.23.pom (2.6 kB at 9.7 kB/s)
#18 34.05 [INFO] Downloading from aliyun: https://maven.aliyun.com/repository/public/org/springframework/spring-aop/5.3.23/spring-aop-5.3.23.pom
#18 34.08 [INFO] Downloaded from aliyun: https://maven.aliyun.com/repository/public/org/springframework/spring-aop/5.3.23/spring-aop-5.3.23.pom (2.2 kB at 69 kB/s)
#18 34.09 [INFO] Downloading from aliyun: https://maven.aliyun.com/repository/public/org/springframework/spring-beans/5.3.23/spring-beans-5.3.23.pom
#18 34.12 [INFO] Downloaded from aliyun: https://maven.aliyun.com/repository/public/org/springframework/spring-beans/5.3.23/spring-beans-5.3.23.pom (2.0 kB at 61 kB/s)
#18 34.12 [INFO] Downloading from aliyun: https://maven.aliyun.com/repository/public/org/springframework/spring-expression/5.3.23/spring-expression-5.3.23.pom
#18 34.40 [INFO] Downloaded from aliyun: https://maven.aliyun.com/repository/public/org/springframework/spring-expression/5.3.23/spring-expression-5.3.23.pom (2.1 kB at 7.5 kB/s)
#18 34.40 [INFO] Downloading from aliyun: https://maven.aliyun.com/repository/public/org/springframework/boot/spring-boot-configuration-processor/2.7.5/spring-boot-configuration-processor-2.7.5.pom
#18 34.67 [INFO] Downloaded from aliyun: https://maven.aliyun.com/repository/public/org/springframework/boot/spring-boot-configuration-processor/2.7.5/spring-boot-configuration-processor-2.7.5.pom (1.9 kB at 7.1 kB/s)
#18 34.67 [INFO] Downloading from aliyun: https://maven.aliyun.com/repository/public/org/springframework/boot/spring-boot-starter-web/2.7.5/spring-boot-starter-web-2.7.5.pom
#18 34.94 [INFO] Downloaded from aliyun: https://maven.aliyun.com/repository/public/org/springframework/boot/spring-boot-starter-web/2.7.5/spring-boot-starter-web-2.7.5.pom (3.0 kB at 11 kB/s)
#18 34.94 [INFO] Downloading from aliyun: https://maven.aliyun.com/repository/public/org/springframework/boot/spring-boot-starter/2.7.5/spring-boot-starter-2.7.5.pom
#18 35.20 [INFO] Downloaded from aliyun: https://maven.aliyun.com/repository/public/org/springframework/boot/spring-boot-starter/2.7.5/spring-boot-starter-2.7.5.pom (3.1 kB at 12 kB/s)
#18 35.21 [INFO] Downloading from aliyun: https://maven.aliyun.com/repository/public/jakarta/annotation/jakarta.annotation-api/1.3.5/jakarta.annotation-api-1.3.5.pom
#18 35.26 [INFO] Downloaded from aliyun: https://maven.aliyun.com/repository/public/jakarta/annotation/jakarta.annotation-api/1.3.5/jakarta.annotation-api-1.3.5.pom (16 kB at 318 kB/s)
#18 35.26 [INFO] Downloading from aliyun: https://maven.aliyun.com/repository/public/jakarta/annotation/ca-parent/1.3.5/ca-parent-1.3.5.pom
#18 35.31 [INFO] Downloaded from aliyun: https://maven.aliyun.com/repository/public/jakarta/annotation/ca-parent/1.3.5/ca-parent-1.3.5.pom (2.8 kB at 60 kB/s)
#18 35.31 [INFO] Downloading from aliyun: https://maven.aliyun.com/repository/public/org/eclipse/ee4j/project/1.0.5/project-1.0.5.pom
#18 35.36 [INFO] Downloaded from aliyun: https://maven.aliyun.com/repository/public/org/eclipse/ee4j/project/1.0.5/project-1.0.5.pom (13 kB at 269 kB/s)
#18 35.37 [INFO] Downloading from aliyun: https://maven.aliyun.com/repository/public/org/yaml/snakeyaml/1.30/snakeyaml-1.30.pom
#18 35.61 [INFO] Downloaded from aliyun: https://maven.aliyun.com/repository/public/org/yaml/snakeyaml/1.30/snakeyaml-1.30.pom (37 kB at 154 kB/s)
#18 35.62 [INFO] Downloading from aliyun: https://maven.aliyun.com/repository/public/org/springframework/boot/spring-boot-starter-json/2.7.5/spring-boot-starter-json-2.7.5.pom
#18 35.86 [INFO] Downloaded from aliyun: https://maven.aliyun.com/repository/public/org/springframework/boot/spring-boot-starter-json/2.7.5/spring-boot-starter-json-2.7.5.pom (3.1 kB at 13 kB/s)
#18 35.86 [INFO] Downloading from aliyun: https://maven.aliyun.com/repository/public/org/springframework/spring-web/5.3.23/spring-web-5.3.23.pom
#18 36.10 [INFO] Downloaded from aliyun: https://maven.aliyun.com/repository/public/org/springframework/spring-web/5.3.23/spring-web-5.3.23.pom (2.2 kB at 9.2 kB/s)
#18 36.10 [INFO] Downloading from aliyun: https://maven.aliyun.com/repository/public/com/fasterxml/jackson/core/jackson-databind/2.13.4.2/jackson-databind-2.13.4.2.pom
#18 36.14 [INFO] Downloaded from aliyun: https://maven.aliyun.com/repository/public/com/fasterxml/jackson/core/jackson-databind/2.13.4.2/jackson-databind-2.13.4.2.pom (17 kB at 460 kB/s)
#18 36.14 [INFO] Downloading from aliyun: https://maven.aliyun.com/repository/public/com/fasterxml/jackson/jackson-base/2.13.4/jackson-base-2.13.4.pom
#18 36.18 [INFO] Downloaded from aliyun: https://maven.aliyun.com/repository/public/com/fasterxml/jackson/jackson-base/2.13.4/jackson-base-2.13.4.pom (9.9 kB at 290 kB/s)
#18 36.18 [INFO] Downloading from aliyun: https://maven.aliyun.com/repository/public/com/fasterxml/jackson/jackson-bom/2.13.4/jackson-bom-2.13.4.pom
#18 36.22 [INFO] Downloaded from aliyun: https://maven.aliyun.com/repository/public/com/fasterxml/jackson/jackson-bom/2.13.4/jackson-bom-2.13.4.pom (17 kB at 496 kB/s)
#18 36.22 [INFO] Downloading from aliyun: https://maven.aliyun.com/repository/public/com/fasterxml/jackson/core/jackson-annotations/2.13.4/jackson-annotations-2.13.4.pom
#18 36.26 [INFO] Downloaded from aliyun: https://maven.aliyun.com/repository/public/com/fasterxml/jackson/core/jackson-annotations/2.13.4/jackson-annotations-2.13.4.pom (6.1 kB at 164 kB/s)
#18 36.27 [INFO] Downloading from aliyun: https://maven.aliyun.com/repository/public/com/fasterxml/jackson/core/jackson-core/2.13.4/jackson-core-2.13.4.pom
#18 36.33 [INFO] Downloaded from aliyun: https://maven.aliyun.com/repository/public/com/fasterxml/jackson/core/jackson-core/2.13.4/jackson-core-2.13.4.pom (5.5 kB at 99 kB/s)
#18 36.33 [INFO] Downloading from aliyun: https://maven.aliyun.com/repository/public/com/fasterxml/jackson/datatype/jackson-datatype-jdk8/2.13.4/jackson-datatype-jdk8-2.13.4.pom
#18 36.48 [INFO] Downloaded from aliyun: https://maven.aliyun.com/repository/public/com/fasterxml/jackson/datatype/jackson-datatype-jdk8/2.13.4/jackson-datatype-jdk8-2.13.4.pom (2.6 kB at 17 kB/s)
#18 36.49 [INFO] Downloading from aliyun: https://maven.aliyun.com/repository/public/com/fasterxml/jackson/module/jackson-modules-java8/2.13.4/jackson-modules-java8-2.13.4.pom
#18 36.52 [INFO] Downloaded from aliyun: https://maven.aliyun.com/repository/public/com/fasterxml/jackson/module/jackson-modules-java8/2.13.4/jackson-modules-java8-2.13.4.pom (3.2 kB at 89 kB/s)
#18 36.53 [INFO] Downloading from aliyun: https://maven.aliyun.com/repository/public/com/fasterxml/jackson/datatype/jackson-datatype-jsr310/2.13.4/jackson-datatype-jsr310-2.13.4.pom
#18 36.77 [INFO] Downloaded from aliyun: https://maven.aliyun.com/repository/public/com/fasterxml/jackson/datatype/jackson-datatype-jsr310/2.13.4/jackson-datatype-jsr310-2.13.4.pom (4.9 kB at 20 kB/s)
#18 36.82 [INFO] Downloading from aliyun: https://maven.aliyun.com/repository/public/com/fasterxml/jackson/module/jackson-module-parameter-names/2.13.4/jackson-module-parameter-names-2.13.4.pom
#18 36.86 [INFO] Downloaded from aliyun: https://maven.aliyun.com/repository/public/com/fasterxml/jackson/module/jackson-module-parameter-names/2.13.4/jackson-module-parameter-names-2.13.4.pom (4.4 kB at 121 kB/s)
#18 36.86 [INFO] Downloading from aliyun: https://maven.aliyun.com/repository/public/org/springframework/boot/spring-boot-starter-tomcat/2.7.5/spring-boot-starter-tomcat-2.7.5.pom
#18 37.11 [INFO] Downloaded from aliyun: https://maven.aliyun.com/repository/public/org/springframework/boot/spring-boot-starter-tomcat/2.7.5/spring-boot-starter-tomcat-2.7.5.pom (3.1 kB at 13 kB/s)
#18 37.11 [INFO] Downloading from aliyun: https://maven.aliyun.com/repository/public/org/apache/tomcat/embed/tomcat-embed-core/9.0.68/tomcat-embed-core-9.0.68.pom
#18 37.33 [INFO] Downloaded from aliyun: https://maven.aliyun.com/repository/public/org/apache/tomcat/embed/tomcat-embed-core/9.0.68/tomcat-embed-core-9.0.68.pom (1.8 kB at 8.1 kB/s)
#18 37.33 [INFO] Downloading from aliyun: https://maven.aliyun.com/repository/public/org/apache/tomcat/embed/tomcat-embed-el/9.0.68/tomcat-embed-el-9.0.68.pom
#18 37.58 [INFO] Downloaded from aliyun: https://maven.aliyun.com/repository/public/org/apache/tomcat/embed/tomcat-embed-el/9.0.68/tomcat-embed-el-9.0.68.pom (1.5 kB at 6.3 kB/s)
#18 37.58 [INFO] Downloading from aliyun: https://maven.aliyun.com/repository/public/org/apache/tomcat/embed/tomcat-embed-websocket/9.0.68/tomcat-embed-websocket-9.0.68.pom
#18 37.83 [INFO] Downloaded from aliyun: https://maven.aliyun.com/repository/public/org/apache/tomcat/embed/tomcat-embed-websocket/9.0.68/tomcat-embed-websocket-9.0.68.pom (1.8 kB at 7.1 kB/s)
#18 37.83 [INFO] Downloading from aliyun: https://maven.aliyun.com/repository/public/org/springframework/spring-webmvc/5.3.23/spring-webmvc-5.3.23.pom
#18 38.00 [INFO] Downloaded from aliyun: https://maven.aliyun.com/repository/public/org/springframework/spring-webmvc/5.3.23/spring-webmvc-5.3.23.pom (3.0 kB at 18 kB/s)
#18 38.00 [INFO] Downloading from aliyun: https://maven.aliyun.com/repository/public/org/springframework/boot/spring-boot-starter-log4j2/2.7.5/spring-boot-starter-log4j2-2.7.5.pom
#18 38.52 [INFO] Downloaded from aliyun: https://maven.aliyun.com/repository/public/org/springframework/boot/spring-boot-starter-log4j2/2.7.5/spring-boot-starter-log4j2-2.7.5.pom (2.7 kB at 5.2 kB/s)
#18 38.52 [INFO] Downloading from aliyun: https://maven.aliyun.com/repository/public/org/apache/logging/log4j/log4j-slf4j-impl/2.17.2/log4j-slf4j-impl-2.17.2.pom
#18 38.77 [INFO] Downloaded from aliyun: https://maven.aliyun.com/repository/public/org/apache/logging/log4j/log4j-slf4j-impl/2.17.2/log4j-slf4j-impl-2.17.2.pom (12 kB at 48 kB/s)
#18 38.77 [INFO] Downloading from aliyun: https://maven.aliyun.com/repository/public/org/apache/logging/log4j/log4j/2.17.2/log4j-2.17.2.pom
#18 38.83 [INFO] Downloaded from aliyun: https://maven.aliyun.com/repository/public/org/apache/logging/log4j/log4j/2.17.2/log4j-2.17.2.pom (73 kB at 1.3 MB/s)
#18 38.84 [INFO] Downloading from aliyun: https://maven.aliyun.com/repository/public/org/slf4j/slf4j-api/1.7.36/slf4j-api-1.7.36.pom
#18 39.01 [INFO] Downloaded from aliyun: https://maven.aliyun.com/repository/public/org/slf4j/slf4j-api/1.7.36/slf4j-api-1.7.36.pom (2.7 kB at 16 kB/s)
#18 39.01 [INFO] Downloading from aliyun: https://maven.aliyun.com/repository/public/org/slf4j/slf4j-parent/1.7.36/slf4j-parent-1.7.36.pom
#18 39.05 [INFO] Downloaded from aliyun: https://maven.aliyun.com/repository/public/org/slf4j/slf4j-parent/1.7.36/slf4j-parent-1.7.36.pom (14 kB at 381 kB/s)
#18 39.06 [INFO] Downloading from aliyun: https://maven.aliyun.com/repository/public/org/apache/logging/log4j/log4j-api/2.17.2/log4j-api-2.17.2.pom
#18 39.11 [INFO] Downloaded from aliyun: https://maven.aliyun.com/repository/public/org/apache/logging/log4j/log4j-api/2.17.2/log4j-api-2.17.2.pom (14 kB at 288 kB/s)
#18 39.12 [INFO] Downloading from aliyun: https://maven.aliyun.com/repository/public/org/apache/logging/log4j/log4j-core/2.17.2/log4j-core-2.17.2.pom
#18 39.34 [INFO] Downloaded from aliyun: https://maven.aliyun.com/repository/public/org/apache/logging/log4j/log4j-core/2.17.2/log4j-core-2.17.2.pom (23 kB at 107 kB/s)
#18 39.35 [INFO] Downloading from aliyun: https://maven.aliyun.com/repository/public/org/apache/logging/log4j/log4j-jul/2.17.2/log4j-jul-2.17.2.pom
#18 39.57 [INFO] Downloaded from aliyun: https://maven.aliyun.com/repository/public/org/apache/logging/log4j/log4j-jul/2.17.2/log4j-jul-2.17.2.pom (8.8 kB at 39 kB/s)
#18 39.58 [INFO] Downloading from aliyun: https://maven.aliyun.com/repository/public/org/slf4j/jul-to-slf4j/1.7.36/jul-to-slf4j-1.7.36.pom
#18 39.80 [INFO] Downloaded from aliyun: https://maven.aliyun.com/repository/public/org/slf4j/jul-to-slf4j/1.7.36/jul-to-slf4j-1.7.36.pom (991 B at 4.5 kB/s)
#18 39.81 [INFO] Downloading from aliyun: https://maven.aliyun.com/repository/public/org/springframework/boot/spring-boot-starter-aop/2.7.5/spring-boot-starter-aop-2.7.5.pom
#18 40.05 [INFO] Downloaded from aliyun: https://maven.aliyun.com/repository/public/org/springframework/boot/spring-boot-starter-aop/2.7.5/spring-boot-starter-aop-2.7.5.pom (2.5 kB at 10 kB/s)
#18 40.06 [INFO] Downloading from aliyun: https://maven.aliyun.com/repository/public/org/springframework/boot/spring-boot-starter-logging/2.7.5/spring-boot-starter-logging-2.7.5.pom
#18 40.32 [INFO] Downloaded from aliyun: https://maven.aliyun.com/repository/public/org/springframework/boot/spring-boot-starter-logging/2.7.5/spring-boot-starter-logging-2.7.5.pom (2.5 kB at 9.6 kB/s)
#18 40.32 [INFO] Downloading from aliyun: https://maven.aliyun.com/repository/public/ch/qos/logback/logback-classic/1.2.11/logback-classic-1.2.11.pom
#18 40.36 [INFO] Downloaded from aliyun: https://maven.aliyun.com/repository/public/ch/qos/logback/logback-classic/1.2.11/logback-classic-1.2.11.pom (9.7 kB at 277 kB/s)
#18 40.36 [INFO] Downloading from aliyun: https://maven.aliyun.com/repository/public/ch/qos/logback/logback-parent/1.2.11/logback-parent-1.2.11.pom
#18 40.40 [INFO] Downloaded from aliyun: https://maven.aliyun.com/repository/public/ch/qos/logback/logback-parent/1.2.11/logback-parent-1.2.11.pom (19 kB at 551 kB/s)
#18 40.40 [INFO] Downloading from aliyun: https://maven.aliyun.com/repository/public/ch/qos/logback/logback-core/1.2.11/logback-core-1.2.11.pom
#18 40.44 [INFO] Downloaded from aliyun: https://maven.aliyun.com/repository/public/ch/qos/logback/logback-core/1.2.11/logback-core-1.2.11.pom (4.2 kB at 123 kB/s)
#18 40.44 [INFO] Downloading from aliyun: https://maven.aliyun.com/repository/public/org/apache/logging/log4j/log4j-to-slf4j/2.17.2/log4j-to-slf4j-2.17.2.pom
#18 40.50 [INFO] Downloaded from aliyun: https://maven.aliyun.com/repository/public/org/apache/logging/log4j/log4j-to-slf4j/2.17.2/log4j-to-slf4j-2.17.2.pom (7.3 kB at 125 kB/s)
#18 40.51 [INFO] Downloading from aliyun: https://maven.aliyun.com/repository/public/org/aspectj/aspectjweaver/1.9.7/aspectjweaver-1.9.7.pom
#18 40.74 [INFO] Downloaded from aliyun: https://maven.aliyun.com/repository/public/org/aspectj/aspectjweaver/1.9.7/aspectjweaver-1.9.7.pom (2.1 kB at 9.2 kB/s)
#18 40.74 [INFO] Downloading from aliyun: https://maven.aliyun.com/repository/public/org/springframework/boot/spring-boot-starter-validation/2.7.5/spring-boot-starter-validation-2.7.5.pom
#18 40.97 [INFO] Downloaded from aliyun: https://maven.aliyun.com/repository/public/org/springframework/boot/spring-boot-starter-validation/2.7.5/spring-boot-starter-validation-2.7.5.pom (2.5 kB at 11 kB/s)
#18 40.98 [INFO] Downloading from aliyun: https://maven.aliyun.com/repository/public/org/hibernate/validator/hibernate-validator/6.2.5.Final/hibernate-validator-6.2.5.Final.pom
#18 41.21 [INFO] Downloaded from aliyun: https://maven.aliyun.com/repository/public/org/hibernate/validator/hibernate-validator/6.2.5.Final/hibernate-validator-6.2.5.Final.pom (14 kB at 63 kB/s)
#18 41.21 [INFO] Downloading from aliyun: https://maven.aliyun.com/repository/public/org/hibernate/validator/hibernate-validator-parent/6.2.5.Final/hibernate-validator-parent-6.2.5.Final.pom
#18 41.47 [INFO] Downloaded from aliyun: https://maven.aliyun.com/repository/public/org/hibernate/validator/hibernate-validator-parent/6.2.5.Final/hibernate-validator-parent-6.2.5.Final.pom (78 kB at 297 kB/s)
#18 41.48 [INFO] Downloading from aliyun: https://maven.aliyun.com/repository/public/org/jboss/arquillian/arquillian-bom/1.6.0.Final/arquillian-bom-1.6.0.Final.pom
#18 41.71 [INFO] Downloaded from aliyun: https://maven.aliyun.com/repository/public/org/jboss/arquillian/arquillian-bom/1.6.0.Final/arquillian-bom-1.6.0.Final.pom (9.2 kB at 40 kB/s)
#18 41.71 [INFO] Downloading from aliyun: https://maven.aliyun.com/repository/public/org/jboss/shrinkwrap/shrinkwrap-bom/1.2.6/shrinkwrap-bom-1.2.6.pom
#18 41.75 [INFO] Downloaded from aliyun: https://maven.aliyun.com/repository/public/org/jboss/shrinkwrap/shrinkwrap-bom/1.2.6/shrinkwrap-bom-1.2.6.pom (4.0 kB at 114 kB/s)
#18 41.75 [INFO] Downloading from aliyun: https://maven.aliyun.com/repository/public/org/jboss/shrinkwrap/resolver/shrinkwrap-resolver-bom/3.1.4/shrinkwrap-resolver-bom-3.1.4.pom
#18 41.79 [INFO] Downloaded from aliyun: https://maven.aliyun.com/repository/public/org/jboss/shrinkwrap/resolver/shrinkwrap-resolver-bom/3.1.4/shrinkwrap-resolver-bom-3.1.4.pom (7.0 kB at 200 kB/s)
#18 41.79 [INFO] Downloading from aliyun: https://maven.aliyun.com/repository/public/org/apache/maven/maven/3.6.3/maven-3.6.3.pom
#18 41.82 [INFO] Downloaded from aliyun: https://maven.aliyun.com/repository/public/org/apache/maven/maven/3.6.3/maven-3.6.3.pom (26 kB at 755 kB/s)
#18 41.83 [INFO] Downloading from aliyun: https://maven.aliyun.com/repository/public/org/apache/maven/maven-parent/33/maven-parent-33.pom
#18 41.86 [INFO] Downloaded from aliyun: https://maven.aliyun.com/repository/public/org/apache/maven/maven-parent/33/maven-parent-33.pom (44 kB at 1.2 MB/s)
#18 41.87 [INFO] Downloading from aliyun: https://maven.aliyun.com/repository/public/org/apache/apache/21/apache-21.pom
#18 41.91 [INFO] Downloaded from aliyun: https://maven.aliyun.com/repository/public/org/apache/apache/21/apache-21.pom (17 kB at 417 kB/s)
#18 41.91 [INFO] Downloading from aliyun: https://maven.aliyun.com/repository/public/org/jboss/shrinkwrap/descriptors/shrinkwrap-descriptors-bom/2.0.0/shrinkwrap-descriptors-bom-2.0.0.pom
#18 41.95 [INFO] Downloaded from aliyun: https://maven.aliyun.com/repository/public/org/jboss/shrinkwrap/descriptors/shrinkwrap-descriptors-bom/2.0.0/shrinkwrap-descriptors-bom-2.0.0.pom (5.2 kB at 154 kB/s)
#18 41.95 [INFO] Downloading from aliyun: https://maven.aliyun.com/repository/public/jakarta/validation/jakarta.validation-api/2.0.2/jakarta.validation-api-2.0.2.pom
#18 42.01 [INFO] Downloaded from aliyun: https://maven.aliyun.com/repository/public/jakarta/validation/jakarta.validation-api/2.0.2/jakarta.validation-api-2.0.2.pom (11 kB at 210 kB/s)
#18 42.01 [INFO] Downloading from aliyun: https://maven.aliyun.com/repository/public/org/jboss/logging/jboss-logging/3.4.3.Final/jboss-logging-3.4.3.Final.pom
#18 42.06 [INFO] Downloaded from aliyun: https://maven.aliyun.com/repository/public/org/jboss/logging/jboss-logging/3.4.3.Final/jboss-logging-3.4.3.Final.pom (15 kB at 300 kB/s)
#18 42.06 [INFO] Downloading from aliyun: https://maven.aliyun.com/repository/public/org/jboss/jboss-parent/39/jboss-parent-39.pom
#18 42.09 [INFO] Downloaded from aliyun: https://maven.aliyun.com/repository/public/org/jboss/jboss-parent/39/jboss-parent-39.pom (68 kB at 2.0 MB/s)
#18 42.10 [INFO] Downloading from aliyun: https://maven.aliyun.com/repository/public/com/fasterxml/classmate/1.5.1/classmate-1.5.1.pom
#18 42.32 [INFO] Downloaded from aliyun: https://maven.aliyun.com/repository/public/com/fasterxml/classmate/1.5.1/classmate-1.5.1.pom (7.3 kB at 34 kB/s)
#18 42.32 [INFO] Downloading from aliyun: https://maven.aliyun.com/repository/public/com/fasterxml/oss-parent/35/oss-parent-35.pom
#18 42.54 [INFO] Downloaded from aliyun: https://maven.aliyun.com/repository/public/com/fasterxml/oss-parent/35/oss-parent-35.pom (23 kB at 104 kB/s)
#18 42.54 [INFO] Downloading from aliyun: https://maven.aliyun.com/repository/public/org/springframework/boot/spring-boot-starter-data-redis/2.7.5/spring-boot-starter-data-redis-2.7.5.pom
#18 42.80 [INFO] Downloaded from aliyun: https://maven.aliyun.com/repository/public/org/springframework/boot/spring-boot-starter-data-redis/2.7.5/spring-boot-starter-data-redis-2.7.5.pom (2.5 kB at 9.7 kB/s)
#18 42.81 [INFO] Downloading from aliyun: https://maven.aliyun.com/repository/public/org/springframework/data/spring-data-redis/2.7.5/spring-data-redis-2.7.5.pom
#18 43.15 [INFO] Downloaded from aliyun: https://maven.aliyun.com/repository/public/org/springframework/data/spring-data-redis/2.7.5/spring-data-redis-2.7.5.pom (8.5 kB at 25 kB/s)
#18 43.16 [INFO] Downloading from aliyun: https://maven.aliyun.com/repository/public/org/springframework/data/build/spring-data-parent/2.7.5/spring-data-parent-2.7.5.pom
#18 43.41 [INFO] Downloaded from aliyun: https://maven.aliyun.com/repository/public/org/springframework/data/build/spring-data-parent/2.7.5/spring-data-parent-2.7.5.pom (39 kB at 154 kB/s)
#18 43.41 [INFO] Downloading from aliyun: https://maven.aliyun.com/repository/public/org/springframework/data/build/spring-data-build/2.7.5/spring-data-build-2.7.5.pom
#18 43.76 [INFO] Downloaded from aliyun: https://maven.aliyun.com/repository/public/org/springframework/data/build/spring-data-build/2.7.5/spring-data-build-2.7.5.pom (7.5 kB at 22 kB/s)
#18 43.78 [INFO] Downloading from aliyun: https://maven.aliyun.com/repository/public/org/springframework/data/spring-data-keyvalue/2.7.5/spring-data-keyvalue-2.7.5.pom
#18 44.07 [INFO] Downloaded from aliyun: https://maven.aliyun.com/repository/public/org/springframework/data/spring-data-keyvalue/2.7.5/spring-data-keyvalue-2.7.5.pom (2.8 kB at 9.7 kB/s)
#18 44.07 [INFO] Downloading from aliyun: https://maven.aliyun.com/repository/public/org/springframework/data/spring-data-commons/2.7.5/spring-data-commons-2.7.5.pom
#18 44.33 [INFO] Downloaded from aliyun: https://maven.aliyun.com/repository/public/org/springframework/data/spring-data-commons/2.7.5/spring-data-commons-2.7.5.pom (10 kB at 41 kB/s)
#18 44.34 [INFO] Downloading from aliyun: https://maven.aliyun.com/repository/public/org/springframework/spring-tx/5.3.23/spring-tx-5.3.23.pom
#18 44.57 [INFO] Downloaded from aliyun: https://maven.aliyun.com/repository/public/org/springframework/spring-tx/5.3.23/spring-tx-5.3.23.pom (2.2 kB at 9.5 kB/s)
#18 44.57 [INFO] Downloading from aliyun: https://maven.aliyun.com/repository/public/org/springframework/spring-oxm/5.3.23/spring-oxm-5.3.23.pom
#18 44.72 [INFO] Downloaded from aliyun: https://maven.aliyun.com/repository/public/org/springframework/spring-oxm/5.3.23/spring-oxm-5.3.23.pom (2.2 kB at 15 kB/s)
#18 44.73 [INFO] Downloading from aliyun: https://maven.aliyun.com/repository/public/org/springframework/spring-context-support/5.3.23/spring-context-support-5.3.23.pom
#18 44.98 [INFO] Downloaded from aliyun: https://maven.aliyun.com/repository/public/org/springframework/spring-context-support/5.3.23/spring-context-support-5.3.23.pom (2.4 kB at 9.5 kB/s)
#18 44.99 [INFO] Downloading from aliyun: https://maven.aliyun.com/repository/public/io/lettuce/lettuce-core/6.1.10.RELEASE/lettuce-core-6.1.10.RELEASE.pom
#18 45.23 [INFO] Downloaded from aliyun: https://maven.aliyun.com/repository/public/io/lettuce/lettuce-core/6.1.10.RELEASE/lettuce-core-6.1.10.RELEASE.pom (7.1 kB at 29 kB/s)
#18 45.24 [INFO] Downloading from aliyun: https://maven.aliyun.com/repository/public/io/netty/netty-common/4.1.84.Final/netty-common-4.1.84.Final.pom
#18 45.62 [INFO] Downloaded from aliyun: https://maven.aliyun.com/repository/public/io/netty/netty-common/4.1.84.Final/netty-common-4.1.84.Final.pom (12 kB at 30 kB/s)
#18 45.63 [INFO] Downloading from aliyun: https://maven.aliyun.com/repository/public/io/netty/netty-parent/4.1.84.Final/netty-parent-4.1.84.Final.pom
#18 45.86 [INFO] Downloaded from aliyun: https://maven.aliyun.com/repository/public/io/netty/netty-parent/4.1.84.Final/netty-parent-4.1.84.Final.pom (78 kB at 336 kB/s)
#18 45.87 [INFO] Downloading from aliyun: https://maven.aliyun.com/repository/public/org/sonatype/oss/oss-parent/9/oss-parent-9.pom
#18 45.91 [INFO] Downloaded from aliyun: https://maven.aliyun.com/repository/public/org/sonatype/oss/oss-parent/9/oss-parent-9.pom (6.6 kB at 182 kB/s)
#18 45.91 [INFO] Downloading from aliyun: https://maven.aliyun.com/repository/public/io/netty/netty-handler/4.1.84.Final/netty-handler-4.1.84.Final.pom
#18 46.17 [INFO] Downloaded from aliyun: https://maven.aliyun.com/repository/public/io/netty/netty-handler/4.1.84.Final/netty-handler-4.1.84.Final.pom (4.5 kB at 18 kB/s)
#18 46.17 [INFO] Downloading from aliyun: https://maven.aliyun.com/repository/public/io/netty/netty-resolver/4.1.84.Final/netty-resolver-4.1.84.Final.pom
#18 46.37 [INFO] Downloaded from aliyun: https://maven.aliyun.com/repository/public/io/netty/netty-resolver/4.1.84.Final/netty-resolver-4.1.84.Final.pom (1.6 kB at 7.9 kB/s)
#18 46.38 [INFO] Downloading from aliyun: https://maven.aliyun.com/repository/public/io/netty/netty-buffer/4.1.84.Final/netty-buffer-4.1.84.Final.pom
#18 46.63 [INFO] Downloaded from aliyun: https://maven.aliyun.com/repository/public/io/netty/netty-buffer/4.1.84.Final/netty-buffer-4.1.84.Final.pom (1.6 kB at 6.4 kB/s)
#18 46.63 [INFO] Downloading from aliyun: https://maven.aliyun.com/repository/public/io/netty/netty-transport/4.1.84.Final/netty-transport-4.1.84.Final.pom
#18 46.88 [INFO] Downloaded from aliyun: https://maven.aliyun.com/repository/public/io/netty/netty-transport/4.1.84.Final/netty-transport-4.1.84.Final.pom (2.2 kB at 8.8 kB/s)
#18 46.88 [INFO] Downloading from aliyun: https://maven.aliyun.com/repository/public/io/netty/netty-transport-native-unix-common/4.1.84.Final/netty-transport-native-unix-common-4.1.84.Final.pom
#18 47.21 [INFO] Downloaded from aliyun: https://maven.aliyun.com/repository/public/io/netty/netty-transport-native-unix-common/4.1.84.Final/netty-transport-native-unix-common-4.1.84.Final.pom (29 kB at 90 kB/s)
#18 47.22 [INFO] Downloading from aliyun: https://maven.aliyun.com/repository/public/io/netty/netty-codec/4.1.84.Final/netty-codec-4.1.84.Final.pom
#18 47.46 [INFO] Downloaded from aliyun: https://maven.aliyun.com/repository/public/io/netty/netty-codec/4.1.84.Final/netty-codec-4.1.84.Final.pom (5.0 kB at 21 kB/s)
#18 47.47 [INFO] Downloading from aliyun: https://maven.aliyun.com/repository/public/io/projectreactor/reactor-core/3.4.24/reactor-core-3.4.24.pom
#18 47.72 [INFO] Downloaded from aliyun: https://maven.aliyun.com/repository/public/io/projectreactor/reactor-core/3.4.24/reactor-core-3.4.24.pom (2.1 kB at 8.6 kB/s)
#18 47.72 [INFO] Downloading from aliyun: https://maven.aliyun.com/repository/public/org/reactivestreams/reactive-streams/1.0.4/reactive-streams-1.0.4.pom
#18 47.75 [INFO] Downloaded from aliyun: https://maven.aliyun.com/repository/public/org/reactivestreams/reactive-streams/1.0.4/reactive-streams-1.0.4.pom (1.1 kB at 35 kB/s)
#18 47.76 [INFO] Downloading from aliyun: https://maven.aliyun.com/repository/public/mysql/mysql-connector-java/5.1.49/mysql-connector-java-5.1.49.pom
#18 48.04 [INFO] Downloaded from aliyun: https://maven.aliyun.com/repository/public/mysql/mysql-connector-java/5.1.49/mysql-connector-java-5.1.49.pom (1.1 kB at 3.9 kB/s)
#18 48.04 [INFO] Downloading from aliyun: https://maven.aliyun.com/repository/public/com/baomidou/mybatis-plus-boot-starter/3.5.2/mybatis-plus-boot-starter-3.5.2.pom
#18 48.32 [INFO] Downloaded from aliyun: https://maven.aliyun.com/repository/public/com/baomidou/mybatis-plus-boot-starter/3.5.2/mybatis-plus-boot-starter-3.5.2.pom (3.5 kB at 13 kB/s)
#18 48.32 [INFO] Downloading from aliyun: https://maven.aliyun.com/repository/public/org/springframework/boot/spring-boot-dependencies/2.5.3/spring-boot-dependencies-2.5.3.pom
#18 48.41 [INFO] Downloaded from aliyun: https://maven.aliyun.com/repository/public/org/springframework/boot/spring-boot-dependencies/2.5.3/spring-boot-dependencies-2.5.3.pom (109 kB at 1.3 MB/s)
#18 48.42 [INFO] Downloading from aliyun: https://maven.aliyun.com/repository/public/com/datastax/oss/java-driver-bom/4.11.2/java-driver-bom-4.11.2.pom
#18 48.48 [INFO] Downloaded from aliyun: https://maven.aliyun.com/repository/public/com/datastax/oss/java-driver-bom/4.11.2/java-driver-bom-4.11.2.pom (4.1 kB at 66 kB/s)
#18 48.48 [INFO] Downloading from aliyun: https://maven.aliyun.com/repository/public/io/dropwizard/metrics/metrics-bom/4.1.25/metrics-bom-4.1.25.pom
#18 48.54 [INFO] Downloaded from aliyun: https://maven.aliyun.com/repository/public/io/dropwizard/metrics/metrics-bom/4.1.25/metrics-bom-4.1.25.pom (5.3 kB at 89 kB/s)
#18 48.55 [INFO] Downloading from aliyun: https://maven.aliyun.com/repository/public/io/dropwizard/metrics/metrics-parent/4.1.25/metrics-parent-4.1.25.pom
#18 48.61 [INFO] Downloaded from aliyun: https://maven.aliyun.com/repository/public/io/dropwizard/metrics/metrics-parent/4.1.25/metrics-parent-4.1.25.pom (17 kB at 287 kB/s)
#18 48.61 [INFO] Downloading from aliyun: https://maven.aliyun.com/repository/public/org/codehaus/groovy/groovy-bom/3.0.8/groovy-bom-3.0.8.pom
#18 48.79 [INFO] Downloaded from aliyun: https://maven.aliyun.com/repository/public/org/codehaus/groovy/groovy-bom/3.0.8/groovy-bom-3.0.8.pom (26 kB at 145 kB/s)
#18 48.79 [INFO] Downloading from aliyun: https://maven.aliyun.com/repository/public/org/infinispan/infinispan-bom/12.1.7.Final/infinispan-bom-12.1.7.Final.pom
#18 48.86 [INFO] Downloaded from aliyun: https://maven.aliyun.com/repository/public/org/infinispan/infinispan-bom/12.1.7.Final/infinispan-bom-12.1.7.Final.pom (18 kB at 289 kB/s)
#18 48.86 [INFO] Downloading from aliyun: https://maven.aliyun.com/repository/public/org/infinispan/infinispan-build-configuration-parent/12.1.7.Final/infinispan-build-configuration-parent-12.1.7.Final.pom
#18 49.10 [INFO] Downloaded from aliyun: https://maven.aliyun.com/repository/public/org/infinispan/infinispan-build-configuration-parent/12.1.7.Final/infinispan-build-configuration-parent-12.1.7.Final.pom (14 kB at 56 kB/s)
#18 49.11 [INFO] Downloading from aliyun: https://maven.aliyun.com/repository/public/com/fasterxml/jackson/jackson-bom/2.12.4/jackson-bom-2.12.4.pom
#18 49.34 [INFO] Downloaded from aliyun: https://maven.aliyun.com/repository/public/com/fasterxml/jackson/jackson-bom/2.12.4/jackson-bom-2.12.4.pom (17 kB at 77 kB/s)
#18 49.34 [INFO] Downloading from aliyun: https://maven.aliyun.com/repository/public/com/fasterxml/jackson/jackson-parent/2.12/jackson-parent-2.12.pom
#18 49.63 [INFO] Downloaded from aliyun: https://maven.aliyun.com/repository/public/com/fasterxml/jackson/jackson-parent/2.12/jackson-parent-2.12.pom (7.5 kB at 26 kB/s)
#18 49.63 [INFO] Downloading from aliyun: https://maven.aliyun.com/repository/public/com/fasterxml/oss-parent/41/oss-parent-41.pom
#18 49.68 [INFO] Downloaded from aliyun: https://maven.aliyun.com/repository/public/com/fasterxml/oss-parent/41/oss-parent-41.pom (23 kB at 450 kB/s)
#18 49.69 [INFO] Downloading from aliyun: https://maven.aliyun.com/repository/public/org/glassfish/jersey/jersey-bom/2.33/jersey-bom-2.33.pom
#18 49.74 [INFO] Downloaded from aliyun: https://maven.aliyun.com/repository/public/org/glassfish/jersey/jersey-bom/2.33/jersey-bom-2.33.pom (19 kB at 406 kB/s)
#18 49.74 [INFO] Downloading from aliyun: https://maven.aliyun.com/repository/public/org/eclipse/jetty/jetty-bom/9.4.43.v20210629/jetty-bom-9.4.43.v20210629.pom
#18 49.80 [INFO] Downloaded from aliyun: https://maven.aliyun.com/repository/public/org/eclipse/jetty/jetty-bom/9.4.43.v20210629/jetty-bom-9.4.43.v20210629.pom (18 kB at 310 kB/s)
#18 49.80 [INFO] Downloading from aliyun: https://maven.aliyun.com/repository/public/org/junit/junit-bom/5.7.2/junit-bom-5.7.2.pom
#18 49.84 [INFO] Downloaded from aliyun: https://maven.aliyun.com/repository/public/org/junit/junit-bom/5.7.2/junit-bom-5.7.2.pom (5.1 kB at 150 kB/s)
#18 49.84 [INFO] Downloading from aliyun: https://maven.aliyun.com/repository/public/org/jetbrains/kotlin/kotlin-bom/1.5.21/kotlin-bom-1.5.21.pom
#18 49.90 [INFO] Downloaded from aliyun: https://maven.aliyun.com/repository/public/org/jetbrains/kotlin/kotlin-bom/1.5.21/kotlin-bom-1.5.21.pom (9.3 kB at 153 kB/s)
#18 49.90 [INFO] Downloading from aliyun: https://maven.aliyun.com/repository/public/org/jetbrains/kotlinx/kotlinx-coroutines-bom/1.5.1/kotlinx-coroutines-bom-1.5.1.pom
#18 50.16 [INFO] Downloaded from aliyun: https://maven.aliyun.com/repository/public/org/jetbrains/kotlinx/kotlinx-coroutines-bom/1.5.1/kotlinx-coroutines-bom-1.5.1.pom (4.1 kB at 16 kB/s)
#18 50.16 [INFO] Downloading from aliyun: https://maven.aliyun.com/repository/public/org/apache/logging/log4j/log4j-bom/2.14.1/log4j-bom-2.14.1.pom
#18 50.41 [INFO] Downloaded from aliyun: https://maven.aliyun.com/repository/public/org/apache/logging/log4j/log4j-bom/2.14.1/log4j-bom-2.14.1.pom (8.1 kB at 33 kB/s)
#18 50.41 [INFO] Downloading from aliyun: https://maven.aliyun.com/repository/public/org/apache/logging/logging-parent/3/logging-parent-3.pom
#18 50.46 [INFO] Downloaded from aliyun: https://maven.aliyun.com/repository/public/org/apache/logging/logging-parent/3/logging-parent-3.pom (3.1 kB at 60 kB/s)
#18 50.46 [INFO] Downloading from aliyun: https://maven.aliyun.com/repository/public/io/micrometer/micrometer-bom/1.7.2/micrometer-bom-1.7.2.pom
#18 50.51 [INFO] Downloaded from aliyun: https://maven.aliyun.com/repository/public/io/micrometer/micrometer-bom/1.7.2/micrometer-bom-1.7.2.pom (6.9 kB at 143 kB/s)
#18 50.52 [INFO] Downloading from aliyun: https://maven.aliyun.com/repository/public/io/netty/netty-bom/4.1.66.Final/netty-bom-4.1.66.Final.pom
#18 50.56 [INFO] Downloaded from aliyun: https://maven.aliyun.com/repository/public/io/netty/netty-bom/4.1.66.Final/netty-bom-4.1.66.Final.pom (8.8 kB at 187 kB/s)
#18 50.56 [INFO] Downloading from aliyun: https://maven.aliyun.com/repository/public/com/oracle/database/jdbc/ojdbc-bom/21.1.0.0/ojdbc-bom-21.1.0.0.pom
#18 50.61 [INFO] Downloaded from aliyun: https://maven.aliyun.com/repository/public/com/oracle/database/jdbc/ojdbc-bom/21.1.0.0/ojdbc-bom-21.1.0.0.pom (12 kB at 243 kB/s)
#18 50.62 [INFO] Downloading from aliyun: https://maven.aliyun.com/repository/public/io/prometheus/simpleclient_bom/0.10.0/simpleclient_bom-0.10.0.pom
#18 50.85 [INFO] Downloaded from aliyun: https://maven.aliyun.com/repository/public/io/prometheus/simpleclient_bom/0.10.0/simpleclient_bom-0.10.0.pom (4.9 kB at 21 kB/s)
#18 50.85 [INFO] Downloading from aliyun: https://maven.aliyun.com/repository/public/io/prometheus/parent/0.10.0/parent-0.10.0.pom
#18 51.15 [INFO] Downloaded from aliyun: https://maven.aliyun.com/repository/public/io/prometheus/parent/0.10.0/parent-0.10.0.pom (7.5 kB at 25 kB/s)
#18 51.15 [INFO] Downloading from aliyun: https://maven.aliyun.com/repository/public/io/r2dbc/r2dbc-bom/Arabba-SR10/r2dbc-bom-Arabba-SR10.pom
#18 51.38 [INFO] Downloaded from aliyun: https://maven.aliyun.com/repository/public/io/r2dbc/r2dbc-bom/Arabba-SR10/r2dbc-bom-Arabba-SR10.pom (4.3 kB at 19 kB/s)
#18 51.38 [INFO] Downloading from aliyun: https://maven.aliyun.com/repository/public/io/projectreactor/reactor-bom/2020.0.9/reactor-bom-2020.0.9.pom
#18 52.09 [INFO] Downloaded from aliyun: https://maven.aliyun.com/repository/public/io/projectreactor/reactor-bom/2020.0.9/reactor-bom-2020.0.9.pom (4.2 kB at 6.0 kB/s)
#18 52.09 [INFO] Downloading from aliyun: https://maven.aliyun.com/repository/public/io/rsocket/rsocket-bom/1.1.1/rsocket-bom-1.1.1.pom
#18 52.14 [INFO] Downloaded from aliyun: https://maven.aliyun.com/repository/public/io/rsocket/rsocket-bom/1.1.1/rsocket-bom-1.1.1.pom (2.6 kB at 59 kB/s)
#18 52.14 [INFO] Downloading from aliyun: https://maven.aliyun.com/repository/public/org/springframework/data/spring-data-bom/2021.0.3/spring-data-bom-2021.0.3.pom
#18 52.32 [INFO] Downloaded from aliyun: https://maven.aliyun.com/repository/public/org/springframework/data/spring-data-bom/2021.0.3/spring-data-bom-2021.0.3.pom (5.7 kB at 33 kB/s)
#18 52.32 [INFO] Downloading from aliyun: https://maven.aliyun.com/repository/public/org/springframework/spring-framework-bom/5.3.9/spring-framework-bom-5.3.9.pom
#18 52.57 [INFO] Downloaded from aliyun: https://maven.aliyun.com/repository/public/org/springframework/spring-framework-bom/5.3.9/spring-framework-bom-5.3.9.pom (5.6 kB at 23 kB/s)
#18 52.57 [INFO] Downloading from aliyun: https://maven.aliyun.com/repository/public/org/springframework/integration/spring-integration-bom/5.5.2/spring-integration-bom-5.5.2.pom
#18 52.81 [INFO] Downloaded from aliyun: https://maven.aliyun.com/repository/public/org/springframework/integration/spring-integration-bom/5.5.2/spring-integration-bom-5.5.2.pom (9.1 kB at 39 kB/s)
#18 52.81 [INFO] Downloading from aliyun: https://maven.aliyun.com/repository/public/org/springframework/security/spring-security-bom/5.5.1/spring-security-bom-5.5.1.pom
#18 52.97 [INFO] Downloaded from aliyun: https://maven.aliyun.com/repository/public/org/springframework/security/spring-security-bom/5.5.1/spring-security-bom-5.5.1.pom (5.7 kB at 36 kB/s)
#18 52.97 [INFO] Downloading from aliyun: https://maven.aliyun.com/repository/public/org/springframework/session/spring-session-bom/2021.0.1/spring-session-bom-2021.0.1.pom
#18 53.05 [INFO] Downloaded from aliyun: https://maven.aliyun.com/repository/public/org/springframework/session/spring-session-bom/2021.0.1/spring-session-bom-2021.0.1.pom (2.7 kB at 36 kB/s)
#18 53.06 [INFO] Downloading from aliyun: https://maven.aliyun.com/repository/public/com/baomidou/mybatis-plus/3.5.2/mybatis-plus-3.5.2.pom
#18 53.32 [INFO] Downloaded from aliyun: https://maven.aliyun.com/repository/public/com/baomidou/mybatis-plus/3.5.2/mybatis-plus-3.5.2.pom (1.6 kB at 6.3 kB/s)
#18 53.32 [INFO] Downloading from aliyun: https://maven.aliyun.com/repository/public/com/baomidou/mybatis-plus-extension/3.5.2/mybatis-plus-extension-3.5.2.pom
#18 53.50 [INFO] Downloaded from aliyun: https://maven.aliyun.com/repository/public/com/baomidou/mybatis-plus-extension/3.5.2/mybatis-plus-extension-3.5.2.pom (4.3 kB at 24 kB/s)
#18 53.51 [INFO] Downloading from aliyun: https://maven.aliyun.com/repository/public/com/baomidou/mybatis-plus-core/3.5.2/mybatis-plus-core-3.5.2.pom
#18 53.73 [INFO] Downloaded from aliyun: https://maven.aliyun.com/repository/public/com/baomidou/mybatis-plus-core/3.5.2/mybatis-plus-core-3.5.2.pom (3.1 kB at 14 kB/s)
#18 53.73 [INFO] Downloading from aliyun: https://maven.aliyun.com/repository/public/com/baomidou/mybatis-plus-annotation/3.5.2/mybatis-plus-annotation-3.5.2.pom
#18 53.96 [INFO] Downloaded from aliyun: https://maven.aliyun.com/repository/public/com/baomidou/mybatis-plus-annotation/3.5.2/mybatis-plus-annotation-3.5.2.pom (1.4 kB at 6.5 kB/s)
#18 53.96 [INFO] Downloading from aliyun: https://maven.aliyun.com/repository/public/com/github/jsqlparser/jsqlparser/4.4/jsqlparser-4.4.pom
#18 54.12 [INFO] Downloaded from aliyun: https://maven.aliyun.com/repository/public/com/github/jsqlparser/jsqlparser/4.4/jsqlparser-4.4.pom (27 kB at 167 kB/s)
#18 54.13 [INFO] Downloading from aliyun: https://maven.aliyun.com/repository/public/org/mybatis/mybatis/3.5.10/mybatis-3.5.10.pom
#18 54.35 [INFO] Downloaded from aliyun: https://maven.aliyun.com/repository/public/org/mybatis/mybatis/3.5.10/mybatis-3.5.10.pom (15 kB at 65 kB/s)
#18 54.36 [INFO] Downloading from aliyun: https://maven.aliyun.com/repository/public/org/mybatis/mybatis-parent/34/mybatis-parent-34.pom
#18 54.60 [INFO] Downloaded from aliyun: https://maven.aliyun.com/repository/public/org/mybatis/mybatis-parent/34/mybatis-parent-34.pom (49 kB at 200 kB/s)
#18 54.61 [INFO] Downloading from aliyun: https://maven.aliyun.com/repository/public/org/jetbrains/kotlin/kotlin-stdlib-jdk8/1.6.21/kotlin-stdlib-jdk8-1.6.21.pom
#18 54.82 [INFO] Downloaded from aliyun: https://maven.aliyun.com/repository/public/org/jetbrains/kotlin/kotlin-stdlib-jdk8/1.6.21/kotlin-stdlib-jdk8-1.6.21.pom (1.6 kB at 7.6 kB/s)
#18 54.82 [INFO] Downloading from aliyun: https://maven.aliyun.com/repository/public/org/jetbrains/kotlin/kotlin-stdlib/1.6.21/kotlin-stdlib-1.6.21.pom
#18 55.05 [INFO] Downloaded from aliyun: https://maven.aliyun.com/repository/public/org/jetbrains/kotlin/kotlin-stdlib/1.6.21/kotlin-stdlib-1.6.21.pom (1.6 kB at 6.7 kB/s)
#18 55.05 [INFO] Downloading from aliyun: https://maven.aliyun.com/repository/public/org/jetbrains/kotlin/kotlin-stdlib-common/1.6.21/kotlin-stdlib-common-1.6.21.pom
#18 55.21 [INFO] Downloaded from aliyun: https://maven.aliyun.com/repository/public/org/jetbrains/kotlin/kotlin-stdlib-common/1.6.21/kotlin-stdlib-common-1.6.21.pom (1.2 kB at 7.4 kB/s)
#18 55.22 [INFO] Downloading from aliyun: https://maven.aliyun.com/repository/public/org/jetbrains/annotations/13.0/annotations-13.0.pom
#18 55.25 [INFO] Downloaded from aliyun: https://maven.aliyun.com/repository/public/org/jetbrains/annotations/13.0/annotations-13.0.pom (4.9 kB at 126 kB/s)
#18 55.26 [INFO] Downloading from aliyun: https://maven.aliyun.com/repository/public/org/jetbrains/kotlin/kotlin-stdlib-jdk7/1.6.21/kotlin-stdlib-jdk7-1.6.21.pom
#18 55.48 [INFO] Downloaded from aliyun: https://maven.aliyun.com/repository/public/org/jetbrains/kotlin/kotlin-stdlib-jdk7/1.6.21/kotlin-stdlib-jdk7-1.6.21.pom (1.4 kB at 6.2 kB/s)
#18 55.49 [INFO] Downloading from aliyun: https://maven.aliyun.com/repository/public/org/mybatis/mybatis-spring/2.0.7/mybatis-spring-2.0.7.pom
#18 55.52 [INFO] Downloaded from aliyun: https://maven.aliyun.com/repository/public/org/mybatis/mybatis-spring/2.0.7/mybatis-spring-2.0.7.pom (11 kB at 339 kB/s)
#18 55.52 [INFO] Downloading from aliyun: https://maven.aliyun.com/repository/public/org/mybatis/mybatis-parent/33/mybatis-parent-33.pom
#18 55.56 [INFO] Downloaded from aliyun: https://maven.aliyun.com/repository/public/org/mybatis/mybatis-parent/33/mybatis-parent-33.pom (48 kB at 1.4 MB/s)
#18 55.56 [INFO] Downloading from aliyun: https://maven.aliyun.com/repository/public/org/springframework/boot/spring-boot-starter-jdbc/2.7.5/spring-boot-starter-jdbc-2.7.5.pom
#18 55.81 [INFO] Downloaded from aliyun: https://maven.aliyun.com/repository/public/org/springframework/boot/spring-boot-starter-jdbc/2.7.5/spring-boot-starter-jdbc-2.7.5.pom (2.5 kB at 10 kB/s)
#18 55.81 [INFO] Downloading from aliyun: https://maven.aliyun.com/repository/public/com/zaxxer/HikariCP/4.0.3/HikariCP-4.0.3.pom
#18 55.98 [INFO] Downloaded from aliyun: https://maven.aliyun.com/repository/public/com/zaxxer/HikariCP/4.0.3/HikariCP-4.0.3.pom (26 kB at 159 kB/s)
#18 55.98 [INFO] Downloading from aliyun: https://maven.aliyun.com/repository/public/org/springframework/spring-jdbc/5.3.23/spring-jdbc-5.3.23.pom
#18 56.22 [INFO] Downloaded from aliyun: https://maven.aliyun.com/repository/public/org/springframework/spring-jdbc/5.3.23/spring-jdbc-5.3.23.pom (2.4 kB at 9.9 kB/s)
#18 56.23 [INFO] Downloading from aliyun: https://maven.aliyun.com/repository/public/com/github/yulichang/mybatis-plus-join/1.2.4/mybatis-plus-join-1.2.4.pom
#18 56.42 [INFO] Downloaded from aliyun: https://maven.aliyun.com/repository/public/com/github/yulichang/mybatis-plus-join/1.2.4/mybatis-plus-join-1.2.4.pom (7.9 kB at 41 kB/s)
#18 56.43 [INFO] Downloading from aliyun: https://maven.aliyun.com/repository/public/com/github/pagehelper/pagehelper-spring-boot-starter/1.4.5/pagehelper-spring-boot-starter-1.4.5.pom
#18 56.71 [INFO] Downloaded from aliyun: https://maven.aliyun.com/repository/public/com/github/pagehelper/pagehelper-spring-boot-starter/1.4.5/pagehelper-spring-boot-starter-1.4.5.pom (2.4 kB at 8.6 kB/s)
#18 56.71 [INFO] Downloading from aliyun: https://maven.aliyun.com/repository/public/com/github/pagehelper/pagehelper-spring-boot/1.4.5/pagehelper-spring-boot-1.4.5.pom
#18 57.02 [INFO] Downloaded from aliyun: https://maven.aliyun.com/repository/public/com/github/pagehelper/pagehelper-spring-boot/1.4.5/pagehelper-spring-boot-1.4.5.pom (8.7 kB at 28 kB/s)
#18 57.03 [INFO] Downloading from aliyun: https://maven.aliyun.com/repository/public/org/springframework/boot/spring-boot-dependencies/2.7.3/spring-boot-dependencies-2.7.3.pom
#18 57.26 [INFO] Downloaded from aliyun: https://maven.aliyun.com/repository/public/org/springframework/boot/spring-boot-dependencies/2.7.3/spring-boot-dependencies-2.7.3.pom (108 kB at 463 kB/s)
#18 57.27 [INFO] Downloading from aliyun: https://maven.aliyun.com/repository/public/io/dropwizard/metrics/metrics-bom/4.2.11/metrics-bom-4.2.11.pom
#18 57.51 [INFO] Downloaded from aliyun: https://maven.aliyun.com/repository/public/io/dropwizard/metrics/metrics-bom/4.2.11/metrics-bom-4.2.11.pom (6.9 kB at 28 kB/s)
#18 57.51 [INFO] Downloading from aliyun: https://maven.aliyun.com/repository/public/io/dropwizard/metrics/metrics-parent/4.2.11/metrics-parent-4.2.11.pom
#18 57.70 [INFO] Downloaded from aliyun: https://maven.aliyun.com/repository/public/io/dropwizard/metrics/metrics-parent/4.2.11/metrics-parent-4.2.11.pom (20 kB at 109 kB/s)
#18 57.70 [INFO] Downloading from aliyun: https://maven.aliyun.com/repository/public/org/codehaus/groovy/groovy-bom/3.0.12/groovy-bom-3.0.12.pom
#18 57.94 [INFO] Downloaded from aliyun: https://maven.aliyun.com/repository/public/org/codehaus/groovy/groovy-bom/3.0.12/groovy-bom-3.0.12.pom (26 kB at 112 kB/s)
#18 57.94 [INFO] Downloading from aliyun: https://maven.aliyun.com/repository/public/org/infinispan/infinispan-bom/13.0.10.Final/infinispan-bom-13.0.10.Final.pom
#18 58.18 [INFO] Downloaded from aliyun: https://maven.aliyun.com/repository/public/org/infinispan/infinispan-bom/13.0.10.Final/infinispan-bom-13.0.10.Final.pom (19 kB at 78 kB/s)
#18 58.19 [INFO] Downloading from aliyun: https://maven.aliyun.com/repository/public/org/infinispan/infinispan-build-configuration-parent/13.0.10.Final/infinispan-build-configuration-parent-13.0.10.Final.pom
#18 58.43 [INFO] Downloaded from aliyun: https://maven.aliyun.com/repository/public/org/infinispan/infinispan-build-configuration-parent/13.0.10.Final/infinispan-build-configuration-parent-13.0.10.Final.pom (13 kB at 54 kB/s)
#18 58.44 [INFO] Downloading from aliyun: https://maven.aliyun.com/repository/public/com/fasterxml/jackson/jackson-bom/2.13.3/jackson-bom-2.13.3.pom
#18 58.47 [INFO] Downloaded from aliyun: https://maven.aliyun.com/repository/public/com/fasterxml/jackson/jackson-bom/2.13.3/jackson-bom-2.13.3.pom (17 kB at 496 kB/s)
#18 58.48 [INFO] Downloading from aliyun: https://maven.aliyun.com/repository/public/org/eclipse/jetty/jetty-bom/9.4.48.v20220622/jetty-bom-9.4.48.v20220622.pom
#18 58.69 [INFO] Downloaded from aliyun: https://maven.aliyun.com/repository/public/org/eclipse/jetty/jetty-bom/9.4.48.v20220622/jetty-bom-9.4.48.v20220622.pom (18 kB at 82 kB/s)
#18 58.70 [INFO] Downloading from aliyun: https://maven.aliyun.com/repository/public/io/micrometer/micrometer-bom/1.9.3/micrometer-bom-1.9.3.pom
#18 58.93 [INFO] Downloaded from aliyun: https://maven.aliyun.com/repository/public/io/micrometer/micrometer-bom/1.9.3/micrometer-bom-1.9.3.pom (7.1 kB at 31 kB/s)
#18 58.94 [INFO] Downloading from aliyun: https://maven.aliyun.com/repository/public/io/netty/netty-bom/4.1.79.Final/netty-bom-4.1.79.Final.pom
#18 59.18 [INFO] Downloaded from aliyun: https://maven.aliyun.com/repository/public/io/netty/netty-bom/4.1.79.Final/netty-bom-4.1.79.Final.pom (13 kB at 55 kB/s)
#18 59.19 [INFO] Downloading from aliyun: https://maven.aliyun.com/repository/public/io/r2dbc/r2dbc-bom/Borca-SR1/r2dbc-bom-Borca-SR1.pom
#18 59.45 [INFO] Downloaded from aliyun: https://maven.aliyun.com/repository/public/io/r2dbc/r2dbc-bom/Borca-SR1/r2dbc-bom-Borca-SR1.pom (3.8 kB at 15 kB/s)
#18 59.45 [INFO] Downloading from aliyun: https://maven.aliyun.com/repository/public/io/projectreactor/reactor-bom/2020.0.22/reactor-bom-2020.0.22.pom
#18 59.70 [INFO] Downloaded from aliyun: https://maven.aliyun.com/repository/public/io/projectreactor/reactor-bom/2020.0.22/reactor-bom-2020.0.22.pom (4.6 kB at 19 kB/s)
#18 59.70 [INFO] Downloading from aliyun: https://maven.aliyun.com/repository/public/io/rsocket/rsocket-bom/1.1.2/rsocket-bom-1.1.2.pom
#18 59.91 [INFO] Downloaded from aliyun: https://maven.aliyun.com/repository/public/io/rsocket/rsocket-bom/1.1.2/rsocket-bom-1.1.2.pom (2.6 kB at 13 kB/s)
#18 59.91 [INFO] Downloading from aliyun: https://maven.aliyun.com/repository/public/org/springframework/data/spring-data-bom/2021.2.2/spring-data-bom-2021.2.2.pom
#18 60.15 [INFO] Downloaded from aliyun: https://maven.aliyun.com/repository/public/org/springframework/data/spring-data-bom/2021.2.2/spring-data-bom-2021.2.2.pom (5.7 kB at 24 kB/s)
#18 60.15 [INFO] Downloading from aliyun: https://maven.aliyun.com/repository/public/org/springframework/spring-framework-bom/5.3.22/spring-framework-bom-5.3.22.pom
#18 60.19 [INFO] Downloaded from aliyun: https://maven.aliyun.com/repository/public/org/springframework/spring-framework-bom/5.3.22/spring-framework-bom-5.3.22.pom (5.7 kB at 166 kB/s)
#18 60.19 [INFO] Downloading from aliyun: https://maven.aliyun.com/repository/public/org/springframework/integration/spring-integration-bom/5.5.14/spring-integration-bom-5.5.14.pom
#18 60.43 [INFO] Downloaded from aliyun: https://maven.aliyun.com/repository/public/org/springframework/integration/spring-integration-bom/5.5.14/spring-integration-bom-5.5.14.pom (9.2 kB at 38 kB/s)
#18 60.43 [INFO] Downloading from aliyun: https://maven.aliyun.com/repository/public/org/springframework/security/spring-security-bom/5.7.3/spring-security-bom-5.7.3.pom
#18 60.66 [INFO] Downloaded from aliyun: https://maven.aliyun.com/repository/public/org/springframework/security/spring-security-bom/5.7.3/spring-security-bom-5.7.3.pom (5.7 kB at 26 kB/s)
#18 60.67 [INFO] Downloading from aliyun: https://maven.aliyun.com/repository/public/org/mybatis/spring/boot/mybatis-spring-boot-starter/2.2.2/mybatis-spring-boot-starter-2.2.2.pom
#18 60.84 [INFO] Downloaded from aliyun: https://maven.aliyun.com/repository/public/org/mybatis/spring/boot/mybatis-spring-boot-starter/2.2.2/mybatis-spring-boot-starter-2.2.2.pom (2.0 kB at 12 kB/s)
#18 60.84 [INFO] Downloading from aliyun: https://maven.aliyun.com/repository/public/org/mybatis/spring/boot/mybatis-spring-boot/2.2.2/mybatis-spring-boot-2.2.2.pom
#18 61.08 [INFO] Downloaded from aliyun: https://maven.aliyun.com/repository/public/org/mybatis/spring/boot/mybatis-spring-boot/2.2.2/mybatis-spring-boot-2.2.2.pom (7.3 kB at 30 kB/s)
#18 61.08 [INFO] Downloading from aliyun: https://maven.aliyun.com/repository/public/org/springframework/boot/spring-boot-dependencies/2.6.3/spring-boot-dependencies-2.6.3.pom
#18 61.32 [INFO] Downloaded from aliyun: https://maven.aliyun.com/repository/public/org/springframework/boot/spring-boot-dependencies/2.6.3/spring-boot-dependencies-2.6.3.pom (105 kB at 441 kB/s)
#18 61.33 [INFO] Downloading from aliyun: https://maven.aliyun.com/repository/public/com/datastax/oss/java-driver-bom/4.13.0/java-driver-bom-4.13.0.pom
#18 61.52 [INFO] Downloaded from aliyun: https://maven.aliyun.com/repository/public/com/datastax/oss/java-driver-bom/4.13.0/java-driver-bom-4.13.0.pom (4.1 kB at 22 kB/s)
#18 61.52 [INFO] Downloading from aliyun: https://maven.aliyun.com/repository/public/io/dropwizard/metrics/metrics-bom/4.2.7/metrics-bom-4.2.7.pom
#18 61.75 [INFO] Downloaded from aliyun: https://maven.aliyun.com/repository/public/io/dropwizard/metrics/metrics-bom/4.2.7/metrics-bom-4.2.7.pom (6.9 kB at 30 kB/s)
#18 61.75 [INFO] Downloading from aliyun: https://maven.aliyun.com/repository/public/io/dropwizard/metrics/metrics-parent/4.2.7/metrics-parent-4.2.7.pom
#18 62.09 [INFO] Downloaded from aliyun: https://maven.aliyun.com/repository/public/io/dropwizard/metrics/metrics-parent/4.2.7/metrics-parent-4.2.7.pom (20 kB at 58 kB/s)
#18 62.10 [INFO] Downloading from aliyun: https://maven.aliyun.com/repository/public/org/codehaus/groovy/groovy-bom/3.0.9/groovy-bom-3.0.9.pom
#18 62.15 [INFO] Downloaded from aliyun: https://maven.aliyun.com/repository/public/org/codehaus/groovy/groovy-bom/3.0.9/groovy-bom-3.0.9.pom (26 kB at 518 kB/s)
#18 62.15 [INFO] Downloading from aliyun: https://maven.aliyun.com/repository/public/org/infinispan/infinispan-bom/12.1.11.Final/infinispan-bom-12.1.11.Final.pom
#18 62.22 [INFO] Downloaded from aliyun: https://maven.aliyun.com/repository/public/org/infinispan/infinispan-bom/12.1.11.Final/infinispan-bom-12.1.11.Final.pom (18 kB at 280 kB/s)
#18 62.22 [INFO] Downloading from aliyun: https://maven.aliyun.com/repository/public/org/infinispan/infinispan-build-configuration-parent/12.1.11.Final/infinispan-build-configuration-parent-12.1.11.Final.pom
#18 62.27 [INFO] Downloaded from aliyun: https://maven.aliyun.com/repository/public/org/infinispan/infinispan-build-configuration-parent/12.1.11.Final/infinispan-build-configuration-parent-12.1.11.Final.pom (14 kB at 281 kB/s)
#18 62.27 [INFO] Downloading from aliyun: https://maven.aliyun.com/repository/public/com/fasterxml/jackson/jackson-bom/2.13.1/jackson-bom-2.13.1.pom
#18 62.49 [INFO] Downloaded from aliyun: https://maven.aliyun.com/repository/public/com/fasterxml/jackson/jackson-bom/2.13.1/jackson-bom-2.13.1.pom (17 kB at 82 kB/s)
#18 62.49 [INFO] Downloading from aliyun: https://maven.aliyun.com/repository/public/org/eclipse/jetty/jetty-bom/9.4.44.v20210927/jetty-bom-9.4.44.v20210927.pom
#18 62.74 [INFO] Downloaded from aliyun: https://maven.aliyun.com/repository/public/org/eclipse/jetty/jetty-bom/9.4.44.v20210927/jetty-bom-9.4.44.v20210927.pom (18 kB at 71 kB/s)
#18 62.74 [INFO] Downloading from aliyun: https://maven.aliyun.com/repository/public/org/jetbrains/kotlin/kotlin-bom/1.6.10/kotlin-bom-1.6.10.pom
#18 62.79 [INFO] Downloaded from aliyun: https://maven.aliyun.com/repository/public/org/jetbrains/kotlin/kotlin-bom/1.6.10/kotlin-bom-1.6.10.pom (9.3 kB at 212 kB/s)
#18 62.79 [INFO] Downloading from aliyun: https://maven.aliyun.com/repository/public/org/jetbrains/kotlinx/kotlinx-coroutines-bom/1.5.2/kotlinx-coroutines-bom-1.5.2.pom
#18 63.01 [INFO] Downloaded from aliyun: https://maven.aliyun.com/repository/public/org/jetbrains/kotlinx/kotlinx-coroutines-bom/1.5.2/kotlinx-coroutines-bom-1.5.2.pom (4.1 kB at 19 kB/s)
#18 63.01 [INFO] Downloading from aliyun: https://maven.aliyun.com/repository/public/org/apache/logging/log4j/log4j-bom/2.17.1/log4j-bom-2.17.1.pom
#18 63.06 [INFO] Downloaded from aliyun: https://maven.aliyun.com/repository/public/org/apache/logging/log4j/log4j-bom/2.17.1/log4j-bom-2.17.1.pom (8.1 kB at 165 kB/s)
#18 63.07 [INFO] Downloading from aliyun: https://maven.aliyun.com/repository/public/io/micrometer/micrometer-bom/1.8.2/micrometer-bom-1.8.2.pom
#18 63.28 [INFO] Downloaded from aliyun: https://maven.aliyun.com/repository/public/io/micrometer/micrometer-bom/1.8.2/micrometer-bom-1.8.2.pom (6.9 kB at 32 kB/s)
#18 63.28 [INFO] Downloading from aliyun: https://maven.aliyun.com/repository/public/io/netty/netty-bom/4.1.73.Final/netty-bom-4.1.73.Final.pom
#18 63.33 [INFO] Downloaded from aliyun: https://maven.aliyun.com/repository/public/io/netty/netty-bom/4.1.73.Final/netty-bom-4.1.73.Final.pom (13 kB at 306 kB/s)
#18 63.33 [INFO] Downloading from aliyun: https://maven.aliyun.com/repository/public/com/oracle/database/jdbc/ojdbc-bom/21.3.0.0/ojdbc-bom-21.3.0.0.pom
#18 63.53 [INFO] Downloaded from aliyun: https://maven.aliyun.com/repository/public/com/oracle/database/jdbc/ojdbc-bom/21.3.0.0/ojdbc-bom-21.3.0.0.pom (13 kB at 63 kB/s)
#18 63.53 [INFO] Downloading from aliyun: https://maven.aliyun.com/repository/public/io/prometheus/simpleclient_bom/0.12.0/simpleclient_bom-0.12.0.pom
#18 63.69 [INFO] Downloaded from aliyun: https://maven.aliyun.com/repository/public/io/prometheus/simpleclient_bom/0.12.0/simpleclient_bom-0.12.0.pom (5.8 kB at 38 kB/s)
#18 63.69 [INFO] Downloading from aliyun: https://maven.aliyun.com/repository/public/io/prometheus/parent/0.12.0/parent-0.12.0.pom
#18 63.89 [INFO] Downloaded from aliyun: https://maven.aliyun.com/repository/public/io/prometheus/parent/0.12.0/parent-0.12.0.pom (12 kB at 61 kB/s)
#18 63.89 [INFO] Downloading from aliyun: https://maven.aliyun.com/repository/public/io/r2dbc/r2dbc-bom/Arabba-SR12/r2dbc-bom-Arabba-SR12.pom
#18 64.03 [INFO] Downloaded from aliyun: https://maven.aliyun.com/repository/public/io/r2dbc/r2dbc-bom/Arabba-SR12/r2dbc-bom-Arabba-SR12.pom (4.3 kB at 31 kB/s)
#18 64.03 [INFO] Downloading from aliyun: https://maven.aliyun.com/repository/public/io/projectreactor/reactor-bom/2020.0.15/reactor-bom-2020.0.15.pom
#18 64.08 [INFO] Downloaded from aliyun: https://maven.aliyun.com/repository/public/io/projectreactor/reactor-bom/2020.0.15/reactor-bom-2020.0.15.pom (4.2 kB at 90 kB/s)
#18 64.08 [INFO] Downloading from aliyun: https://maven.aliyun.com/repository/public/org/springframework/data/spring-data-bom/2021.1.1/spring-data-bom-2021.1.1.pom
#18 64.32 [INFO] Downloaded from aliyun: https://maven.aliyun.com/repository/public/org/springframework/data/spring-data-bom/2021.1.1/spring-data-bom-2021.1.1.pom (5.7 kB at 23 kB/s)
#18 64.32 [INFO] Downloading from aliyun: https://maven.aliyun.com/repository/public/org/springframework/spring-framework-bom/5.3.15/spring-framework-bom-5.3.15.pom
#18 64.37 [INFO] Downloaded from aliyun: https://maven.aliyun.com/repository/public/org/springframework/spring-framework-bom/5.3.15/spring-framework-bom-5.3.15.pom (5.7 kB at 126 kB/s)
#18 64.37 [INFO] Downloading from aliyun: https://maven.aliyun.com/repository/public/org/springframework/integration/spring-integration-bom/5.5.8/spring-integration-bom-5.5.8.pom
#18 64.60 [INFO] Downloaded from aliyun: https://maven.aliyun.com/repository/public/org/springframework/integration/spring-integration-bom/5.5.8/spring-integration-bom-5.5.8.pom (9.1 kB at 39 kB/s)
#18 64.60 [INFO] Downloading from aliyun: https://maven.aliyun.com/repository/public/org/springframework/security/spring-security-bom/5.6.1/spring-security-bom-5.6.1.pom
#18 64.67 [INFO] Downloaded from aliyun: https://maven.aliyun.com/repository/public/org/springframework/security/spring-security-bom/5.6.1/spring-security-bom-5.6.1.pom (5.7 kB at 85 kB/s)
#18 64.67 [INFO] Downloading from aliyun: https://maven.aliyun.com/repository/public/org/springframework/session/spring-session-bom/2021.1.1/spring-session-bom-2021.1.1.pom
#18 64.89 [INFO] Downloaded from aliyun: https://maven.aliyun.com/repository/public/org/springframework/session/spring-session-bom/2021.1.1/spring-session-bom-2021.1.1.pom (2.7 kB at 13 kB/s)
#18 64.90 [INFO] Downloading from aliyun: https://maven.aliyun.com/repository/public/org/mybatis/spring/boot/mybatis-spring-boot-autoconfigure/2.2.2/mybatis-spring-boot-autoconfigure-2.2.2.pom
#18 65.12 [INFO] Downloaded from aliyun: https://maven.aliyun.com/repository/public/org/mybatis/spring/boot/mybatis-spring-boot-autoconfigure/2.2.2/mybatis-spring-boot-autoconfigure-2.2.2.pom (3.7 kB at 17 kB/s)
#18 65.13 [INFO] Downloading from aliyun: https://maven.aliyun.com/repository/public/org/mybatis/mybatis/3.5.9/mybatis-3.5.9.pom
#18 65.17 [INFO] Downloaded from aliyun: https://maven.aliyun.com/repository/public/org/mybatis/mybatis/3.5.9/mybatis-3.5.9.pom (13 kB at 286 kB/s)
#18 65.18 [INFO] Downloading from aliyun: https://maven.aliyun.com/repository/public/com/github/pagehelper/pagehelper-spring-boot-autoconfigure/1.4.5/pagehelper-spring-boot-autoconfigure-1.4.5.pom
#18 65.41 [INFO] Downloaded from aliyun: https://maven.aliyun.com/repository/public/com/github/pagehelper/pagehelper-spring-boot-autoconfigure/1.4.5/pagehelper-spring-boot-autoconfigure-1.4.5.pom (2.9 kB at 12 kB/s)
#18 65.42 [INFO] Downloading from aliyun: https://maven.aliyun.com/repository/public/com/github/pagehelper/pagehelper/5.3.2/pagehelper-5.3.2.pom
#18 65.65 [INFO] Downloaded from aliyun: https://maven.aliyun.com/repository/public/com/github/pagehelper/pagehelper/5.3.2/pagehelper-5.3.2.pom (12 kB at 54 kB/s)
#18 65.65 [INFO] Downloading from aliyun: https://maven.aliyun.com/repository/public/com/github/jsqlparser/jsqlparser/4.5/jsqlparser-4.5.pom
#18 65.81 [INFO] Downloaded from aliyun: https://maven.aliyun.com/repository/public/com/github/jsqlparser/jsqlparser/4.5/jsqlparser-4.5.pom (27 kB at 170 kB/s)
#18 65.82 [INFO] Downloading from aliyun: https://maven.aliyun.com/repository/public/org/apache/commons/commons-pool2/2.11.1/commons-pool2-2.11.1.pom
#18 65.85 [INFO] Downloaded from aliyun: https://maven.aliyun.com/repository/public/org/apache/commons/commons-pool2/2.11.1/commons-pool2-2.11.1.pom (18 kB at 543 kB/s)
#18 65.85 [INFO] Downloading from aliyun: https://maven.aliyun.com/repository/public/org/apache/commons/commons-parent/52/commons-parent-52.pom
#18 66.09 [INFO] Downloaded from aliyun: https://maven.aliyun.com/repository/public/org/apache/commons/commons-parent/52/commons-parent-52.pom (79 kB at 342 kB/s)
#18 66.10 [INFO] Downloading from aliyun: https://maven.aliyun.com/repository/public/org/junit/junit-bom/5.8.0-M1/junit-bom-5.8.0-M1.pom
#18 66.13 [INFO] Downloaded from aliyun: https://maven.aliyun.com/repository/public/org/junit/junit-bom/5.8.0-M1/junit-bom-5.8.0-M1.pom (5.7 kB at 172 kB/s)
#18 66.14 [INFO] Downloading from aliyun: https://maven.aliyun.com/repository/public/org/projectlombok/lombok/1.18.24/lombok-1.18.24.pom
#18 66.19 [INFO] Downloaded from aliyun: https://maven.aliyun.com/repository/public/org/projectlombok/lombok/1.18.24/lombok-1.18.24.pom (1.5 kB at 32 kB/s)
#18 66.19 [INFO] Downloading from aliyun: https://maven.aliyun.com/repository/public/com/alibaba/fastjson2/fastjson2/2.0.16/fastjson2-2.0.16.pom
#18 66.46 [INFO] Downloaded from aliyun: https://maven.aliyun.com/repository/public/com/alibaba/fastjson2/fastjson2/2.0.16/fastjson2-2.0.16.pom (8.3 kB at 31 kB/s)
#18 66.46 [INFO] Downloading from aliyun: https://maven.aliyun.com/repository/public/com/alibaba/fastjson2/fastjson2-parent/2.0.16/fastjson2-parent-2.0.16.pom
#18 66.94 [INFO] Downloaded from aliyun: https://maven.aliyun.com/repository/public/com/alibaba/fastjson2/fastjson2-parent/2.0.16/fastjson2-parent-2.0.16.pom (42 kB at 89 kB/s)
#18 66.94 [INFO] Downloading from aliyun: https://maven.aliyun.com/repository/public/com/google/protobuf/protobuf-bom/3.21.8/protobuf-bom-3.21.8.pom
#18 67.20 [INFO] Downloaded from aliyun: https://maven.aliyun.com/repository/public/com/google/protobuf/protobuf-bom/3.21.8/protobuf-bom-3.21.8.pom (3.5 kB at 14 kB/s)
#18 67.20 [INFO] Downloading from aliyun: https://maven.aliyun.com/repository/public/org/eclipse/jetty/jetty-bom/11.0.12/jetty-bom-11.0.12.pom
#18 67.42 [INFO] Downloaded from aliyun: https://maven.aliyun.com/repository/public/org/eclipse/jetty/jetty-bom/11.0.12/jetty-bom-11.0.12.pom (20 kB at 93 kB/s)
#18 67.42 [INFO] Downloading from aliyun: https://maven.aliyun.com/repository/public/org/glassfish/jersey/jersey-bom/2.37/jersey-bom-2.37.pom
#18 67.76 [INFO] Downloaded from aliyun: https://maven.aliyun.com/repository/public/org/glassfish/jersey/jersey-bom/2.37/jersey-bom-2.37.pom (20 kB at 57 kB/s)
#18 67.77 [INFO] Downloading from aliyun: https://maven.aliyun.com/repository/public/org/jetbrains/kotlin/kotlin-bom/1.7.20/kotlin-bom-1.7.20.pom
#18 67.99 [INFO] Downloaded from aliyun: https://maven.aliyun.com/repository/public/org/jetbrains/kotlin/kotlin-bom/1.7.20/kotlin-bom-1.7.20.pom (9.3 kB at 42 kB/s)
#18 67.99 [INFO] Downloading from aliyun: https://maven.aliyun.com/repository/public/org/junit/junit-bom/5.9.1/junit-bom-5.9.1.pom
#18 68.24 [INFO] Downloaded from aliyun: https://maven.aliyun.com/repository/public/org/junit/junit-bom/5.9.1/junit-bom-5.9.1.pom (5.6 kB at 23 kB/s)
#18 68.25 [INFO] Downloading from aliyun: https://maven.aliyun.com/repository/public/com/google/code/gson/gson/2.9.0/gson-2.9.0.pom
#18 68.50 [INFO] Downloaded from aliyun: https://maven.aliyun.com/repository/public/com/google/code/gson/gson/2.9.0/gson-2.9.0.pom (8.1 kB at 33 kB/s)
#18 68.50 [INFO] Downloading from aliyun: https://maven.aliyun.com/repository/public/com/google/code/gson/gson-parent/2.9.0/gson-parent-2.9.0.pom
#18 68.66 [INFO] Downloaded from aliyun: https://maven.aliyun.com/repository/public/com/google/code/gson/gson-parent/2.9.0/gson-parent-2.9.0.pom (4.5 kB at 28 kB/s)
#18 68.67 [INFO] Downloading from aliyun: https://maven.aliyun.com/repository/public/nl/bitwalker/UserAgentUtils/1.2.4/UserAgentUtils-1.2.4.pom
#18 69.12 [INFO] Downloaded from aliyun: https://maven.aliyun.com/repository/public/nl/bitwalker/UserAgentUtils/1.2.4/UserAgentUtils-1.2.4.pom (2.5 kB at 5.6 kB/s)
#18 69.13 [INFO] Downloading from aliyun: https://maven.aliyun.com/repository/public/org/apache/commons/commons-lang3/3.12.0/commons-lang3-3.12.0.pom
#18 69.36 [INFO] Downloaded from aliyun: https://maven.aliyun.com/repository/public/org/apache/commons/commons-lang3/3.12.0/commons-lang3-3.12.0.pom (31 kB at 132 kB/s)
#18 69.37 [INFO] Downloading from aliyun: https://maven.aliyun.com/repository/public/org/junit/junit-bom/5.7.1/junit-bom-5.7.1.pom
#18 69.40 [INFO] Downloaded from aliyun: https://maven.aliyun.com/repository/public/org/junit/junit-bom/5.7.1/junit-bom-5.7.1.pom (5.1 kB at 159 kB/s)
#18 69.41 [INFO] Downloading from aliyun: https://maven.aliyun.com/repository/public/commons-io/commons-io/2.11.0/commons-io-2.11.0.pom
#18 69.46 [INFO] Downloaded from aliyun: https://maven.aliyun.com/repository/public/commons-io/commons-io/2.11.0/commons-io-2.11.0.pom (20 kB at 420 kB/s)
#18 69.47 [INFO] Downloading from aliyun: https://maven.aliyun.com/repository/public/com/qiniu/qiniu-java-sdk/7.9.5/qiniu-java-sdk-7.9.5.pom
#18 69.89 [INFO] Downloaded from aliyun: https://maven.aliyun.com/repository/public/com/qiniu/qiniu-java-sdk/7.9.5/qiniu-java-sdk-7.9.5.pom (2.0 kB at 4.6 kB/s)
#18 69.90 [INFO] Downloading from aliyun: https://maven.aliyun.com/repository/public/com/squareup/okhttp3/okhttp/4.9.3/okhttp-4.9.3.pom
#18 70.13 [INFO] Downloaded from aliyun: https://maven.aliyun.com/repository/public/com/squareup/okhttp3/okhttp/4.9.3/okhttp-4.9.3.pom (1.8 kB at 7.8 kB/s)
#18 70.14 [INFO] Downloading from aliyun: https://maven.aliyun.com/repository/public/com/squareup/okio/okio/2.8.0/okio-2.8.0.pom
#18 70.30 [INFO] Downloaded from aliyun: https://maven.aliyun.com/repository/public/com/squareup/okio/okio/2.8.0/okio-2.8.0.pom (1.8 kB at 12 kB/s)
#18 70.30 [INFO] Downloading from aliyun: https://maven.aliyun.com/repository/public/com/qcloud/cos_api/5.6.54/cos_api-5.6.54.pom
#18 70.77 [INFO] Downloaded from aliyun: https://maven.aliyun.com/repository/public/com/qcloud/cos_api/5.6.54/cos_api-5.6.54.pom (9.1 kB at 19 kB/s)
#18 70.78 [INFO] Downloading from aliyun: https://maven.aliyun.com/repository/public/org/apache/httpcomponents/httpclient/4.5.13/httpclient-4.5.13.pom
#18 71.00 [INFO] Downloaded from aliyun: https://maven.aliyun.com/repository/public/org/apache/httpcomponents/httpclient/4.5.13/httpclient-4.5.13.pom (6.6 kB at 30 kB/s)
#18 71.00 [INFO] Downloading from aliyun: https://maven.aliyun.com/repository/public/org/apache/httpcomponents/httpcomponents-client/4.5.13/httpcomponents-client-4.5.13.pom
#18 71.19 [INFO] Downloaded from aliyun: https://maven.aliyun.com/repository/public/org/apache/httpcomponents/httpcomponents-client/4.5.13/httpcomponents-client-4.5.13.pom (16 kB at 86 kB/s)
#18 71.20 [INFO] Downloading from aliyun: https://maven.aliyun.com/repository/public/org/apache/httpcomponents/httpcomponents-parent/11/httpcomponents-parent-11.pom
#18 71.23 [INFO] Downloaded from aliyun: https://maven.aliyun.com/repository/public/org/apache/httpcomponents/httpcomponents-parent/11/httpcomponents-parent-11.pom (35 kB at 1.0 MB/s)
#18 71.24 [INFO] Downloading from aliyun: https://maven.aliyun.com/repository/public/org/apache/httpcomponents/httpcore/4.4.15/httpcore-4.4.15.pom
#18 71.49 [INFO] Downloaded from aliyun: https://maven.aliyun.com/repository/public/org/apache/httpcomponents/httpcore/4.4.15/httpcore-4.4.15.pom (5.0 kB at 20 kB/s)
#18 71.49 [INFO] Downloading from aliyun: https://maven.aliyun.com/repository/public/org/apache/httpcomponents/httpcomponents-core/4.4.15/httpcomponents-core-4.4.15.pom
#18 71.65 [INFO] Downloaded from aliyun: https://maven.aliyun.com/repository/public/org/apache/httpcomponents/httpcomponents-core/4.4.15/httpcomponents-core-4.4.15.pom (13 kB at 82 kB/s)
#18 71.66 [INFO] Downloading from aliyun: https://maven.aliyun.com/repository/public/commons-codec/commons-codec/1.15/commons-codec-1.15.pom
#18 71.73 [INFO] Downloaded from aliyun: https://maven.aliyun.com/repository/public/commons-codec/commons-codec/1.15/commons-codec-1.15.pom (15 kB at 218 kB/s)
#18 71.73 [INFO] Downloading from aliyun: https://maven.aliyun.com/repository/public/joda-time/joda-time/2.9.9/joda-time-2.9.9.pom
#18 71.97 [INFO] Downloaded from aliyun: https://maven.aliyun.com/repository/public/joda-time/joda-time/2.9.9/joda-time-2.9.9.pom (35 kB at 149 kB/s)
#18 71.97 [INFO] Downloading from aliyun: https://maven.aliyun.com/repository/public/com/tencentcloudapi/tencentcloud-sdk-java-kms/3.1.213/tencentcloud-sdk-java-kms-3.1.213.pom
#18 72.20 [INFO] Downloaded from aliyun: https://maven.aliyun.com/repository/public/com/tencentcloudapi/tencentcloud-sdk-java-kms/3.1.213/tencentcloud-sdk-java-kms-3.1.213.pom (2.1 kB at 9.3 kB/s)
#18 72.20 [INFO] Downloading from aliyun: https://maven.aliyun.com/repository/public/com/tencentcloudapi/tencentcloud-sdk-java-all/3.1.213/tencentcloud-sdk-java-all-3.1.213.pom
#18 72.44 [INFO] Downloaded from aliyun: https://maven.aliyun.com/repository/public/com/tencentcloudapi/tencentcloud-sdk-java-all/3.1.213/tencentcloud-sdk-java-all-3.1.213.pom (13 kB at 55 kB/s)
#18 72.44 [INFO] Downloading from aliyun: https://maven.aliyun.com/repository/public/com/tencentcloudapi/tencentcloud-sdk-java-common/3.1.213/tencentcloud-sdk-java-common-3.1.213.pom
#18 72.72 [INFO] Downloaded from aliyun: https://maven.aliyun.com/repository/public/com/tencentcloudapi/tencentcloud-sdk-java-common/3.1.213/tencentcloud-sdk-java-common-3.1.213.pom (2.3 kB at 8.3 kB/s)
#18 72.72 [INFO] Downloading from aliyun: https://maven.aliyun.com/repository/public/commons-logging/commons-logging/1.2/commons-logging-1.2.pom
#18 72.76 [INFO] Downloaded from aliyun: https://maven.aliyun.com/repository/public/commons-logging/commons-logging/1.2/commons-logging-1.2.pom (19 kB at 582 kB/s)
#18 72.76 [INFO] Downloading from aliyun: https://maven.aliyun.com/repository/public/org/apache/commons/commons-parent/34/commons-parent-34.pom
#18 72.79 [INFO] Downloaded from aliyun: https://maven.aliyun.com/repository/public/org/apache/commons/commons-parent/34/commons-parent-34.pom (56 kB at 1.6 MB/s)
#18 72.80 [INFO] Downloading from aliyun: https://maven.aliyun.com/repository/public/com/squareup/okhttp/logging-interceptor/2.7.5/logging-interceptor-2.7.5.pom
#18 73.06 [INFO] Downloaded from aliyun: https://maven.aliyun.com/repository/public/com/squareup/okhttp/logging-interceptor/2.7.5/logging-interceptor-2.7.5.pom (1.2 kB at 4.8 kB/s)
#18 73.06 [INFO] Downloading from aliyun: https://maven.aliyun.com/repository/public/com/squareup/okhttp/parent/2.7.5/parent-2.7.5.pom
#18 73.27 [INFO] Downloaded from aliyun: https://maven.aliyun.com/repository/public/com/squareup/okhttp/parent/2.7.5/parent-2.7.5.pom (9.4 kB at 46 kB/s)
#18 73.27 [INFO] Downloading from aliyun: https://maven.aliyun.com/repository/public/com/squareup/okhttp/okhttp/2.7.5/okhttp-2.7.5.pom
#18 73.42 [INFO] Downloaded from aliyun: https://maven.aliyun.com/repository/public/com/squareup/okhttp/okhttp/2.7.5/okhttp-2.7.5.pom (1.6 kB at 11 kB/s)
#18 73.42 [INFO] Downloading from aliyun: https://maven.aliyun.com/repository/public/com/squareup/okio/okio/1.6.0/okio-1.6.0.pom
#18 73.57 [INFO] Downloaded from aliyun: https://maven.aliyun.com/repository/public/com/squareup/okio/okio/1.6.0/okio-1.6.0.pom (1.5 kB at 10 kB/s)
#18 73.57 [INFO] Downloading from aliyun: https://maven.aliyun.com/repository/public/com/squareup/okio/okio-parent/1.6.0/okio-parent-1.6.0.pom
#18 73.77 [INFO] Downloaded from aliyun: https://maven.aliyun.com/repository/public/com/squareup/okio/okio-parent/1.6.0/okio-parent-1.6.0.pom (3.2 kB at 16 kB/s)
#18 73.77 [INFO] Downloading from aliyun: https://maven.aliyun.com/repository/public/com/squareup/okio/okio/1.12.0/okio-1.12.0.pom
#18 74.00 [INFO] Downloaded from aliyun: https://maven.aliyun.com/repository/public/com/squareup/okio/okio/1.12.0/okio-1.12.0.pom (1.5 kB at 6.5 kB/s)
#18 74.00 [INFO] Downloading from aliyun: https://maven.aliyun.com/repository/public/com/squareup/okio/okio-parent/1.12.0/okio-parent-1.12.0.pom
#18 74.18 [INFO] Downloaded from aliyun: https://maven.aliyun.com/repository/public/com/squareup/okio/okio-parent/1.12.0/okio-parent-1.12.0.pom (3.8 kB at 21 kB/s)
#18 74.19 [INFO] Downloading from aliyun: https://maven.aliyun.com/repository/public/javax/xml/bind/jaxb-api/2.3.1/jaxb-api-2.3.1.pom
#18 74.40 [INFO] Downloaded from aliyun: https://maven.aliyun.com/repository/public/javax/xml/bind/jaxb-api/2.3.1/jaxb-api-2.3.1.pom (20 kB at 95 kB/s)
#18 74.40 [INFO] Downloading from aliyun: https://maven.aliyun.com/repository/public/javax/xml/bind/jaxb-api-parent/2.3.1/jaxb-api-parent-2.3.1.pom
#18 74.62 [INFO] Downloaded from aliyun: https://maven.aliyun.com/repository/public/javax/xml/bind/jaxb-api-parent/2.3.1/jaxb-api-parent-2.3.1.pom (8.1 kB at 37 kB/s)
#18 74.63 [INFO] Downloading from aliyun: https://maven.aliyun.com/repository/public/net/java/jvnet-parent/5/jvnet-parent-5.pom
#18 74.87 [INFO] Downloaded from aliyun: https://maven.aliyun.com/repository/public/net/java/jvnet-parent/5/jvnet-parent-5.pom (8.9 kB at 36 kB/s)
#18 74.88 [INFO] Downloading from aliyun: https://maven.aliyun.com/repository/public/javax/activation/javax.activation-api/1.2.0/javax.activation-api-1.2.0.pom
#18 75.05 [INFO] Downloaded from aliyun: https://maven.aliyun.com/repository/public/javax/activation/javax.activation-api/1.2.0/javax.activation-api-1.2.0.pom (4.9 kB at 29 kB/s)
#18 75.05 [INFO] Downloading from aliyun: https://maven.aliyun.com/repository/public/com/sun/activation/all/1.2.0/all-1.2.0.pom
#18 75.31 [INFO] Downloaded from aliyun: https://maven.aliyun.com/repository/public/com/sun/activation/all/1.2.0/all-1.2.0.pom (18 kB at 69 kB/s)
#18 75.31 [INFO] Downloading from aliyun: https://maven.aliyun.com/repository/public/net/java/jvnet-parent/1/jvnet-parent-1.pom
#18 75.35 [INFO] Downloaded from aliyun: https://maven.aliyun.com/repository/public/net/java/jvnet-parent/1/jvnet-parent-1.pom (4.7 kB at 135 kB/s)
#18 75.35 [INFO] Downloading from aliyun: https://maven.aliyun.com/repository/public/org/bouncycastle/bcprov-jdk15on/1.64/bcprov-jdk15on-1.64.pom
#18 75.59 [INFO] Downloaded from aliyun: https://maven.aliyun.com/repository/public/org/bouncycastle/bcprov-jdk15on/1.64/bcprov-jdk15on-1.64.pom (1.2 kB at 4.9 kB/s)
#18 75.60 [INFO] Downloading from aliyun: https://maven.aliyun.com/repository/public/com/aliyun/oss/aliyun-sdk-oss/3.10.2/aliyun-sdk-oss-3.10.2.pom
#18 75.81 [INFO] Downloaded from aliyun: https://maven.aliyun.com/repository/public/com/aliyun/oss/aliyun-sdk-oss/3.10.2/aliyun-sdk-oss-3.10.2.pom (8.8 kB at 41 kB/s)
#18 75.82 [INFO] Downloading from aliyun: https://maven.aliyun.com/repository/public/org/jdom/jdom2/2.0.6.1/jdom2-2.0.6.1.pom
#18 75.87 [INFO] Downloaded from aliyun: https://maven.aliyun.com/repository/public/org/jdom/jdom2/2.0.6.1/jdom2-2.0.6.1.pom (4.6 kB at 100 kB/s)
#18 75.87 [INFO] Downloading from aliyun: https://maven.aliyun.com/repository/public/org/codehaus/jettison/jettison/1.1/jettison-1.1.pom
#18 75.93 [INFO] Downloaded from aliyun: https://maven.aliyun.com/repository/public/org/codehaus/jettison/jettison/1.1/jettison-1.1.pom (3.4 kB at 55 kB/s)
#18 75.93 [INFO] Downloading from aliyun: https://maven.aliyun.com/repository/public/stax/stax-api/1.0.1/stax-api-1.0.1.pom
#18 75.97 [INFO] Downloaded from aliyun: https://maven.aliyun.com/repository/public/stax/stax-api/1.0.1/stax-api-1.0.1.pom (1.5 kB at 48 kB/s)
#18 75.97 [INFO] Downloading from aliyun: https://maven.aliyun.com/repository/public/com/aliyun/aliyun-java-sdk-core/4.5.16/aliyun-java-sdk-core-4.5.16.pom
#18 76.21 [INFO] Downloaded from aliyun: https://maven.aliyun.com/repository/public/com/aliyun/aliyun-java-sdk-core/4.5.16/aliyun-java-sdk-core-4.5.16.pom (10 kB at 41 kB/s)
#18 76.22 [INFO] Downloading from aliyun: https://maven.aliyun.com/repository/public/org/jacoco/org.jacoco.agent/0.8.6/org.jacoco.agent-0.8.6.pom
#18 76.41 [INFO] Downloaded from aliyun: https://maven.aliyun.com/repository/public/org/jacoco/org.jacoco.agent/0.8.6/org.jacoco.agent-0.8.6.pom (3.5 kB at 18 kB/s)
#18 76.42 [INFO] Downloading from aliyun: https://maven.aliyun.com/repository/public/org/jacoco/org.jacoco.build/0.8.6/org.jacoco.build-0.8.6.pom
#18 76.70 [INFO] Downloaded from aliyun: https://maven.aliyun.com/repository/public/org/jacoco/org.jacoco.build/0.8.6/org.jacoco.build-0.8.6.pom (42 kB at 147 kB/s)
#18 76.71 [INFO] Downloading from aliyun: https://maven.aliyun.com/repository/public/org/ini4j/ini4j/0.5.4/ini4j-0.5.4.pom
#18 76.94 [INFO] Downloaded from aliyun: https://maven.aliyun.com/repository/public/org/ini4j/ini4j/0.5.4/ini4j-0.5.4.pom (35 kB at 150 kB/s)
#18 76.94 [INFO] Downloading from aliyun: https://maven.aliyun.com/repository/public/io/opentracing/opentracing-api/0.33.0/opentracing-api-0.33.0.pom
#18 77.20 [INFO] Downloaded from aliyun: https://maven.aliyun.com/repository/public/io/opentracing/opentracing-api/0.33.0/opentracing-api-0.33.0.pom (1.9 kB at 7.3 kB/s)
#18 77.20 [INFO] Downloading from aliyun: https://maven.aliyun.com/repository/public/io/opentracing/parent/0.33.0/parent-0.33.0.pom
#18 77.46 [INFO] Downloaded from aliyun: https://maven.aliyun.com/repository/public/io/opentracing/parent/0.33.0/parent-0.33.0.pom (15 kB at 60 kB/s)
#18 77.46 [INFO] Downloading from aliyun: https://maven.aliyun.com/repository/public/io/opentracing/opentracing-util/0.33.0/opentracing-util-0.33.0.pom
#18 77.62 [INFO] Downloaded from aliyun: https://maven.aliyun.com/repository/public/io/opentracing/opentracing-util/0.33.0/opentracing-util-0.33.0.pom (2.9 kB at 18 kB/s)
#18 77.63 [INFO] Downloading from aliyun: https://maven.aliyun.com/repository/public/io/opentracing/opentracing-noop/0.33.0/opentracing-noop-0.33.0.pom
#18 77.84 [INFO] Downloaded from aliyun: https://maven.aliyun.com/repository/public/io/opentracing/opentracing-noop/0.33.0/opentracing-noop-0.33.0.pom (2.0 kB at 9.2 kB/s)
#18 77.85 [INFO] Downloading from aliyun: https://maven.aliyun.com/repository/public/com/aliyun/aliyun-java-sdk-ram/3.0.0/aliyun-java-sdk-ram-3.0.0.pom
#18 77.89 [INFO] Downloaded from aliyun: https://maven.aliyun.com/repository/public/com/aliyun/aliyun-java-sdk-ram/3.0.0/aliyun-java-sdk-ram-3.0.0.pom (3.3 kB at 70 kB/s)
#18 77.90 [INFO] Downloading from aliyun: https://maven.aliyun.com/repository/public/com/aliyun/aliyun-java-sdk-sts/3.0.0/aliyun-java-sdk-sts-3.0.0.pom
#18 77.93 [INFO] Downloaded from aliyun: https://maven.aliyun.com/repository/public/com/aliyun/aliyun-java-sdk-sts/3.0.0/aliyun-java-sdk-sts-3.0.0.pom (3.3 kB at 97 kB/s)
#18 77.93 [INFO] Downloading from aliyun: https://maven.aliyun.com/repository/public/com/aliyun/aliyun-java-sdk-ecs/4.2.0/aliyun-java-sdk-ecs-4.2.0.pom
#18 77.99 [INFO] Downloaded from aliyun: https://maven.aliyun.com/repository/public/com/aliyun/aliyun-java-sdk-ecs/4.2.0/aliyun-java-sdk-ecs-4.2.0.pom (3.3 kB at 56 kB/s)
#18 77.99 [INFO] Downloading from aliyun: https://maven.aliyun.com/repository/public/com/aliyun/aliyun-java-sdk-kms/2.7.0/aliyun-java-sdk-kms-2.7.0.pom
#18 78.24 [INFO] Downloaded from aliyun: https://maven.aliyun.com/repository/public/com/aliyun/aliyun-java-sdk-kms/2.7.0/aliyun-java-sdk-kms-2.7.0.pom (4.0 kB at 16 kB/s)
#18 78.24 [INFO] Downloading from aliyun: https://maven.aliyun.com/repository/public/com/tencentcloudapi/tencentcloud-sdk-java/3.1.411/tencentcloud-sdk-java-3.1.411.pom
#18 78.64 [INFO] Downloaded from aliyun: https://maven.aliyun.com/repository/public/com/tencentcloudapi/tencentcloud-sdk-java/3.1.411/tencentcloud-sdk-java-3.1.411.pom (6.0 kB at 15 kB/s)
#18 78.65 [INFO] Downloading from aliyun: https://maven.aliyun.com/repository/public/com/alibaba/easyexcel/3.1.3/easyexcel-3.1.3.pom
#18 78.90 [INFO] Downloaded from aliyun: https://maven.aliyun.com/repository/public/com/alibaba/easyexcel/3.1.3/easyexcel-3.1.3.pom (2.6 kB at 10 kB/s)
#18 78.90 [INFO] Downloading from aliyun: https://maven.aliyun.com/repository/public/com/alibaba/easyexcel-core/3.1.3/easyexcel-core-3.1.3.pom
#18 79.05 [INFO] Downloaded from aliyun: https://maven.aliyun.com/repository/public/com/alibaba/easyexcel-core/3.1.3/easyexcel-core-3.1.3.pom (3.5 kB at 24 kB/s)
#18 79.05 [INFO] Downloading from aliyun: https://maven.aliyun.com/repository/public/com/alibaba/easyexcel-support/3.1.3/easyexcel-support-3.1.3.pom
#18 79.31 [INFO] Downloaded from aliyun: https://maven.aliyun.com/repository/public/com/alibaba/easyexcel-support/3.1.3/easyexcel-support-3.1.3.pom (2.4 kB at 9.4 kB/s)
#18 79.32 [INFO] Downloading from aliyun: https://maven.aliyun.com/repository/public/org/apache/poi/poi/4.1.2/poi-4.1.2.pom
#18 79.59 [INFO] Downloaded from aliyun: https://maven.aliyun.com/repository/public/org/apache/poi/poi/4.1.2/poi-4.1.2.pom (3.6 kB at 13 kB/s)
#18 79.59 [INFO] Downloading from aliyun: https://maven.aliyun.com/repository/public/org/apache/commons/commons-collections4/4.4/commons-collections4-4.4.pom
#18 79.63 [INFO] Downloaded from aliyun: https://maven.aliyun.com/repository/public/org/apache/commons/commons-collections4/4.4/commons-collections4-4.4.pom (24 kB at 700 kB/s)
#18 79.63 [INFO] Downloading from aliyun: https://maven.aliyun.com/repository/public/org/apache/commons/commons-parent/48/commons-parent-48.pom
#18 79.67 [INFO] Downloaded from aliyun: https://maven.aliyun.com/repository/public/org/apache/commons/commons-parent/48/commons-parent-48.pom (72 kB at 1.9 MB/s)
#18 79.67 [INFO] Downloading from aliyun: https://maven.aliyun.com/repository/public/org/apache/commons/commons-math3/3.6.1/commons-math3-3.6.1.pom
#18 79.71 [INFO] Downloaded from aliyun: https://maven.aliyun.com/repository/public/org/apache/commons/commons-math3/3.6.1/commons-math3-3.6.1.pom (29 kB at 820 kB/s)
#18 79.71 [INFO] Downloading from aliyun: https://maven.aliyun.com/repository/public/org/apache/commons/commons-parent/39/commons-parent-39.pom
#18 79.75 [INFO] Downloaded from aliyun: https://maven.aliyun.com/repository/public/org/apache/commons/commons-parent/39/commons-parent-39.pom (62 kB at 1.7 MB/s)
#18 79.76 [INFO] Downloading from aliyun: https://maven.aliyun.com/repository/public/org/apache/apache/16/apache-16.pom
#18 79.79 [INFO] Downloaded from aliyun: https://maven.aliyun.com/repository/public/org/apache/apache/16/apache-16.pom (15 kB at 467 kB/s)
#18 79.79 [INFO] Downloading from aliyun: https://maven.aliyun.com/repository/public/com/zaxxer/SparseBitSet/1.2/SparseBitSet-1.2.pom
#18 79.84 [INFO] Downloaded from aliyun: https://maven.aliyun.com/repository/public/com/zaxxer/SparseBitSet/1.2/SparseBitSet-1.2.pom (4.2 kB at 90 kB/s)
#18 79.84 [INFO] Downloading from aliyun: https://maven.aliyun.com/repository/public/org/apache/poi/poi-ooxml/4.1.2/poi-ooxml-4.1.2.pom
#18 80.07 [INFO] Downloaded from aliyun: https://maven.aliyun.com/repository/public/org/apache/poi/poi-ooxml/4.1.2/poi-ooxml-4.1.2.pom (2.9 kB at 13 kB/s)
#18 80.08 [INFO] Downloading from aliyun: https://maven.aliyun.com/repository/public/org/apache/poi/poi-ooxml-schemas/4.1.2/poi-ooxml-schemas-4.1.2.pom
#18 80.33 [INFO] Downloaded from aliyun: https://maven.aliyun.com/repository/public/org/apache/poi/poi-ooxml-schemas/4.1.2/poi-ooxml-schemas-4.1.2.pom (2.7 kB at 11 kB/s)
#18 80.33 [INFO] Downloading from aliyun: https://maven.aliyun.com/repository/public/org/apache/xmlbeans/xmlbeans/3.1.0/xmlbeans-3.1.0.pom
#18 80.55 [INFO] Downloaded from aliyun: https://maven.aliyun.com/repository/public/org/apache/xmlbeans/xmlbeans/3.1.0/xmlbeans-3.1.0.pom (3.1 kB at 14 kB/s)
#18 80.55 [INFO] Downloading from aliyun: https://maven.aliyun.com/repository/public/org/apache/commons/commons-compress/1.19/commons-compress-1.19.pom
#18 80.77 [INFO] Downloaded from aliyun: https://maven.aliyun.com/repository/public/org/apache/commons/commons-compress/1.19/commons-compress-1.19.pom (18 kB at 82 kB/s)
#18 80.78 [INFO] Downloading from aliyun: https://maven.aliyun.com/repository/public/com/github/virtuald/curvesapi/1.06/curvesapi-1.06.pom
#18 81.03 [INFO] Downloaded from aliyun: https://maven.aliyun.com/repository/public/com/github/virtuald/curvesapi/1.06/curvesapi-1.06.pom (4.0 kB at 16 kB/s)
#18 81.03 [INFO] Downloading from aliyun: https://maven.aliyun.com/repository/public/org/apache/commons/commons-csv/1.8/commons-csv-1.8.pom
#18 81.28 [INFO] Downloaded from aliyun: https://maven.aliyun.com/repository/public/org/apache/commons/commons-csv/1.8/commons-csv-1.8.pom (20 kB at 82 kB/s)
#18 81.28 [INFO] Downloading from aliyun: https://maven.aliyun.com/repository/public/org/apache/commons/commons-parent/50/commons-parent-50.pom
#18 81.49 [INFO] Downloaded from aliyun: https://maven.aliyun.com/repository/public/org/apache/commons/commons-parent/50/commons-parent-50.pom (76 kB at 364 kB/s)
#18 81.50 [INFO] Downloading from aliyun: https://maven.aliyun.com/repository/public/org/ehcache/ehcache/3.10.2/ehcache-3.10.2.pom
#18 81.76 [INFO] Downloaded from aliyun: https://maven.aliyun.com/repository/public/org/ehcache/ehcache/3.10.2/ehcache-3.10.2.pom (2.5 kB at 9.5 kB/s)
#18 81.76 [INFO] Downloading from aliyun: https://maven.aliyun.com/repository/public/javax/cache/cache-api/1.1.1/cache-api-1.1.1.pom
#18 81.93 [INFO] Downloaded from aliyun: https://maven.aliyun.com/repository/public/javax/cache/cache-api/1.1.1/cache-api-1.1.1.pom (12 kB at 70 kB/s)
#18 81.94 [INFO] Downloading from aliyun: https://maven.aliyun.com/repository/public/org/glassfish/jaxb/jaxb-runtime/2.3.7/jaxb-runtime-2.3.7.pom
#18 82.17 [INFO] Downloaded from aliyun: https://maven.aliyun.com/repository/public/org/glassfish/jaxb/jaxb-runtime/2.3.7/jaxb-runtime-2.3.7.pom (7.5 kB at 33 kB/s)
#18 82.17 [INFO] Downloading from aliyun: https://maven.aliyun.com/repository/public/com/sun/xml/bind/mvn/jaxb-runtime-parent/2.3.7/jaxb-runtime-parent-2.3.7.pom
#18 82.45 [INFO] Downloaded from aliyun: https://maven.aliyun.com/repository/public/com/sun/xml/bind/mvn/jaxb-runtime-parent/2.3.7/jaxb-runtime-parent-2.3.7.pom (1.2 kB at 4.2 kB/s)
#18 82.45 [INFO] Downloading from aliyun: https://maven.aliyun.com/repository/public/com/sun/xml/bind/mvn/jaxb-parent/2.3.7/jaxb-parent-2.3.7.pom
#18 82.61 [INFO] Downloaded from aliyun: https://maven.aliyun.com/repository/public/com/sun/xml/bind/mvn/jaxb-parent/2.3.7/jaxb-parent-2.3.7.pom (31 kB at 195 kB/s)
#18 82.62 [INFO] Downloading from aliyun: https://maven.aliyun.com/repository/public/com/sun/xml/bind/jaxb-bom-ext/2.3.7/jaxb-bom-ext-2.3.7.pom
#18 82.95 [INFO] Downloaded from aliyun: https://maven.aliyun.com/repository/public/com/sun/xml/bind/jaxb-bom-ext/2.3.7/jaxb-bom-ext-2.3.7.pom (3.5 kB at 11 kB/s)
#18 82.95 [INFO] Downloading from aliyun: https://maven.aliyun.com/repository/public/org/glassfish/jaxb/jaxb-bom/2.3.7/jaxb-bom-2.3.7.pom
#18 83.10 [INFO] Downloaded from aliyun: https://maven.aliyun.com/repository/public/org/glassfish/jaxb/jaxb-bom/2.3.7/jaxb-bom-2.3.7.pom (9.7 kB at 64 kB/s)
#18 83.10 [INFO] Downloading from aliyun: https://maven.aliyun.com/repository/public/org/eclipse/ee4j/project/1.0.7/project-1.0.7.pom
#18 83.14 [INFO] Downloaded from aliyun: https://maven.aliyun.com/repository/public/org/eclipse/ee4j/project/1.0.7/project-1.0.7.pom (14 kB at 405 kB/s)
#18 83.14 [INFO] Downloading from aliyun: https://maven.aliyun.com/repository/public/jakarta/xml/bind/jakarta.xml.bind-api/2.3.3/jakarta.xml.bind-api-2.3.3.pom
#18 83.38 [INFO] Downloaded from aliyun: https://maven.aliyun.com/repository/public/jakarta/xml/bind/jakarta.xml.bind-api/2.3.3/jakarta.xml.bind-api-2.3.3.pom (13 kB at 56 kB/s)
#18 83.39 [INFO] Downloading from aliyun: https://maven.aliyun.com/repository/public/jakarta/xml/bind/jakarta.xml.bind-api-parent/2.3.3/jakarta.xml.bind-api-parent-2.3.3.pom
#18 83.62 [INFO] Downloaded from aliyun: https://maven.aliyun.com/repository/public/jakarta/xml/bind/jakarta.xml.bind-api-parent/2.3.3/jakarta.xml.bind-api-parent-2.3.3.pom (9.0 kB at 39 kB/s)
#18 83.62 [INFO] Downloading from aliyun: https://maven.aliyun.com/repository/public/org/glassfish/jaxb/txw2/2.3.7/txw2-2.3.7.pom
#18 83.83 [INFO] Downloaded from aliyun: https://maven.aliyun.com/repository/public/org/glassfish/jaxb/txw2/2.3.7/txw2-2.3.7.pom (1.8 kB at 8.3 kB/s)
#18 83.83 [INFO] Downloading from aliyun: https://maven.aliyun.com/repository/public/com/sun/xml/bind/mvn/jaxb-txw-parent/2.3.7/jaxb-txw-parent-2.3.7.pom
#18 84.05 [INFO] Downloaded from aliyun: https://maven.aliyun.com/repository/public/com/sun/xml/bind/mvn/jaxb-txw-parent/2.3.7/jaxb-txw-parent-2.3.7.pom (1.7 kB at 8.2 kB/s)
#18 84.05 [INFO] Downloading from aliyun: https://maven.aliyun.com/repository/public/com/sun/istack/istack-commons-runtime/3.0.12/istack-commons-runtime-3.0.12.pom
#18 84.27 [INFO] Downloaded from aliyun: https://maven.aliyun.com/repository/public/com/sun/istack/istack-commons-runtime/3.0.12/istack-commons-runtime-3.0.12.pom (5.0 kB at 23 kB/s)
#18 84.27 [INFO] Downloading from aliyun: https://maven.aliyun.com/repository/public/com/sun/istack/istack-commons/3.0.12/istack-commons-3.0.12.pom
#18 84.52 [INFO] Downloaded from aliyun: https://maven.aliyun.com/repository/public/com/sun/istack/istack-commons/3.0.12/istack-commons-3.0.12.pom (24 kB at 96 kB/s)
#18 84.52 [INFO] Downloading from aliyun: https://maven.aliyun.com/repository/public/com/sun/activation/jakarta.activation/1.2.2/jakarta.activation-1.2.2.pom
#18 84.98 [INFO] Downloaded from aliyun: https://maven.aliyun.com/repository/public/com/sun/activation/jakarta.activation/1.2.2/jakarta.activation-1.2.2.pom (4.6 kB at 10 kB/s)
#18 84.98 [INFO] Downloading from aliyun: https://maven.aliyun.com/repository/public/com/sun/activation/all/1.2.2/all-1.2.2.pom
#18 85.23 [INFO] Downloaded from aliyun: https://maven.aliyun.com/repository/public/com/sun/activation/all/1.2.2/all-1.2.2.pom (15 kB at 61 kB/s)
#18 85.24 [INFO] Downloading from aliyun: https://maven.aliyun.com/repository/public/com/github/oshi/oshi-core/6.1.2/oshi-core-6.1.2.pom
#18 85.51 [INFO] Downloaded from aliyun: https://maven.aliyun.com/repository/public/com/github/oshi/oshi-core/6.1.2/oshi-core-6.1.2.pom (3.1 kB at 11 kB/s)
#18 85.51 [INFO] Downloading from aliyun: https://maven.aliyun.com/repository/public/com/github/oshi/oshi-parent/6.1.2/oshi-parent-6.1.2.pom
#18 85.78 [INFO] Downloaded from aliyun: https://maven.aliyun.com/repository/public/com/github/oshi/oshi-parent/6.1.2/oshi-parent-6.1.2.pom (57 kB at 213 kB/s)
#18 85.78 [INFO] Downloading from aliyun: https://maven.aliyun.com/repository/public/net/java/dev/jna/jna/5.10.0/jna-5.10.0.pom
#18 86.06 [INFO] Downloaded from aliyun: https://maven.aliyun.com/repository/public/net/java/dev/jna/jna/5.10.0/jna-5.10.0.pom (2.0 kB at 7.4 kB/s)
#18 86.06 [INFO] Downloading from aliyun: https://maven.aliyun.com/repository/public/net/java/dev/jna/jna-platform/5.10.0/jna-platform-5.10.0.pom
#18 86.33 [INFO] Downloaded from aliyun: https://maven.aliyun.com/repository/public/net/java/dev/jna/jna-platform/5.10.0/jna-platform-5.10.0.pom (2.3 kB at 8.4 kB/s)
#18 86.33 [INFO] Downloading from aliyun: https://maven.aliyun.com/repository/public/io/springfox/springfox-boot-starter/3.0.0/springfox-boot-starter-3.0.0.pom
#18 86.38 [INFO] Downloaded from aliyun: https://maven.aliyun.com/repository/public/io/springfox/springfox-boot-starter/3.0.0/springfox-boot-starter-3.0.0.pom (3.6 kB at 77 kB/s)
#18 86.38 [INFO] Downloading from aliyun: https://maven.aliyun.com/repository/public/io/springfox/springfox-oas/3.0.0/springfox-oas-3.0.0.pom
#18 86.43 [INFO] Downloaded from aliyun: https://maven.aliyun.com/repository/public/io/springfox/springfox-oas/3.0.0/springfox-oas-3.0.0.pom (4.5 kB at 101 kB/s)
#18 86.43 [INFO] Downloading from aliyun: https://maven.aliyun.com/repository/public/io/swagger/core/v3/swagger-annotations/2.1.2/swagger-annotations-2.1.2.pom
#18 86.48 [INFO] Downloaded from aliyun: https://maven.aliyun.com/repository/public/io/swagger/core/v3/swagger-annotations/2.1.2/swagger-annotations-2.1.2.pom (6.6 kB at 143 kB/s)
#18 86.48 [INFO] Downloading from aliyun: https://maven.aliyun.com/repository/public/io/swagger/core/v3/swagger-project/2.1.2/swagger-project-2.1.2.pom
#18 86.53 [INFO] Downloaded from aliyun: https://maven.aliyun.com/repository/public/io/swagger/core/v3/swagger-project/2.1.2/swagger-project-2.1.2.pom (22 kB at 435 kB/s)
#18 86.53 [INFO] Downloading from aliyun: https://maven.aliyun.com/repository/public/org/sonatype/oss/oss-parent/5/oss-parent-5.pom
#18 86.57 [INFO] Downloaded from aliyun: https://maven.aliyun.com/repository/public/org/sonatype/oss/oss-parent/5/oss-parent-5.pom (4.1 kB at 124 kB/s)
#18 86.57 [INFO] Downloading from aliyun: https://maven.aliyun.com/repository/public/io/swagger/core/v3/swagger-models/2.1.2/swagger-models-2.1.2.pom
#18 86.62 [INFO] Downloaded from aliyun: https://maven.aliyun.com/repository/public/io/swagger/core/v3/swagger-models/2.1.2/swagger-models-2.1.2.pom (3.7 kB at 80 kB/s)
#18 86.62 [INFO] Downloading from aliyun: https://maven.aliyun.com/repository/public/io/springfox/springfox-spi/3.0.0/springfox-spi-3.0.0.pom
#18 86.67 [INFO] Downloaded from aliyun: https://maven.aliyun.com/repository/public/io/springfox/springfox-spi/3.0.0/springfox-spi-3.0.0.pom (2.1 kB at 45 kB/s)
#18 86.67 [INFO] Downloading from aliyun: https://maven.aliyun.com/repository/public/io/springfox/springfox-core/3.0.0/springfox-core-3.0.0.pom
#18 86.71 [INFO] Downloaded from aliyun: https://maven.aliyun.com/repository/public/io/springfox/springfox-core/3.0.0/springfox-core-3.0.0.pom (2.9 kB at 62 kB/s)
#18 86.72 [INFO] Downloading from aliyun: https://maven.aliyun.com/repository/public/net/bytebuddy/byte-buddy/1.12.18/byte-buddy-1.12.18.pom
#18 86.98 [INFO] Downloaded from aliyun: https://maven.aliyun.com/repository/public/net/bytebuddy/byte-buddy/1.12.18/byte-buddy-1.12.18.pom (16 kB at 61 kB/s)
#18 86.98 [INFO] Downloading from aliyun: https://maven.aliyun.com/repository/public/net/bytebuddy/byte-buddy-parent/1.12.18/byte-buddy-parent-1.12.18.pom
#18 87.19 [INFO] Downloaded from aliyun: https://maven.aliyun.com/repository/public/net/bytebuddy/byte-buddy-parent/1.12.18/byte-buddy-parent-1.12.18.pom (58 kB at 274 kB/s)
#18 87.20 [INFO] Downloading from aliyun: https://maven.aliyun.com/repository/public/org/springframework/plugin/spring-plugin-core/2.0.0.RELEASE/spring-plugin-core-2.0.0.RELEASE.pom
#18 87.24 [INFO] Downloaded from aliyun: https://maven.aliyun.com/repository/public/org/springframework/plugin/spring-plugin-core/2.0.0.RELEASE/spring-plugin-core-2.0.0.RELEASE.pom (1.6 kB at 35 kB/s)
#18 87.25 [INFO] Downloading from aliyun: https://maven.aliyun.com/repository/public/org/springframework/plugin/spring-plugin/2.0.0.RELEASE/spring-plugin-2.0.0.RELEASE.pom
#18 87.29 [INFO] Downloaded from aliyun: https://maven.aliyun.com/repository/public/org/springframework/plugin/spring-plugin/2.0.0.RELEASE/spring-plugin-2.0.0.RELEASE.pom (5.8 kB at 130 kB/s)
#18 87.30 [INFO] Downloading from aliyun: https://maven.aliyun.com/repository/public/org/springframework/plugin/spring-plugin-metadata/2.0.0.RELEASE/spring-plugin-metadata-2.0.0.RELEASE.pom
#18 87.34 [INFO] Downloaded from aliyun: https://maven.aliyun.com/repository/public/org/springframework/plugin/spring-plugin-metadata/2.0.0.RELEASE/spring-plugin-metadata-2.0.0.RELEASE.pom (1.1 kB at 24 kB/s)
#18 87.34 [INFO] Downloading from aliyun: https://maven.aliyun.com/repository/public/io/springfox/springfox-schema/3.0.0/springfox-schema-3.0.0.pom
#18 87.39 [INFO] Downloaded from aliyun: https://maven.aliyun.com/repository/public/io/springfox/springfox-schema/3.0.0/springfox-schema-3.0.0.pom (2.3 kB at 46 kB/s)
#18 87.40 [INFO] Downloading from aliyun: https://maven.aliyun.com/repository/public/io/springfox/springfox-spring-web/3.0.0/springfox-spring-web-3.0.0.pom
#18 87.44 [INFO] Downloaded from aliyun: https://maven.aliyun.com/repository/public/io/springfox/springfox-spring-web/3.0.0/springfox-spring-web-3.0.0.pom (3.4 kB at 78 kB/s)
#18 87.44 [INFO] Downloading from aliyun: https://maven.aliyun.com/repository/public/io/github/classgraph/classgraph/4.8.83/classgraph-4.8.83.pom
#18 87.49 [INFO] Downloaded from aliyun: https://maven.aliyun.com/repository/public/io/github/classgraph/classgraph/4.8.83/classgraph-4.8.83.pom (28 kB at 561 kB/s)
#18 87.50 [INFO] Downloading from aliyun: https://maven.aliyun.com/repository/public/io/springfox/springfox-spring-webmvc/3.0.0/springfox-spring-webmvc-3.0.0.pom
#18 87.54 [INFO] Downloaded from aliyun: https://maven.aliyun.com/repository/public/io/springfox/springfox-spring-webmvc/3.0.0/springfox-spring-webmvc-3.0.0.pom (3.4 kB at 72 kB/s)
#18 87.55 [INFO] Downloading from aliyun: https://maven.aliyun.com/repository/public/io/springfox/springfox-spring-webflux/3.0.0/springfox-spring-webflux-3.0.0.pom
#18 87.59 [INFO] Downloaded from aliyun: https://maven.aliyun.com/repository/public/io/springfox/springfox-spring-webflux/3.0.0/springfox-spring-webflux-3.0.0.pom (3.4 kB at 73 kB/s)
#18 87.60 [INFO] Downloading from aliyun: https://maven.aliyun.com/repository/public/io/springfox/springfox-swagger-common/3.0.0/springfox-swagger-common-3.0.0.pom
#18 87.64 [INFO] Downloaded from aliyun: https://maven.aliyun.com/repository/public/io/springfox/springfox-swagger-common/3.0.0/springfox-swagger-common-3.0.0.pom (4.0 kB at 87 kB/s)
#18 87.65 [INFO] Downloading from aliyun: https://maven.aliyun.com/repository/public/io/swagger/swagger-annotations/1.5.20/swagger-annotations-1.5.20.pom
#18 87.68 [INFO] Downloaded from aliyun: https://maven.aliyun.com/repository/public/io/swagger/swagger-annotations/1.5.20/swagger-annotations-1.5.20.pom (6.2 kB at 195 kB/s)
#18 87.68 [INFO] Downloading from aliyun: https://maven.aliyun.com/repository/public/io/swagger/swagger-project/1.5.20/swagger-project-1.5.20.pom
#18 87.71 [INFO] Downloaded from aliyun: https://maven.aliyun.com/repository/public/io/swagger/swagger-project/1.5.20/swagger-project-1.5.20.pom (26 kB at 796 kB/s)
#18 87.72 [INFO] Downloading from aliyun: https://maven.aliyun.com/repository/public/io/swagger/swagger-models/1.5.20/swagger-models-1.5.20.pom
#18 87.75 [INFO] Downloaded from aliyun: https://maven.aliyun.com/repository/public/io/swagger/swagger-models/1.5.20/swagger-models-1.5.20.pom (4.5 kB at 141 kB/s)
#18 87.76 [INFO] Downloading from aliyun: https://maven.aliyun.com/repository/public/org/mapstruct/mapstruct/1.3.1.Final/mapstruct-1.3.1.Final.pom
#18 87.80 [INFO] Downloaded from aliyun: https://maven.aliyun.com/repository/public/org/mapstruct/mapstruct/1.3.1.Final/mapstruct-1.3.1.Final.pom (4.5 kB at 96 kB/s)
#18 87.81 [INFO] Downloading from aliyun: https://maven.aliyun.com/repository/public/org/mapstruct/mapstruct-parent/1.3.1.Final/mapstruct-parent-1.3.1.Final.pom
#18 87.86 [INFO] Downloaded from aliyun: https://maven.aliyun.com/repository/public/org/mapstruct/mapstruct-parent/1.3.1.Final/mapstruct-parent-1.3.1.Final.pom (33 kB at 617 kB/s)
#18 87.86 [INFO] Downloading from aliyun: https://maven.aliyun.com/repository/public/org/jboss/arquillian/arquillian-bom/1.0.2.Final/arquillian-bom-1.0.2.Final.pom
#18 87.90 [INFO] Downloaded from aliyun: https://maven.aliyun.com/repository/public/org/jboss/arquillian/arquillian-bom/1.0.2.Final/arquillian-bom-1.0.2.Final.pom (11 kB at 332 kB/s)
#18 87.90 [INFO] Downloading from aliyun: https://maven.aliyun.com/repository/public/org/jboss/shrinkwrap/shrinkwrap-bom/1.0.1/shrinkwrap-bom-1.0.1.pom
#18 87.93 [INFO] Downloaded from aliyun: https://maven.aliyun.com/repository/public/org/jboss/shrinkwrap/shrinkwrap-bom/1.0.1/shrinkwrap-bom-1.0.1.pom (3.2 kB at 93 kB/s)
#18 87.94 [INFO] Downloading from aliyun: https://maven.aliyun.com/repository/public/org/jboss/shrinkwrap/resolver/shrinkwrap-resolver-bom/1.0.0-beta-7/shrinkwrap-resolver-bom-1.0.0-beta-7.pom
#18 87.97 [INFO] Downloaded from aliyun: https://maven.aliyun.com/repository/public/org/jboss/shrinkwrap/resolver/shrinkwrap-resolver-bom/1.0.0-beta-7/shrinkwrap-resolver-bom-1.0.0-beta-7.pom (3.3 kB at 96 kB/s)
#18 87.97 [INFO] Downloading from aliyun: https://maven.aliyun.com/repository/public/org/jboss/shrinkwrap/descriptors/shrinkwrap-descriptors-bom/2.0.0-alpha-3/shrinkwrap-descriptors-bom-2.0.0-alpha-3.pom
#18 88.01 [INFO] Downloaded from aliyun: https://maven.aliyun.com/repository/public/org/jboss/shrinkwrap/descriptors/shrinkwrap-descriptors-bom/2.0.0-alpha-3/shrinkwrap-descriptors-bom-2.0.0-alpha-3.pom (4.4 kB at 128 kB/s)
#18 88.01 [INFO] Downloading from aliyun: https://maven.aliyun.com/repository/public/io/springfox/springfox-data-rest/3.0.0/springfox-data-rest-3.0.0.pom
#18 88.06 [INFO] Downloaded from aliyun: https://maven.aliyun.com/repository/public/io/springfox/springfox-data-rest/3.0.0/springfox-data-rest-3.0.0.pom (3.2 kB at 71 kB/s)
#18 88.06 [INFO] Downloading from aliyun: https://maven.aliyun.com/repository/public/io/springfox/springfox-bean-validators/3.0.0/springfox-bean-validators-3.0.0.pom
#18 88.10 [INFO] Downloaded from aliyun: https://maven.aliyun.com/repository/public/io/springfox/springfox-bean-validators/3.0.0/springfox-bean-validators-3.0.0.pom (2.9 kB at 62 kB/s)
#18 88.11 [INFO] Downloading from aliyun: https://maven.aliyun.com/repository/public/io/springfox/springfox-swagger2/3.0.0/springfox-swagger2-3.0.0.pom
#18 88.15 [INFO] Downloaded from aliyun: https://maven.aliyun.com/repository/public/io/springfox/springfox-swagger2/3.0.0/springfox-swagger2-3.0.0.pom (4.4 kB at 99 kB/s)
#18 88.16 [INFO] Downloading from aliyun: https://maven.aliyun.com/repository/public/io/springfox/springfox-swagger-ui/3.0.0/springfox-swagger-ui-3.0.0.pom
#18 88.20 [INFO] Downloaded from aliyun: https://maven.aliyun.com/repository/public/io/springfox/springfox-swagger-ui/3.0.0/springfox-swagger-ui-3.0.0.pom (2.1 kB at 45 kB/s)
#18 88.21 [INFO] Downloading from aliyun: https://maven.aliyun.com/repository/public/com/github/binarywang/weixin-java-miniapp/4.4.0/weixin-java-miniapp-4.4.0.pom
#18 88.57 [INFO] Downloaded from aliyun: https://maven.aliyun.com/repository/public/com/github/binarywang/weixin-java-miniapp/4.4.0/weixin-java-miniapp-4.4.0.pom (4.3 kB at 12 kB/s)
#18 88.57 [INFO] Downloading from aliyun: https://maven.aliyun.com/repository/public/com/github/binarywang/wx-java/4.4.0/wx-java-4.4.0.pom
#18 88.79 [INFO] Downloaded from aliyun: https://maven.aliyun.com/repository/public/com/github/binarywang/wx-java/4.4.0/wx-java-4.4.0.pom (15 kB at 65 kB/s)
#18 88.80 [INFO] Downloading from aliyun: https://maven.aliyun.com/repository/public/com/github/binarywang/weixin-java-common/4.4.0/weixin-java-common-4.4.0.pom
#18 88.97 [INFO] Downloaded from aliyun: https://maven.aliyun.com/repository/public/com/github/binarywang/weixin-java-common/4.4.0/weixin-java-common-4.4.0.pom (5.7 kB at 33 kB/s)
#18 88.98 [INFO] Downloading from aliyun: https://maven.aliyun.com/repository/public/com/thoughtworks/xstream/xstream/1.4.19/xstream-1.4.19.pom
#18 89.22 [INFO] Downloaded from aliyun: https://maven.aliyun.com/repository/public/com/thoughtworks/xstream/xstream/1.4.19/xstream-1.4.19.pom (24 kB at 98 kB/s)
#18 89.22 [INFO] Downloading from aliyun: https://maven.aliyun.com/repository/public/com/thoughtworks/xstream/xstream-parent/1.4.19/xstream-parent-1.4.19.pom
#18 89.46 [INFO] Downloaded from aliyun: https://maven.aliyun.com/repository/public/com/thoughtworks/xstream/xstream-parent/1.4.19/xstream-parent-1.4.19.pom (43 kB at 185 kB/s)
#18 89.46 [INFO] Downloading from aliyun: https://maven.aliyun.com/repository/public/io/github/x-stream/mxparser/1.2.2/mxparser-1.2.2.pom
#18 89.50 [INFO] Downloaded from aliyun: https://maven.aliyun.com/repository/public/io/github/x-stream/mxparser/1.2.2/mxparser-1.2.2.pom (24 kB at 701 kB/s)
#18 89.50 [INFO] Downloading from aliyun: https://maven.aliyun.com/repository/public/xmlpull/xmlpull/1.1.3.1/xmlpull-1.1.3.1.pom
#18 89.53 [INFO] Downloaded from aliyun: https://maven.aliyun.com/repository/public/xmlpull/xmlpull/1.1.3.1/xmlpull-1.1.3.1.pom (386 B at 12 kB/s)
#18 89.54 [INFO] Downloading from aliyun: https://maven.aliyun.com/repository/public/org/apache/httpcomponents/httpmime/4.5.13/httpmime-4.5.13.pom
#18 89.80 [INFO] Downloaded from aliyun: https://maven.aliyun.com/repository/public/org/apache/httpcomponents/httpmime/4.5.13/httpmime-4.5.13.pom (5.2 kB at 20 kB/s)
#18 89.80 [INFO] Downloading from aliyun: https://maven.aliyun.com/repository/public/org/slf4j/jcl-over-slf4j/1.7.36/jcl-over-slf4j-1.7.36.pom
#18 90.04 [INFO] Downloaded from aliyun: https://maven.aliyun.com/repository/public/org/slf4j/jcl-over-slf4j/1.7.36/jcl-over-slf4j-1.7.36.pom (1.2 kB at 5.0 kB/s)
#18 90.04 [INFO] Downloading from aliyun: https://maven.aliyun.com/repository/public/com/google/guava/guava/30.0-jre/guava-30.0-jre.pom
#18 90.30 [INFO] Downloaded from aliyun: https://maven.aliyun.com/repository/public/com/google/guava/guava/30.0-jre/guava-30.0-jre.pom (11 kB at 43 kB/s)
#18 90.30 [INFO] Downloading from aliyun: https://maven.aliyun.com/repository/public/com/google/guava/guava-parent/30.0-jre/guava-parent-30.0-jre.pom
#18 90.54 [INFO] Downloaded from aliyun: https://maven.aliyun.com/repository/public/com/google/guava/guava-parent/30.0-jre/guava-parent-30.0-jre.pom (13 kB at 56 kB/s)
#18 90.54 [INFO] Downloading from aliyun: https://maven.aliyun.com/repository/public/com/google/guava/failureaccess/1.0.1/failureaccess-1.0.1.pom
#18 90.57 [INFO] Downloaded from aliyun: https://maven.aliyun.com/repository/public/com/google/guava/failureaccess/1.0.1/failureaccess-1.0.1.pom (2.4 kB at 73 kB/s)
#18 90.58 [INFO] Downloading from aliyun: https://maven.aliyun.com/repository/public/com/google/guava/guava-parent/26.0-android/guava-parent-26.0-android.pom
#18 90.61 [INFO] Downloaded from aliyun: https://maven.aliyun.com/repository/public/com/google/guava/guava-parent/26.0-android/guava-parent-26.0-android.pom (10 kB at 275 kB/s)
#18 90.62 [INFO] Downloading from aliyun: https://maven.aliyun.com/repository/public/com/google/guava/listenablefuture/9999.0-empty-to-avoid-conflict-with-guava/listenablefuture-9999.0-empty-to-avoid-conflict-with-guava.pom
#18 90.65 [INFO] Downloaded from aliyun: https://maven.aliyun.com/repository/public/com/google/guava/listenablefuture/9999.0-empty-to-avoid-conflict-with-guava/listenablefuture-9999.0-empty-to-avoid-conflict-with-guava.pom (2.3 kB at 71 kB/s)
#18 90.65 [INFO] Downloading from aliyun: https://maven.aliyun.com/repository/public/com/google/code/findbugs/jsr305/3.0.2/jsr305-3.0.2.pom
#18 90.68 [INFO] Downloaded from aliyun: https://maven.aliyun.com/repository/public/com/google/code/findbugs/jsr305/3.0.2/jsr305-3.0.2.pom (4.3 kB at 126 kB/s)
#18 90.69 [INFO] Downloading from aliyun: https://maven.aliyun.com/repository/public/org/checkerframework/checker-qual/3.5.0/checker-qual-3.5.0.pom
#18 90.92 [INFO] Downloaded from aliyun: https://maven.aliyun.com/repository/public/org/checkerframework/checker-qual/3.5.0/checker-qual-3.5.0.pom (2.2 kB at 9.1 kB/s)
#18 90.93 [INFO] Downloading from aliyun: https://maven.aliyun.com/repository/public/com/google/errorprone/error_prone_annotations/2.3.4/error_prone_annotations-2.3.4.pom
#18 90.96 [INFO] Downloaded from aliyun: https://maven.aliyun.com/repository/public/com/google/errorprone/error_prone_annotations/2.3.4/error_prone_annotations-2.3.4.pom (2.1 kB at 64 kB/s)
#18 90.96 [INFO] Downloading from aliyun: https://maven.aliyun.com/repository/public/com/google/errorprone/error_prone_parent/2.3.4/error_prone_parent-2.3.4.pom
#18 90.99 [INFO] Downloaded from aliyun: https://maven.aliyun.com/repository/public/com/google/errorprone/error_prone_parent/2.3.4/error_prone_parent-2.3.4.pom (5.4 kB at 164 kB/s)
#18 91.00 [INFO] Downloading from aliyun: https://maven.aliyun.com/repository/public/com/google/j2objc/j2objc-annotations/1.3/j2objc-annotations-1.3.pom
#18 91.03 [INFO] Downloaded from aliyun: https://maven.aliyun.com/repository/public/com/google/j2objc/j2objc-annotations/1.3/j2objc-annotations-1.3.pom (2.8 kB at 89 kB/s)
#18 91.03 [INFO] Downloading from aliyun: https://maven.aliyun.com/repository/public/javax/validation/validation-api/2.0.1.Final/validation-api-2.0.1.Final.pom
#18 91.26 [INFO] Downloaded from aliyun: https://maven.aliyun.com/repository/public/javax/validation/validation-api/2.0.1.Final/validation-api-2.0.1.Final.pom (12 kB at 51 kB/s)
#18 91.26 [INFO] Downloading from aliyun: https://maven.aliyun.com/repository/public/org/dom4j/dom4j/2.1.3/dom4j-2.1.3.pom
#18 91.30 [INFO] Downloaded from aliyun: https://maven.aliyun.com/repository/public/org/dom4j/dom4j/2.1.3/dom4j-2.1.3.pom (2.8 kB at 81 kB/s)
#18 91.30 [INFO] Downloading from aliyun: https://maven.aliyun.com/repository/public/org/bouncycastle/bcpkix-jdk15on/1.68/bcpkix-jdk15on-1.68.pom
#18 91.46 [INFO] Downloaded from aliyun: https://maven.aliyun.com/repository/public/org/bouncycastle/bcpkix-jdk15on/1.68/bcpkix-jdk15on-1.68.pom (1.5 kB at 8.9 kB/s)
#18 91.47 [INFO] Downloading from aliyun: https://maven.aliyun.com/repository/public/org/bouncycastle/bcprov-jdk15on/1.68/bcprov-jdk15on-1.68.pom
#18 91.71 [INFO] Downloaded from aliyun: https://maven.aliyun.com/repository/public/org/bouncycastle/bcprov-jdk15on/1.68/bcprov-jdk15on-1.68.pom (1.1 kB at 4.8 kB/s)
#18 91.71 [INFO] Downloading from aliyun: https://maven.aliyun.com/repository/public/com/github/binarywang/weixin-java-mp/4.4.0/weixin-java-mp-4.4.0.pom
#18 92.04 [INFO] Downloaded from aliyun: https://maven.aliyun.com/repository/public/com/github/binarywang/weixin-java-mp/4.4.0/weixin-java-mp-4.4.0.pom (4.1 kB at 12 kB/s)
#18 92.05 [INFO] Downloading from aliyun: https://maven.aliyun.com/repository/public/com/github/binarywang/weixin-java-pay/4.4.0/weixin-java-pay-4.4.0.pom
#18 92.30 [INFO] Downloaded from aliyun: https://maven.aliyun.com/repository/public/com/github/binarywang/weixin-java-pay/4.4.0/weixin-java-pay-4.4.0.pom (3.1 kB at 12 kB/s)
#18 92.31 [INFO] Downloading from aliyun: https://maven.aliyun.com/repository/public/com/github/binarywang/qrcode-utils/1.1/qrcode-utils-1.1.pom
#18 92.66 [INFO] Downloaded from aliyun: https://maven.aliyun.com/repository/public/com/github/binarywang/qrcode-utils/1.1/qrcode-utils-1.1.pom (7.6 kB at 21 kB/s)
#18 92.66 [INFO] Downloading from aliyun: https://maven.aliyun.com/repository/public/com/google/zxing/core/3.2.1/core-3.2.1.pom
#18 92.85 [INFO] Downloaded from aliyun: https://maven.aliyun.com/repository/public/com/google/zxing/core/3.2.1/core-3.2.1.pom (3.0 kB at 16 kB/s)
#18 92.85 [INFO] Downloading from aliyun: https://maven.aliyun.com/repository/public/com/google/zxing/zxing-parent/3.2.1/zxing-parent-3.2.1.pom
#18 93.12 [INFO] Downloaded from aliyun: https://maven.aliyun.com/repository/public/com/google/zxing/zxing-parent/3.2.1/zxing-parent-3.2.1.pom (24 kB at 90 kB/s)
#18 93.12 [INFO] Downloading from aliyun: https://maven.aliyun.com/repository/public/com/google/guava/guava/19.0/guava-19.0.pom
#18 93.34 [INFO] Downloaded from aliyun: https://maven.aliyun.com/repository/public/com/google/guava/guava/19.0/guava-19.0.pom (6.8 kB at 31 kB/s)
#18 93.34 [INFO] Downloading from aliyun: https://maven.aliyun.com/repository/public/com/google/guava/guava-parent/19.0/guava-parent-19.0.pom
#18 93.56 [INFO] Downloaded from aliyun: https://maven.aliyun.com/repository/public/com/google/guava/guava-parent/19.0/guava-parent-19.0.pom (9.9 kB at 46 kB/s)
#18 93.65 [INFO] Downloading from aliyun: https://maven.aliyun.com/repository/public/org/springframework/boot/spring-boot-autoconfigure/2.7.5/spring-boot-autoconfigure-2.7.5.jar
#18 93.65 [INFO] Downloading from aliyun: https://maven.aliyun.com/repository/public/org/springframework/boot/spring-boot/2.7.5/spring-boot-2.7.5.jar
#18 93.65 [INFO] Downloading from aliyun: https://maven.aliyun.com/repository/public/org/springframework/spring-core/5.3.23/spring-core-5.3.23.jar
#18 93.65 [INFO] Downloading from aliyun: https://maven.aliyun.com/repository/public/org/springframework/spring-jcl/5.3.23/spring-jcl-5.3.23.jar
#18 93.65 [INFO] Downloading from aliyun: https://maven.aliyun.com/repository/public/org/springframework/spring-context/5.3.23/spring-context-5.3.23.jar
#18 93.88 [INFO] Downloaded from aliyun: https://maven.aliyun.com/repository/public/org/springframework/spring-jcl/5.3.23/spring-jcl-5.3.23.jar (24 kB at 106 kB/s)
#18 93.88 [INFO] Downloading from aliyun: https://maven.aliyun.com/repository/public/org/springframework/boot/spring-boot-configuration-processor/2.7.5/spring-boot-configuration-processor-2.7.5.jar
#18 93.95 [INFO] Downloaded from aliyun: https://maven.aliyun.com/repository/public/org/springframework/spring-context/5.3.23/spring-context-5.3.23.jar (1.3 MB at 4.2 MB/s)
#18 93.95 [INFO] Downloading from aliyun: https://maven.aliyun.com/repository/public/org/springframework/boot/spring-boot-starter-web/2.7.5/spring-boot-starter-web-2.7.5.jar
#18 93.98 [INFO] Downloaded from aliyun: https://maven.aliyun.com/repository/public/org/springframework/spring-core/5.3.23/spring-core-5.3.23.jar (1.5 MB at 4.5 MB/s)
#18 93.98 [INFO] Downloading from aliyun: https://maven.aliyun.com/repository/public/org/springframework/boot/spring-boot-starter/2.7.5/spring-boot-starter-2.7.5.jar
#18 93.99 [INFO] Downloaded from aliyun: https://maven.aliyun.com/repository/public/org/springframework/boot/spring-boot/2.7.5/spring-boot-2.7.5.jar (1.5 MB at 4.2 MB/s)
#18 93.99 [INFO] Downloading from aliyun: https://maven.aliyun.com/repository/public/jakarta/annotation/jakarta.annotation-api/1.3.5/jakarta.annotation-api-1.3.5.jar
#18 94.02 [INFO] Downloaded from aliyun: https://maven.aliyun.com/repository/public/org/springframework/boot/spring-boot-autoconfigure/2.7.5/spring-boot-autoconfigure-2.7.5.jar (1.7 MB at 4.5 MB/s)
#18 94.02 [INFO] Downloading from aliyun: https://maven.aliyun.com/repository/public/org/yaml/snakeyaml/1.30/snakeyaml-1.30.jar
#18 94.16 [INFO] Downloaded from aliyun: https://maven.aliyun.com/repository/public/org/springframework/boot/spring-boot-configuration-processor/2.7.5/spring-boot-configuration-processor-2.7.5.jar (119 kB at 233 kB/s)
#18 94.16 [INFO] Downloading from aliyun: https://maven.aliyun.com/repository/public/org/springframework/boot/spring-boot-starter-json/2.7.5/spring-boot-starter-json-2.7.5.jar
#18 94.22 [INFO] Downloaded from aliyun: https://maven.aliyun.com/repository/public/jakarta/annotation/jakarta.annotation-api/1.3.5/jakarta.annotation-api-1.3.5.jar (25 kB at 44 kB/s)
#18 94.22 [INFO] Downloading from aliyun: https://maven.aliyun.com/repository/public/com/fasterxml/jackson/datatype/jackson-datatype-jdk8/2.13.4/jackson-datatype-jdk8-2.13.4.jar
#18 94.23 [INFO] Downloaded from aliyun: https://maven.aliyun.com/repository/public/org/springframework/boot/spring-boot-starter-web/2.7.5/spring-boot-starter-web-2.7.5.jar (4.8 kB at 8.2 kB/s)
#18 94.23 [INFO] Downloading from aliyun: https://maven.aliyun.com/repository/public/com/fasterxml/jackson/datatype/jackson-datatype-jsr310/2.13.4/jackson-datatype-jsr310-2.13.4.jar
#18 94.29 [INFO] Downloaded from aliyun: https://maven.aliyun.com/repository/public/org/yaml/snakeyaml/1.30/snakeyaml-1.30.jar (332 kB at 515 kB/s)
#18 94.29 [INFO] Downloading from aliyun: https://maven.aliyun.com/repository/public/com/fasterxml/jackson/module/jackson-module-parameter-names/2.13.4/jackson-module-parameter-names-2.13.4.jar
#18 94.31 [INFO] Downloaded from aliyun: https://maven.aliyun.com/repository/public/org/springframework/boot/spring-boot-starter/2.7.5/spring-boot-starter-2.7.5.jar (4.8 kB at 7.2 kB/s)
#18 94.31 [INFO] Downloading from aliyun: https://maven.aliyun.com/repository/public/org/springframework/boot/spring-boot-starter-tomcat/2.7.5/spring-boot-starter-tomcat-2.7.5.jar
#18 94.41 [INFO] Downloaded from aliyun: https://maven.aliyun.com/repository/public/com/fasterxml/jackson/datatype/jackson-datatype-jsr310/2.13.4/jackson-datatype-jsr310-2.13.4.jar (121 kB at 159 kB/s)
#18 94.41 [INFO] Downloading from aliyun: https://maven.aliyun.com/repository/public/org/apache/tomcat/embed/tomcat-embed-core/9.0.68/tomcat-embed-core-9.0.68.jar
#18 94.44 [INFO] Downloaded from aliyun: https://maven.aliyun.com/repository/public/com/fasterxml/jackson/datatype/jackson-datatype-jdk8/2.13.4/jackson-datatype-jdk8-2.13.4.jar (35 kB at 44 kB/s)
#18 94.44 [INFO] Downloading from aliyun: https://maven.aliyun.com/repository/public/org/apache/tomcat/embed/tomcat-embed-websocket/9.0.68/tomcat-embed-websocket-9.0.68.jar
#18 94.48 [INFO] Downloaded from aliyun: https://maven.aliyun.com/repository/public/org/springframework/boot/spring-boot-starter-json/2.7.5/spring-boot-starter-json-2.7.5.jar (4.7 kB at 5.7 kB/s)
#18 94.48 [INFO] Downloading from aliyun: https://maven.aliyun.com/repository/public/org/springframework/spring-web/5.3.23/spring-web-5.3.23.jar
#18 94.51 [INFO] Downloaded from aliyun: https://maven.aliyun.com/repository/public/com/fasterxml/jackson/module/jackson-module-parameter-names/2.13.4/jackson-module-parameter-names-2.13.4.jar (9.5 kB at 11 kB/s)
#18 94.51 [INFO] Downloading from aliyun: https://maven.aliyun.com/repository/public/org/springframework/spring-beans/5.3.23/spring-beans-5.3.23.jar
#18 94.55 [INFO] Downloaded from aliyun: https://maven.aliyun.com/repository/public/org/springframework/boot/spring-boot-starter-tomcat/2.7.5/spring-boot-starter-tomcat-2.7.5.jar (4.8 kB at 5.3 kB/s)
#18 94.55 [INFO] Downloading from aliyun: https://maven.aliyun.com/repository/public/org/springframework/spring-webmvc/5.3.23/spring-webmvc-5.3.23.jar
#18 94.69 [INFO] Downloaded from aliyun: https://maven.aliyun.com/repository/public/org/apache/tomcat/embed/tomcat-embed-websocket/9.0.68/tomcat-embed-websocket-9.0.68.jar (279 kB at 266 kB/s)
#18 94.69 [INFO] Downloading from aliyun: https://maven.aliyun.com/repository/public/org/springframework/spring-expression/5.3.23/spring-expression-5.3.23.jar
#18 94.79 [INFO] Downloaded from aliyun: https://maven.aliyun.com/repository/public/org/springframework/spring-webmvc/5.3.23/spring-webmvc-5.3.23.jar (1.0 MB at 897 kB/s)
#18 94.79 [INFO] Downloading from aliyun: https://maven.aliyun.com/repository/public/org/springframework/boot/spring-boot-starter-log4j2/2.7.5/spring-boot-starter-log4j2-2.7.5.jar
#18 94.80 [INFO] Downloaded from aliyun: https://maven.aliyun.com/repository/public/org/springframework/spring-beans/5.3.23/spring-beans-5.3.23.jar (699 kB at 604 kB/s)
#18 94.80 [INFO] Downloading from aliyun: https://maven.aliyun.com/repository/public/org/apache/logging/log4j/log4j-slf4j-impl/2.17.2/log4j-slf4j-impl-2.17.2.jar
#18 94.81 [INFO] Downloaded from aliyun: https://maven.aliyun.com/repository/public/org/apache/tomcat/embed/tomcat-embed-core/9.0.68/tomcat-embed-core-9.0.68.jar (3.4 MB at 2.9 MB/s)
#18 94.81 [INFO] Downloading from aliyun: https://maven.aliyun.com/repository/public/org/apache/logging/log4j/log4j-api/2.17.2/log4j-api-2.17.2.jar
#18 94.83 [INFO] Downloaded from aliyun: https://maven.aliyun.com/repository/public/org/springframework/spring-web/5.3.23/spring-web-5.3.23.jar (1.6 MB at 1.4 MB/s)
#18 94.83 [INFO] Downloading from aliyun: https://maven.aliyun.com/repository/public/org/apache/logging/log4j/log4j-core/2.17.2/log4j-core-2.17.2.jar
#18 94.96 [INFO] Downloaded from aliyun: https://maven.aliyun.com/repository/public/org/springframework/spring-expression/5.3.23/spring-expression-5.3.23.jar (289 kB at 220 kB/s)
#18 94.96 [INFO] Downloading from aliyun: https://maven.aliyun.com/repository/public/org/apache/logging/log4j/log4j-jul/2.17.2/log4j-jul-2.17.2.jar
#18 94.98 [INFO] Downloaded from aliyun: https://maven.aliyun.com/repository/public/org/apache/logging/log4j/log4j-api/2.17.2/log4j-api-2.17.2.jar (303 kB at 227 kB/s)
#18 94.98 [INFO] Downloading from aliyun: https://maven.aliyun.com/repository/public/org/slf4j/jul-to-slf4j/1.7.36/jul-to-slf4j-1.7.36.jar
#18 95.03 [INFO] Downloaded from aliyun: https://maven.aliyun.com/repository/public/org/slf4j/jul-to-slf4j/1.7.36/jul-to-slf4j-1.7.36.jar (4.5 kB at 3.3 kB/s)
#18 95.03 [INFO] Downloading from aliyun: https://maven.aliyun.com/repository/public/org/springframework/boot/spring-boot-starter-aop/2.7.5/spring-boot-starter-aop-2.7.5.jar
#18 95.07 [INFO] Downloaded from aliyun: https://maven.aliyun.com/repository/public/org/apache/logging/log4j/log4j-slf4j-impl/2.17.2/log4j-slf4j-impl-2.17.2.jar (24 kB at 17 kB/s)
#18 95.07 [INFO] Downloading from aliyun: https://maven.aliyun.com/repository/public/org/springframework/spring-aop/5.3.23/spring-aop-5.3.23.jar
#18 95.12 [INFO] Downloaded from aliyun: https://maven.aliyun.com/repository/public/org/springframework/spring-aop/5.3.23/spring-aop-5.3.23.jar (383 kB at 260 kB/s)
#18 95.12 [INFO] Downloading from aliyun: https://maven.aliyun.com/repository/public/org/aspectj/aspectjweaver/1.9.7/aspectjweaver-1.9.7.jar
#18 95.15 [INFO] Downloaded from aliyun: https://maven.aliyun.com/repository/public/org/apache/logging/log4j/log4j-core/2.17.2/log4j-core-2.17.2.jar (1.8 MB at 1.2 MB/s)
#18 95.15 [INFO] Downloading from aliyun: https://maven.aliyun.com/repository/public/org/springframework/boot/spring-boot-starter-validation/2.7.5/spring-boot-starter-validation-2.7.5.jar
#18 95.16 [INFO] Downloaded from aliyun: https://maven.aliyun.com/repository/public/org/apache/logging/log4j/log4j-jul/2.17.2/log4j-jul-2.17.2.jar (31 kB at 20 kB/s)
#18 95.16 [INFO] Downloading from aliyun: https://maven.aliyun.com/repository/public/org/apache/tomcat/embed/tomcat-embed-el/9.0.68/tomcat-embed-el-9.0.68.jar
#18 95.24 [INFO] Downloaded from aliyun: https://maven.aliyun.com/repository/public/org/springframework/boot/spring-boot-starter-log4j2/2.7.5/spring-boot-starter-log4j2-2.7.5.jar (4.8 kB at 3.0 kB/s)
#18 95.24 [INFO] Downloading from aliyun: https://maven.aliyun.com/repository/public/org/hibernate/validator/hibernate-validator/6.2.5.Final/hibernate-validator-6.2.5.Final.jar
#18 95.25 [INFO] Downloaded from aliyun: https://maven.aliyun.com/repository/public/org/aspectj/aspectjweaver/1.9.7/aspectjweaver-1.9.7.jar (2.1 MB at 1.3 MB/s)
#18 95.25 [INFO] Downloading from aliyun: https://maven.aliyun.com/repository/public/jakarta/validation/jakarta.validation-api/2.0.2/jakarta.validation-api-2.0.2.jar
#18 95.29 [INFO] Downloaded from aliyun: https://maven.aliyun.com/repository/public/jakarta/validation/jakarta.validation-api/2.0.2/jakarta.validation-api-2.0.2.jar (92 kB at 56 kB/s)
#18 95.29 [INFO] Downloading from aliyun: https://maven.aliyun.com/repository/public/org/jboss/logging/jboss-logging/3.4.3.Final/jboss-logging-3.4.3.Final.jar
#18 95.30 [INFO] Downloaded from aliyun: https://maven.aliyun.com/repository/public/org/springframework/boot/spring-boot-starter-aop/2.7.5/spring-boot-starter-aop-2.7.5.jar (4.8 kB at 2.9 kB/s)
#18 95.30 [INFO] Downloading from aliyun: https://maven.aliyun.com/repository/public/org/springframework/boot/spring-boot-starter-data-redis/2.7.5/spring-boot-starter-data-redis-2.7.5.jar
#18 95.35 [INFO] Downloaded from aliyun: https://maven.aliyun.com/repository/public/org/apache/tomcat/embed/tomcat-embed-el/9.0.68/tomcat-embed-el-9.0.68.jar (256 kB at 151 kB/s)
#18 95.35 [INFO] Downloading from aliyun: https://maven.aliyun.com/repository/public/org/springframework/data/spring-data-redis/2.7.5/spring-data-redis-2.7.5.jar
#18 95.36 [INFO] Downloaded from aliyun: https://maven.aliyun.com/repository/public/org/hibernate/validator/hibernate-validator/6.2.5.Final/hibernate-validator-6.2.5.Final.jar (1.3 MB at 772 kB/s)
#18 95.36 [INFO] Downloading from aliyun: https://maven.aliyun.com/repository/public/org/springframework/data/spring-data-keyvalue/2.7.5/spring-data-keyvalue-2.7.5.jar
#18 95.44 [INFO] Downloaded from aliyun: https://maven.aliyun.com/repository/public/org/springframework/boot/spring-boot-starter-validation/2.7.5/spring-boot-starter-validation-2.7.5.jar (4.8 kB at 2.7 kB/s)
#18 95.44 [INFO] Downloading from aliyun: https://maven.aliyun.com/repository/public/org/springframework/data/spring-data-commons/2.7.5/spring-data-commons-2.7.5.jar
#18 95.54 [INFO] Downloaded from aliyun: https://maven.aliyun.com/repository/public/org/jboss/logging/jboss-logging/3.4.3.Final/jboss-logging-3.4.3.Final.jar (61 kB at 32 kB/s)
#18 95.54 [INFO] Downloading from aliyun: https://maven.aliyun.com/repository/public/org/springframework/spring-tx/5.3.23/spring-tx-5.3.23.jar
#18 95.58 [INFO] Downloaded from aliyun: https://maven.aliyun.com/repository/public/org/springframework/boot/spring-boot-starter-data-redis/2.7.5/spring-boot-starter-data-redis-2.7.5.jar (4.8 kB at 2.5 kB/s)
#18 95.58 [INFO] Downloading from aliyun: https://maven.aliyun.com/repository/public/org/springframework/spring-oxm/5.3.23/spring-oxm-5.3.23.jar
#18 95.64 [INFO] Downloaded from aliyun: https://maven.aliyun.com/repository/public/org/springframework/data/spring-data-redis/2.7.5/spring-data-redis-2.7.5.jar (2.1 MB at 1.1 MB/s)
#18 95.64 [INFO] Downloading from aliyun: https://maven.aliyun.com/repository/public/org/springframework/spring-context-support/5.3.23/spring-context-support-5.3.23.jar
#18 95.66 [INFO] Downloaded from aliyun: https://maven.aliyun.com/repository/public/org/springframework/data/spring-data-keyvalue/2.7.5/spring-data-keyvalue-2.7.5.jar (114 kB at 56 kB/s)
#18 95.66 [INFO] Downloading from aliyun: https://maven.aliyun.com/repository/public/io/lettuce/lettuce-core/6.1.10.RELEASE/lettuce-core-6.1.10.RELEASE.jar
#18 95.75 [INFO] Downloaded from aliyun: https://maven.aliyun.com/repository/public/org/springframework/data/spring-data-commons/2.7.5/spring-data-commons-2.7.5.jar (1.3 MB at 640 kB/s)
#18 95.75 [INFO] Downloading from aliyun: https://maven.aliyun.com/repository/public/io/netty/netty-common/4.1.84.Final/netty-common-4.1.84.Final.jar
#18 95.80 [INFO] Downloaded from aliyun: https://maven.aliyun.com/repository/public/org/springframework/spring-tx/5.3.23/spring-tx-5.3.23.jar (333 kB at 155 kB/s)
#18 95.80 [INFO] Downloading from aliyun: https://maven.aliyun.com/repository/public/io/netty/netty-handler/4.1.84.Final/netty-handler-4.1.84.Final.jar
#18 95.81 [INFO] Downloaded from aliyun: https://maven.aliyun.com/repository/public/org/springframework/spring-oxm/5.3.23/spring-oxm-5.3.23.jar (66 kB at 31 kB/s)
#18 95.81 [INFO] Downloading from aliyun: https://maven.aliyun.com/repository/public/io/netty/netty-resolver/4.1.84.Final/netty-resolver-4.1.84.Final.jar
#18 95.88 [INFO] Downloaded from aliyun: https://maven.aliyun.com/repository/public/org/springframework/spring-context-support/5.3.23/spring-context-support-5.3.23.jar (187 kB at 84 kB/s)
#18 95.88 [INFO] Downloading from aliyun: https://maven.aliyun.com/repository/public/io/netty/netty-buffer/4.1.84.Final/netty-buffer-4.1.84.Final.jar
#18 95.97 [INFO] Downloaded from aliyun: https://maven.aliyun.com/repository/public/io/lettuce/lettuce-core/6.1.10.RELEASE/lettuce-core-6.1.10.RELEASE.jar (1.9 MB at 801 kB/s)
#18 95.97 [INFO] Downloading from aliyun: https://maven.aliyun.com/repository/public/io/netty/netty-transport-native-unix-common/4.1.84.Final/netty-transport-native-unix-common-4.1.84.Final.jar
#18 96.10 [INFO] Downloaded from aliyun: https://maven.aliyun.com/repository/public/io/netty/netty-resolver/4.1.84.Final/netty-resolver-4.1.84.Final.jar (38 kB at 15 kB/s)
#18 96.10 [INFO] Downloading from aliyun: https://maven.aliyun.com/repository/public/io/netty/netty-codec/4.1.84.Final/netty-codec-4.1.84.Final.jar
#18 96.12 [INFO] Downloaded from aliyun: https://maven.aliyun.com/repository/public/io/netty/netty-handler/4.1.84.Final/netty-handler-4.1.84.Final.jar (540 kB at 219 kB/s)
#18 96.12 [INFO] Downloading from aliyun: https://maven.aliyun.com/repository/public/io/netty/netty-transport/4.1.84.Final/netty-transport-4.1.84.Final.jar
#18 96.14 [INFO] Downloaded from aliyun: https://maven.aliyun.com/repository/public/io/netty/netty-buffer/4.1.84.Final/netty-buffer-4.1.84.Final.jar (305 kB at 122 kB/s)
#18 96.14 [INFO] Downloading from aliyun: https://maven.aliyun.com/repository/public/io/projectreactor/reactor-core/3.4.24/reactor-core-3.4.24.jar
#18 96.15 [INFO] Downloaded from aliyun: https://maven.aliyun.com/repository/public/io/netty/netty-transport-native-unix-common/4.1.84.Final/netty-transport-native-unix-common-4.1.84.Final.jar (44 kB at 17 kB/s)
#18 96.15 [INFO] Downloading from aliyun: https://maven.aliyun.com/repository/public/org/reactivestreams/reactive-streams/1.0.4/reactive-streams-1.0.4.jar
#18 96.18 [INFO] Downloaded from aliyun: https://maven.aliyun.com/repository/public/org/reactivestreams/reactive-streams/1.0.4/reactive-streams-1.0.4.jar (12 kB at 4.6 kB/s)
#18 96.18 [INFO] Downloading from aliyun: https://maven.aliyun.com/repository/public/mysql/mysql-connector-java/5.1.49/mysql-connector-java-5.1.49.jar
#18 96.31 [INFO] Downloaded from aliyun: https://maven.aliyun.com/repository/public/io/netty/netty-common/4.1.84.Final/netty-common-4.1.84.Final.jar (654 kB at 246 kB/s)
#18 96.31 [INFO] Downloading from aliyun: https://maven.aliyun.com/repository/public/com/baomidou/mybatis-plus-boot-starter/3.5.2/mybatis-plus-boot-starter-3.5.2.jar
#18 96.42 [INFO] Downloaded from aliyun: https://maven.aliyun.com/repository/public/io/netty/netty-codec/4.1.84.Final/netty-codec-4.1.84.Final.jar (343 kB at 123 kB/s)
#18 96.42 [INFO] Downloading from aliyun: https://maven.aliyun.com/repository/public/com/baomidou/mybatis-plus/3.5.2/mybatis-plus-3.5.2.jar
#18 96.44 [INFO] Downloaded from aliyun: https://maven.aliyun.com/repository/public/io/netty/netty-transport/4.1.84.Final/netty-transport-4.1.84.Final.jar (488 kB at 175 kB/s)
#18 96.44 [INFO] Downloading from aliyun: https://maven.aliyun.com/repository/public/com/baomidou/mybatis-plus-extension/3.5.2/mybatis-plus-extension-3.5.2.jar
#18 96.47 [INFO] Downloaded from aliyun: https://maven.aliyun.com/repository/public/io/projectreactor/reactor-core/3.4.24/reactor-core-3.4.24.jar (1.7 MB at 615 kB/s)
#18 96.47 [INFO] Downloading from aliyun: https://maven.aliyun.com/repository/public/com/baomidou/mybatis-plus-core/3.5.2/mybatis-plus-core-3.5.2.jar
#18 96.49 [INFO] Downloaded from aliyun: https://maven.aliyun.com/repository/public/mysql/mysql-connector-java/5.1.49/mysql-connector-java-5.1.49.jar (1.0 MB at 354 kB/s)
#18 96.49 [INFO] Downloading from aliyun: https://maven.aliyun.com/repository/public/com/baomidou/mybatis-plus-annotation/3.5.2/mybatis-plus-annotation-3.5.2.jar
#18 96.54 [INFO] Downloaded from aliyun: https://maven.aliyun.com/repository/public/com/baomidou/mybatis-plus-boot-starter/3.5.2/mybatis-plus-boot-starter-3.5.2.jar (38 kB at 13 kB/s)
#18 96.54 [INFO] Downloading from aliyun: https://maven.aliyun.com/repository/public/org/jetbrains/kotlin/kotlin-stdlib-jdk8/1.6.21/kotlin-stdlib-jdk8-1.6.21.jar
#18 96.58 [INFO] Downloaded from aliyun: https://maven.aliyun.com/repository/public/com/baomidou/mybatis-plus/3.5.2/mybatis-plus-3.5.2.jar (5.7 kB at 1.9 kB/s)
#18 96.58 [INFO] Downloading from aliyun: https://maven.aliyun.com/repository/public/org/jetbrains/kotlin/kotlin-stdlib-jdk7/1.6.21/kotlin-stdlib-jdk7-1.6.21.jar
#18 96.64 [INFO] Downloaded from aliyun: https://maven.aliyun.com/repository/public/com/baomidou/mybatis-plus-annotation/3.5.2/mybatis-plus-annotation-3.5.2.jar (18 kB at 5.9 kB/s)
#18 96.64 [INFO] Downloading from aliyun: https://maven.aliyun.com/repository/public/org/springframework/boot/spring-boot-starter-jdbc/2.7.5/spring-boot-starter-jdbc-2.7.5.jar
#18 96.73 [INFO] Downloaded from aliyun: https://maven.aliyun.com/repository/public/com/baomidou/mybatis-plus-core/3.5.2/mybatis-plus-core-3.5.2.jar (297 kB at 96 kB/s)
#18 96.73 [INFO] Downloading from aliyun: https://maven.aliyun.com/repository/public/com/zaxxer/HikariCP/4.0.3/HikariCP-4.0.3.jar
#18 96.77 [INFO] Downloaded from aliyun: https://maven.aliyun.com/repository/public/org/jetbrains/kotlin/kotlin-stdlib-jdk8/1.6.21/kotlin-stdlib-jdk8-1.6.21.jar (18 kB at 5.7 kB/s)
#18 96.77 [INFO] Downloading from aliyun: https://maven.aliyun.com/repository/public/org/springframework/spring-jdbc/5.3.23/spring-jdbc-5.3.23.jar
#18 96.87 [INFO] Downloaded from aliyun: https://maven.aliyun.com/repository/public/org/jetbrains/kotlin/kotlin-stdlib-jdk7/1.6.21/kotlin-stdlib-jdk7-1.6.21.jar (24 kB at 7.4 kB/s)
#18 96.87 [INFO] Downloading from aliyun: https://maven.aliyun.com/repository/public/com/github/yulichang/mybatis-plus-join/1.2.4/mybatis-plus-join-1.2.4.jar
#18 96.90 [INFO] Downloaded from aliyun: https://maven.aliyun.com/repository/public/org/springframework/boot/spring-boot-starter-jdbc/2.7.5/spring-boot-starter-jdbc-2.7.5.jar (4.8 kB at 1.5 kB/s)
#18 96.90 [INFO] Downloading from aliyun: https://maven.aliyun.com/repository/public/com/github/pagehelper/pagehelper-spring-boot-starter/1.4.5/pagehelper-spring-boot-starter-1.4.5.jar
#18 96.95 [INFO] Downloaded from aliyun: https://maven.aliyun.com/repository/public/com/baomidou/mybatis-plus-extension/3.5.2/mybatis-plus-extension-3.5.2.jar (188 kB at 57 kB/s)
#18 96.95 [INFO] Downloading from aliyun: https://maven.aliyun.com/repository/public/org/mybatis/spring/boot/mybatis-spring-boot-starter/2.2.2/mybatis-spring-boot-starter-2.2.2.jar
#18 96.99 [INFO] Downloaded from aliyun: https://maven.aliyun.com/repository/public/com/zaxxer/HikariCP/4.0.3/HikariCP-4.0.3.jar (159 kB at 48 kB/s)
#18 96.99 [INFO] Downloading from aliyun: https://maven.aliyun.com/repository/public/org/mybatis/spring/boot/mybatis-spring-boot-autoconfigure/2.2.2/mybatis-spring-boot-autoconfigure-2.2.2.jar
#18 97.03 [INFO] Downloaded from aliyun: https://maven.aliyun.com/repository/public/org/springframework/spring-jdbc/5.3.23/spring-jdbc-5.3.23.jar (428 kB at 127 kB/s)
#18 97.03 [INFO] Downloading from aliyun: https://maven.aliyun.com/repository/public/org/mybatis/mybatis/3.5.9/mybatis-3.5.9.jar
#18 97.11 [INFO] Downloaded from aliyun: https://maven.aliyun.com/repository/public/com/github/pagehelper/pagehelper-spring-boot-starter/1.4.5/pagehelper-spring-boot-starter-1.4.5.jar (2.6 kB at 752 B/s)
#18 97.11 [INFO] Downloading from aliyun: https://maven.aliyun.com/repository/public/org/mybatis/mybatis-spring/2.0.7/mybatis-spring-2.0.7.jar
#18 97.15 [INFO] Downloaded from aliyun: https://maven.aliyun.com/repository/public/org/mybatis/mybatis-spring/2.0.7/mybatis-spring-2.0.7.jar (71 kB at 20 kB/s)
#18 97.15 [INFO] Downloading from aliyun: https://maven.aliyun.com/repository/public/com/github/pagehelper/pagehelper-spring-boot-autoconfigure/1.4.5/pagehelper-spring-boot-autoconfigure-1.4.5.jar
#18 97.16 [INFO] Downloaded from aliyun: https://maven.aliyun.com/repository/public/com/github/yulichang/mybatis-plus-join/1.2.4/mybatis-plus-join-1.2.4.jar (137 kB at 39 kB/s)
#18 97.16 [INFO] Downloading from aliyun: https://maven.aliyun.com/repository/public/com/github/pagehelper/pagehelper/5.3.2/pagehelper-5.3.2.jar
#18 97.22 [INFO] Downloaded from aliyun: https://maven.aliyun.com/repository/public/org/mybatis/spring/boot/mybatis-spring-boot-starter/2.2.2/mybatis-spring-boot-starter-2.2.2.jar (2.5 kB at 685 B/s)
#18 97.22 [INFO] Downloading from aliyun: https://maven.aliyun.com/repository/public/com/github/jsqlparser/jsqlparser/4.5/jsqlparser-4.5.jar
#18 97.25 [INFO] Downloaded from aliyun: https://maven.aliyun.com/repository/public/org/mybatis/spring/boot/mybatis-spring-boot-autoconfigure/2.2.2/mybatis-spring-boot-autoconfigure-2.2.2.jar (28 kB at 7.7 kB/s)
#18 97.25 [INFO] Downloading from aliyun: https://maven.aliyun.com/repository/public/org/apache/commons/commons-pool2/2.11.1/commons-pool2-2.11.1.jar
#18 97.33 [INFO] Downloaded from aliyun: https://maven.aliyun.com/repository/public/org/apache/commons/commons-pool2/2.11.1/commons-pool2-2.11.1.jar (146 kB at 39 kB/s)
#18 97.33 [INFO] Downloading from aliyun: https://maven.aliyun.com/repository/public/org/projectlombok/lombok/1.18.24/lombok-1.18.24.jar
#18 97.35 [INFO] Downloaded from aliyun: https://maven.aliyun.com/repository/public/org/mybatis/mybatis/3.5.9/mybatis-3.5.9.jar (1.8 MB at 490 kB/s)
#18 97.35 [INFO] Downloading from aliyun: https://maven.aliyun.com/repository/public/com/alibaba/fastjson2/fastjson2/2.0.16/fastjson2-2.0.16.jar
#18 97.38 [INFO] Downloaded from aliyun: https://maven.aliyun.com/repository/public/com/github/pagehelper/pagehelper/5.3.2/pagehelper-5.3.2.jar (120 kB at 32 kB/s)
#18 97.38 [INFO] Downloading from aliyun: https://maven.aliyun.com/repository/public/com/google/code/gson/gson/2.9.0/gson-2.9.0.jar
#18 97.43 [INFO] Downloaded from aliyun: https://maven.aliyun.com/repository/public/com/github/jsqlparser/jsqlparser/4.5/jsqlparser-4.5.jar (900 kB at 238 kB/s)
#18 97.43 [INFO] Downloading from aliyun: https://maven.aliyun.com/repository/public/nl/bitwalker/UserAgentUtils/1.2.4/UserAgentUtils-1.2.4.jar
#18 97.49 [INFO] Downloaded from aliyun: https://maven.aliyun.com/repository/public/com/github/pagehelper/pagehelper-spring-boot-autoconfigure/1.4.5/pagehelper-spring-boot-autoconfigure-1.4.5.jar (9.7 kB at 2.5 kB/s)
#18 97.49 [INFO] Downloading from aliyun: https://maven.aliyun.com/repository/public/org/apache/commons/commons-lang3/3.12.0/commons-lang3-3.12.0.jar
#18 97.56 [INFO] Downloaded from aliyun: https://maven.aliyun.com/repository/public/org/apache/commons/commons-lang3/3.12.0/commons-lang3-3.12.0.jar (587 kB at 150 kB/s)
#18 97.56 [INFO] Downloading from aliyun: https://maven.aliyun.com/repository/public/commons-io/commons-io/2.11.0/commons-io-2.11.0.jar
#18 97.56 [INFO] Downloaded from aliyun: https://maven.aliyun.com/repository/public/com/google/code/gson/gson/2.9.0/gson-2.9.0.jar (249 kB at 64 kB/s)
#18 97.56 [INFO] Downloading from aliyun: https://maven.aliyun.com/repository/public/com/qiniu/qiniu-java-sdk/7.9.5/qiniu-java-sdk-7.9.5.jar
#18 97.60 [INFO] Downloaded from aliyun: https://maven.aliyun.com/repository/public/commons-io/commons-io/2.11.0/commons-io-2.11.0.jar (327 kB at 83 kB/s)
#18 97.60 [INFO] Downloading from aliyun: https://maven.aliyun.com/repository/public/com/squareup/okhttp3/okhttp/4.9.3/okhttp-4.9.3.jar
#18 97.64 [INFO] Downloaded from aliyun: https://maven.aliyun.com/repository/public/org/projectlombok/lombok/1.18.24/lombok-1.18.24.jar (2.0 MB at 494 kB/s)
#18 97.64 [INFO] Downloading from aliyun: https://maven.aliyun.com/repository/public/org/jetbrains/kotlin/kotlin-stdlib/1.6.21/kotlin-stdlib-1.6.21.jar
#18 97.89 [INFO] Downloaded from aliyun: https://maven.aliyun.com/repository/public/com/squareup/okhttp3/okhttp/4.9.3/okhttp-4.9.3.jar (792 kB at 187 kB/s)
#18 97.89 [INFO] Downloading from aliyun: https://maven.aliyun.com/repository/public/org/jetbrains/kotlin/kotlin-stdlib-common/1.6.21/kotlin-stdlib-common-1.6.21.jar
#18 97.93 [INFO] Downloaded from aliyun: https://maven.aliyun.com/repository/public/org/jetbrains/kotlin/kotlin-stdlib/1.6.21/kotlin-stdlib-1.6.21.jar (1.5 MB at 352 kB/s)
#18 97.93 [INFO] Downloading from aliyun: https://maven.aliyun.com/repository/public/org/jetbrains/annotations/13.0/annotations-13.0.jar
#18 97.93 [INFO] Downloaded from aliyun: https://maven.aliyun.com/repository/public/com/qiniu/qiniu-java-sdk/7.9.5/qiniu-java-sdk-7.9.5.jar (371 kB at 87 kB/s)
#18 97.93 [INFO] Downloading from aliyun: https://maven.aliyun.com/repository/public/com/qcloud/cos_api/5.6.54/cos_api-5.6.54.jar
#18 97.96 [INFO] Downloaded from aliyun: https://maven.aliyun.com/repository/public/com/alibaba/fastjson2/fastjson2/2.0.16/fastjson2-2.0.16.jar (1.6 MB at 371 kB/s)
#18 97.96 [INFO] Downloading from aliyun: https://maven.aliyun.com/repository/public/org/apache/httpcomponents/httpclient/4.5.13/httpclient-4.5.13.jar
#18 97.96 [INFO] Downloaded from aliyun: https://maven.aliyun.com/repository/public/nl/bitwalker/UserAgentUtils/1.2.4/UserAgentUtils-1.2.4.jar (24 kB at 5.6 kB/s)
#18 97.96 [INFO] Downloading from aliyun: https://maven.aliyun.com/repository/public/org/slf4j/slf4j-api/1.7.36/slf4j-api-1.7.36.jar
#18 97.96 [INFO] Downloaded from aliyun: https://maven.aliyun.com/repository/public/org/jetbrains/annotations/13.0/annotations-13.0.jar (18 kB at 4.1 kB/s)
#18 97.96 [INFO] Downloading from aliyun: https://maven.aliyun.com/repository/public/commons-codec/commons-codec/1.15/commons-codec-1.15.jar
#18 98.03 [INFO] Downloaded from aliyun: https://maven.aliyun.com/repository/public/org/apache/httpcomponents/httpclient/4.5.13/httpclient-4.5.13.jar (780 kB at 178 kB/s)
#18 98.03 [INFO] Downloading from aliyun: https://maven.aliyun.com/repository/public/joda-time/joda-time/2.9.9/joda-time-2.9.9.jar
#18 98.03 [INFO] Downloaded from aliyun: https://maven.aliyun.com/repository/public/commons-codec/commons-codec/1.15/commons-codec-1.15.jar (354 kB at 81 kB/s)
#18 98.03 [INFO] Downloading from aliyun: https://maven.aliyun.com/repository/public/com/fasterxml/jackson/core/jackson-databind/2.13.4.2/jackson-databind-2.13.4.2.jar
#18 98.14 [INFO] Downloaded from aliyun: https://maven.aliyun.com/repository/public/org/jetbrains/kotlin/kotlin-stdlib-common/1.6.21/kotlin-stdlib-common-1.6.21.jar (201 kB at 45 kB/s)
#18 98.14 [INFO] Downloading from aliyun: https://maven.aliyun.com/repository/public/com/fasterxml/jackson/core/jackson-annotations/2.13.4/jackson-annotations-2.13.4.jar
#18 98.20 [INFO] Downloaded from aliyun: https://maven.aliyun.com/repository/public/org/slf4j/slf4j-api/1.7.36/slf4j-api-1.7.36.jar (41 kB at 9.0 kB/s)
#18 98.20 [INFO] Downloading from aliyun: https://maven.aliyun.com/repository/public/com/fasterxml/jackson/core/jackson-core/2.13.4/jackson-core-2.13.4.jar
#18 98.24 [INFO] Downloaded from aliyun: https://maven.aliyun.com/repository/public/com/qcloud/cos_api/5.6.54/cos_api-5.6.54.jar (1.1 MB at 245 kB/s)
#18 98.24 [INFO] Downloading from aliyun: https://maven.aliyun.com/repository/public/com/tencentcloudapi/tencentcloud-sdk-java-kms/3.1.213/tencentcloud-sdk-java-kms-3.1.213.jar
#18 98.32 [INFO] Downloaded from aliyun: https://maven.aliyun.com/repository/public/com/fasterxml/jackson/core/jackson-databind/2.13.4.2/jackson-databind-2.13.4.2.jar (1.5 MB at 328 kB/s)
#18 98.32 [INFO] Downloading from aliyun: https://maven.aliyun.com/repository/public/com/tencentcloudapi/tencentcloud-sdk-java-common/3.1.213/tencentcloud-sdk-java-common-3.1.213.jar
#18 98.33 [INFO] Downloaded from aliyun: https://maven.aliyun.com/repository/public/joda-time/joda-time/2.9.9/joda-time-2.9.9.jar (634 kB at 136 kB/s)
#18 98.33 [INFO] Downloading from aliyun: https://maven.aliyun.com/repository/public/org/bouncycastle/bcprov-jdk15on/1.64/bcprov-jdk15on-1.64.jar
#18 98.37 [INFO] Downloaded from aliyun: https://maven.aliyun.com/repository/public/com/fasterxml/jackson/core/jackson-annotations/2.13.4/jackson-annotations-2.13.4.jar (76 kB at 16 kB/s)
#18 98.37 [INFO] Downloading from aliyun: https://maven.aliyun.com/repository/public/com/aliyun/oss/aliyun-sdk-oss/3.10.2/aliyun-sdk-oss-3.10.2.jar
#18 98.43 [INFO] Downloaded from aliyun: https://maven.aliyun.com/repository/public/com/tencentcloudapi/tencentcloud-sdk-java-kms/3.1.213/tencentcloud-sdk-java-kms-3.1.213.jar (144 kB at 30 kB/s)
#18 98.43 [INFO] Downloading from aliyun: https://maven.aliyun.com/repository/public/org/jdom/jdom2/2.0.6.1/jdom2-2.0.6.1.jar
#18 98.48 [INFO] Downloaded from aliyun: https://maven.aliyun.com/repository/public/org/jdom/jdom2/2.0.6.1/jdom2-2.0.6.1.jar (328 kB at 68 kB/s)
#18 98.48 [INFO] Downloading from aliyun: https://maven.aliyun.com/repository/public/org/codehaus/jettison/jettison/1.1/jettison-1.1.jar
#18 98.49 [INFO] Downloaded from aliyun: https://maven.aliyun.com/repository/public/com/fasterxml/jackson/core/jackson-core/2.13.4/jackson-core-2.13.4.jar (375 kB at 77 kB/s)
#18 98.49 [INFO] Downloading from aliyun: https://maven.aliyun.com/repository/public/stax/stax-api/1.0.1/stax-api-1.0.1.jar
#18 98.52 [INFO] Downloaded from aliyun: https://maven.aliyun.com/repository/public/stax/stax-api/1.0.1/stax-api-1.0.1.jar (27 kB at 5.4 kB/s)
#18 98.52 [INFO] Downloading from aliyun: https://maven.aliyun.com/repository/public/com/aliyun/aliyun-java-sdk-ram/3.0.0/aliyun-java-sdk-ram-3.0.0.jar
#18 98.52 [INFO] Downloaded from aliyun: https://maven.aliyun.com/repository/public/org/codehaus/jettison/jettison/1.1/jettison-1.1.jar (68 kB at 14 kB/s)
#18 98.52 [INFO] Downloading from aliyun: https://maven.aliyun.com/repository/public/com/aliyun/aliyun-java-sdk-sts/3.0.0/aliyun-java-sdk-sts-3.0.0.jar
#18 98.55 [INFO] Downloaded from aliyun: https://maven.aliyun.com/repository/public/com/aliyun/aliyun-java-sdk-sts/3.0.0/aliyun-java-sdk-sts-3.0.0.jar (13 kB at 2.7 kB/s)
#18 98.55 [INFO] Downloading from aliyun: https://maven.aliyun.com/repository/public/com/aliyun/aliyun-java-sdk-ecs/4.2.0/aliyun-java-sdk-ecs-4.2.0.jar
#18 98.58 [INFO] Downloaded from aliyun: https://maven.aliyun.com/repository/public/com/tencentcloudapi/tencentcloud-sdk-java-common/3.1.213/tencentcloud-sdk-java-common-3.1.213.jar (32 kB at 6.5 kB/s)
#18 98.58 [INFO] Downloading from aliyun: https://maven.aliyun.com/repository/public/com/aliyun/aliyun-java-sdk-kms/2.7.0/aliyun-java-sdk-kms-2.7.0.jar
#18 98.58 [INFO] Downloaded from aliyun: https://maven.aliyun.com/repository/public/com/aliyun/aliyun-java-sdk-ram/3.0.0/aliyun-java-sdk-ram-3.0.0.jar (215 kB at 44 kB/s)
#18 98.58 [INFO] Downloading from aliyun: https://maven.aliyun.com/repository/public/com/tencentcloudapi/tencentcloud-sdk-java/3.1.411/tencentcloud-sdk-java-3.1.411.jar
#18 98.62 [INFO] Downloaded from aliyun: https://maven.aliyun.com/repository/public/com/aliyun/aliyun-java-sdk-ecs/4.2.0/aliyun-java-sdk-ecs-4.2.0.jar (788 kB at 158 kB/s)
#18 98.62 [INFO] Downloading from aliyun: https://maven.aliyun.com/repository/public/commons-logging/commons-logging/1.2/commons-logging-1.2.jar
#18 98.66 [INFO] Downloaded from aliyun: https://maven.aliyun.com/repository/public/commons-logging/commons-logging/1.2/commons-logging-1.2.jar (62 kB at 12 kB/s)
#18 98.66 [INFO] Downloading from aliyun: https://maven.aliyun.com/repository/public/com/squareup/okio/okio/1.12.0/okio-1.12.0.jar
#18 98.67 [INFO] Downloaded from aliyun: https://maven.aliyun.com/repository/public/com/aliyun/oss/aliyun-sdk-oss/3.10.2/aliyun-sdk-oss-3.10.2.jar (735 kB at 147 kB/s)
#18 98.67 [INFO] Downloading from aliyun: https://maven.aliyun.com/repository/public/com/squareup/okhttp/okhttp/2.7.5/okhttp-2.7.5.jar
#18 98.80 [INFO] Downloaded from aliyun: https://maven.aliyun.com/repository/public/org/bouncycastle/bcprov-jdk15on/1.64/bcprov-jdk15on-1.64.jar (4.8 MB at 927 kB/s)
#18 98.80 [INFO] Downloading from aliyun: https://maven.aliyun.com/repository/public/javax/xml/bind/jaxb-api/2.3.1/jaxb-api-2.3.1.jar
#18 98.81 [INFO] Downloaded from aliyun: https://maven.aliyun.com/repository/public/com/aliyun/aliyun-java-sdk-kms/2.7.0/aliyun-java-sdk-kms-2.7.0.jar (76 kB at 15 kB/s)
#18 98.81 [INFO] Downloading from aliyun: https://maven.aliyun.com/repository/public/javax/activation/javax.activation-api/1.2.0/javax.activation-api-1.2.0.jar
#18 98.88 [INFO] Downloaded from aliyun: https://maven.aliyun.com/repository/public/com/squareup/okio/okio/1.12.0/okio-1.12.0.jar (81 kB at 15 kB/s)
#18 98.88 [INFO] Downloading from aliyun: https://maven.aliyun.com/repository/public/com/squareup/okhttp/logging-interceptor/2.7.5/logging-interceptor-2.7.5.jar
#18 98.92 [INFO] Downloaded from aliyun: https://maven.aliyun.com/repository/public/com/squareup/okhttp/okhttp/2.7.5/okhttp-2.7.5.jar (331 kB at 63 kB/s)
#18 98.92 [INFO] Downloading from aliyun: https://maven.aliyun.com/repository/public/org/ini4j/ini4j/0.5.4/ini4j-0.5.4.jar
#18 98.98 [INFO] Downloaded from aliyun: https://maven.aliyun.com/repository/public/javax/xml/bind/jaxb-api/2.3.1/jaxb-api-2.3.1.jar (128 kB at 24 kB/s)
#18 98.98 [INFO] Downloading from aliyun: https://maven.aliyun.com/repository/public/com/aliyun/aliyun-java-sdk-core/4.5.16/aliyun-java-sdk-core-4.5.16.jar
#18 99.05 [INFO] Downloaded from aliyun: https://maven.aliyun.com/repository/public/javax/activation/javax.activation-api/1.2.0/javax.activation-api-1.2.0.jar (57 kB at 10 kB/s)
#18 99.05 [INFO] Downloading from aliyun: https://maven.aliyun.com/repository/public/org/apache/httpcomponents/httpcore/4.4.15/httpcore-4.4.15.jar
#18 99.10 [INFO] Downloaded from aliyun: https://maven.aliyun.com/repository/public/com/squareup/okhttp/logging-interceptor/2.7.5/logging-interceptor-2.7.5.jar (7.8 kB at 1.4 kB/s)
#18 99.10 [INFO] Downloading from aliyun: https://maven.aliyun.com/repository/public/org/jacoco/org.jacoco.agent/0.8.6/org.jacoco.agent-0.8.6-runtime.jar
#18 99.19 [INFO] Downloaded from aliyun: https://maven.aliyun.com/repository/public/org/ini4j/ini4j/0.5.4/ini4j-0.5.4.jar (102 kB at 18 kB/s)
#18 99.19 [INFO] Downloading from aliyun: https://maven.aliyun.com/repository/public/io/opentracing/opentracing-api/0.33.0/opentracing-api-0.33.0.jar
#18 99.28 [INFO] Downloaded from aliyun: https://maven.aliyun.com/repository/public/org/apache/httpcomponents/httpcore/4.4.15/httpcore-4.4.15.jar (328 kB at 58 kB/s)
#18 99.28 [INFO] Downloading from aliyun: https://maven.aliyun.com/repository/public/io/opentracing/opentracing-util/0.33.0/opentracing-util-0.33.0.jar
#18 99.35 [INFO] Downloaded from aliyun: https://maven.aliyun.com/repository/public/com/aliyun/aliyun-java-sdk-core/4.5.16/aliyun-java-sdk-core-4.5.16.jar (194 kB at 34 kB/s)
#18 99.35 [INFO] Downloading from aliyun: https://maven.aliyun.com/repository/public/io/opentracing/opentracing-noop/0.33.0/opentracing-noop-0.33.0.jar
#18 99.36 [INFO] Downloaded from aliyun: https://maven.aliyun.com/repository/public/org/jacoco/org.jacoco.agent/0.8.6/org.jacoco.agent-0.8.6-runtime.jar (292 kB at 51 kB/s)
#18 99.36 [INFO] Downloading from aliyun: https://maven.aliyun.com/repository/public/com/alibaba/easyexcel/3.1.3/easyexcel-3.1.3.jar
#18 99.48 [INFO] Downloaded from aliyun: https://maven.aliyun.com/repository/public/io/opentracing/opentracing-api/0.33.0/opentracing-api-0.33.0.jar (18 kB at 3.1 kB/s)
#18 99.48 [INFO] Downloading from aliyun: https://maven.aliyun.com/repository/public/com/alibaba/easyexcel-core/3.1.3/easyexcel-core-3.1.3.jar
#18 99.52 [INFO] Downloaded from aliyun: https://maven.aliyun.com/repository/public/io/opentracing/opentracing-util/0.33.0/opentracing-util-0.33.0.jar (7.5 kB at 1.3 kB/s)
#18 99.52 [INFO] Downloading from aliyun: https://maven.aliyun.com/repository/public/com/alibaba/easyexcel-support/3.1.3/easyexcel-support-3.1.3.jar
#18 99.54 [INFO] Downloaded from aliyun: https://maven.aliyun.com/repository/public/io/opentracing/opentracing-noop/0.33.0/opentracing-noop-0.33.0.jar (11 kB at 1.8 kB/s)
#18 99.54 [INFO] Downloading from aliyun: https://maven.aliyun.com/repository/public/org/apache/poi/poi/4.1.2/poi-4.1.2.jar
#18 99.62 [INFO] Downloaded from aliyun: https://maven.aliyun.com/repository/public/com/alibaba/easyexcel/3.1.3/easyexcel-3.1.3.jar (2.8 kB at 470 B/s)
#18 99.62 [INFO] Downloading from aliyun: https://maven.aliyun.com/repository/public/org/apache/commons/commons-collections4/4.4/commons-collections4-4.4.jar
#18 99.68 [INFO] Downloaded from aliyun: https://maven.aliyun.com/repository/public/org/apache/commons/commons-collections4/4.4/commons-collections4-4.4.jar (752 kB at 125 kB/s)
#18 99.68 [INFO] Downloading from aliyun: https://maven.aliyun.com/repository/public/org/apache/commons/commons-math3/3.6.1/commons-math3-3.6.1.jar
#18 99.77 [INFO] Downloaded from aliyun: https://maven.aliyun.com/repository/public/com/alibaba/easyexcel-core/3.1.3/easyexcel-core-3.1.3.jar (520 kB at 85 kB/s)
#18 99.77 [INFO] Downloading from aliyun: https://maven.aliyun.com/repository/public/com/zaxxer/SparseBitSet/1.2/SparseBitSet-1.2.jar
#18 99.79 [INFO] Downloaded from aliyun: https://maven.aliyun.com/repository/public/org/apache/commons/commons-math3/3.6.1/commons-math3-3.6.1.jar (2.2 MB at 361 kB/s)
#18 99.79 [INFO] Downloading from aliyun: https://maven.aliyun.com/repository/public/org/apache/poi/poi-ooxml/4.1.2/poi-ooxml-4.1.2.jar
#18 99.80 [INFO] Downloaded from aliyun: https://maven.aliyun.com/repository/public/com/alibaba/easyexcel-support/3.1.3/easyexcel-support-3.1.3.jar (456 kB at 74 kB/s)
#18 99.80 [INFO] Downloading from aliyun: https://maven.aliyun.com/repository/public/org/apache/commons/commons-compress/1.19/commons-compress-1.19.jar
#18 99.87 [INFO] Downloaded from aliyun: https://maven.aliyun.com/repository/public/com/tencentcloudapi/tencentcloud-sdk-java/3.1.411/tencentcloud-sdk-java-3.1.411.jar (28 MB at 4.5 MB/s)
#18 99.87 [INFO] Downloading from aliyun: https://maven.aliyun.com/repository/public/com/github/virtuald/curvesapi/1.06/curvesapi-1.06.jar
#18 99.88 [INFO] Downloaded from aliyun: https://maven.aliyun.com/repository/public/org/apache/poi/poi/4.1.2/poi-4.1.2.jar (2.9 MB at 468 kB/s)
#18 99.88 [INFO] Downloading from aliyun: https://maven.aliyun.com/repository/public/org/apache/poi/poi-ooxml-schemas/4.1.2/poi-ooxml-schemas-4.1.2.jar
#18 99.91 [INFO] Downloaded from aliyun: https://maven.aliyun.com/repository/public/com/github/virtuald/curvesapi/1.06/curvesapi-1.06.jar (112 kB at 18 kB/s)
#18 99.91 [INFO] Downloading from aliyun: https://maven.aliyun.com/repository/public/org/apache/xmlbeans/xmlbeans/3.1.0/xmlbeans-3.1.0.jar
#18 100.0 [INFO] Downloaded from aliyun: https://maven.aliyun.com/repository/public/com/zaxxer/SparseBitSet/1.2/SparseBitSet-1.2.jar (25 kB at 3.9 kB/s)
#18 100.0 [INFO] Downloading from aliyun: https://maven.aliyun.com/repository/public/org/apache/commons/commons-csv/1.8/commons-csv-1.8.jar
#18 100.1 [INFO] Downloaded from aliyun: https://maven.aliyun.com/repository/public/org/apache/commons/commons-compress/1.19/commons-compress-1.19.jar (615 kB at 96 kB/s)
#18 100.1 [INFO] Downloading from aliyun: https://maven.aliyun.com/repository/public/org/ehcache/ehcache/3.10.2/ehcache-3.10.2.jar
#18 100.1 [INFO] Downloaded from aliyun: https://maven.aliyun.com/repository/public/org/apache/poi/poi-ooxml/4.1.2/poi-ooxml-4.1.2.jar (1.9 MB at 294 kB/s)
#18 100.1 [INFO] Downloading from aliyun: https://maven.aliyun.com/repository/public/javax/cache/cache-api/1.1.1/cache-api-1.1.1.jar
#18 100.2 [INFO] Downloaded from aliyun: https://maven.aliyun.com/repository/public/org/apache/commons/commons-csv/1.8/commons-csv-1.8.jar (49 kB at 7.5 kB/s)
#18 100.2 [INFO] Downloading from aliyun: https://maven.aliyun.com/repository/public/org/glassfish/jaxb/jaxb-runtime/2.3.7/jaxb-runtime-2.3.7.jar
#18 100.2 [INFO] Downloaded from aliyun: https://maven.aliyun.com/repository/public/org/apache/xmlbeans/xmlbeans/3.1.0/xmlbeans-3.1.0.jar (2.6 MB at 393 kB/s)
#18 100.2 [INFO] Downloading from aliyun: https://maven.aliyun.com/repository/public/jakarta/xml/bind/jakarta.xml.bind-api/2.3.3/jakarta.xml.bind-api-2.3.3.jar
#18 100.3 [INFO] Downloaded from aliyun: https://maven.aliyun.com/repository/public/javax/cache/cache-api/1.1.1/cache-api-1.1.1.jar (51 kB at 7.8 kB/s)
#18 100.3 [INFO] Downloading from aliyun: https://maven.aliyun.com/repository/public/org/glassfish/jaxb/txw2/2.3.7/txw2-2.3.7.jar
#18 100.4 [INFO] Downloaded from aliyun: https://maven.aliyun.com/repository/public/org/apache/poi/poi-ooxml-schemas/4.1.2/poi-ooxml-schemas-4.1.2.jar (7.9 MB at 1.2 MB/s)
#18 100.4 [INFO] Downloading from aliyun: https://maven.aliyun.com/repository/public/com/sun/istack/istack-commons-runtime/3.0.12/istack-commons-runtime-3.0.12.jar
#18 100.4 [INFO] Downloaded from aliyun: https://maven.aliyun.com/repository/public/org/ehcache/ehcache/3.10.2/ehcache-3.10.2.jar (1.8 MB at 269 kB/s)
#18 100.4 [INFO] Downloading from aliyun: https://maven.aliyun.com/repository/public/com/sun/activation/jakarta.activation/1.2.2/jakarta.activation-1.2.2.jar
#18 100.4 [INFO] Downloaded from aliyun: https://maven.aliyun.com/repository/public/org/glassfish/jaxb/jaxb-runtime/2.3.7/jaxb-runtime-2.3.7.jar (1.0 MB at 150 kB/s)
#18 100.4 [INFO] Downloading from aliyun: https://maven.aliyun.com/repository/public/com/github/oshi/oshi-core/6.1.2/oshi-core-6.1.2.jar
#18 100.5 [INFO] Downloaded from aliyun: https://maven.aliyun.com/repository/public/jakarta/xml/bind/jakarta.xml.bind-api/2.3.3/jakarta.xml.bind-api-2.3.3.jar (116 kB at 17 kB/s)
#18 100.5 [INFO] Downloading from aliyun: https://maven.aliyun.com/repository/public/net/java/dev/jna/jna/5.10.0/jna-5.10.0.jar
#18 100.5 [INFO] Downloaded from aliyun: https://maven.aliyun.com/repository/public/org/glassfish/jaxb/txw2/2.3.7/txw2-2.3.7.jar (72 kB at 10 kB/s)
#18 100.5 [INFO] Downloading from aliyun: https://maven.aliyun.com/repository/public/net/java/dev/jna/jna-platform/5.10.0/jna-platform-5.10.0.jar
#18 100.6 [INFO] Downloaded from aliyun: https://maven.aliyun.com/repository/public/com/sun/activation/jakarta.activation/1.2.2/jakarta.activation-1.2.2.jar (68 kB at 9.8 kB/s)
#18 100.6 [INFO] Downloading from aliyun: https://maven.aliyun.com/repository/public/io/springfox/springfox-boot-starter/3.0.0/springfox-boot-starter-3.0.0.jar
#18 100.6 [INFO] Downloaded from aliyun: https://maven.aliyun.com/repository/public/com/sun/istack/istack-commons-runtime/3.0.12/istack-commons-runtime-3.0.12.jar (30 kB at 4.3 kB/s)
#18 100.6 [INFO] Downloading from aliyun: https://maven.aliyun.com/repository/public/io/springfox/springfox-oas/3.0.0/springfox-oas-3.0.0.jar
#18 100.7 [INFO] Downloaded from aliyun: https://maven.aliyun.com/repository/public/io/springfox/springfox-boot-starter/3.0.0/springfox-boot-starter-3.0.0.jar (13 kB at 1.9 kB/s)
#18 100.7 [INFO] Downloading from aliyun: https://maven.aliyun.com/repository/public/io/swagger/core/v3/swagger-annotations/2.1.2/swagger-annotations-2.1.2.jar
#18 100.7 [INFO] Downloaded from aliyun: https://maven.aliyun.com/repository/public/io/springfox/springfox-oas/3.0.0/springfox-oas-3.0.0.jar (79 kB at 11 kB/s)
#18 100.7 [INFO] Downloading from aliyun: https://maven.aliyun.com/repository/public/io/swagger/core/v3/swagger-models/2.1.2/swagger-models-2.1.2.jar
#18 100.7 [INFO] Downloaded from aliyun: https://maven.aliyun.com/repository/public/io/swagger/core/v3/swagger-annotations/2.1.2/swagger-annotations-2.1.2.jar (35 kB at 4.9 kB/s)
#18 100.7 [INFO] Downloading from aliyun: https://maven.aliyun.com/repository/public/io/springfox/springfox-spi/3.0.0/springfox-spi-3.0.0.jar
#18 100.7 [INFO] Downloaded from aliyun: https://maven.aliyun.com/repository/public/io/swagger/core/v3/swagger-models/2.1.2/swagger-models-2.1.2.jar (118 kB at 17 kB/s)
#18 100.7 [INFO] Downloading from aliyun: https://maven.aliyun.com/repository/public/io/springfox/springfox-schema/3.0.0/springfox-schema-3.0.0.jar
#18 100.8 [INFO] Downloaded from aliyun: https://maven.aliyun.com/repository/public/com/github/oshi/oshi-core/6.1.2/oshi-core-6.1.2.jar (892 kB at 125 kB/s)
#18 100.8 [INFO] Downloading from aliyun: https://maven.aliyun.com/repository/public/io/springfox/springfox-core/3.0.0/springfox-core-3.0.0.jar
#18 100.8 [INFO] Downloaded from aliyun: https://maven.aliyun.com/repository/public/net/java/dev/jna/jna/5.10.0/jna-5.10.0.jar (1.8 MB at 246 kB/s)
#18 100.8 [INFO] Downloading from aliyun: https://maven.aliyun.com/repository/public/net/bytebuddy/byte-buddy/1.12.18/byte-buddy-1.12.18.jar
#18 100.8 [INFO] Downloaded from aliyun: https://maven.aliyun.com/repository/public/io/springfox/springfox-spi/3.0.0/springfox-spi-3.0.0.jar (55 kB at 7.7 kB/s)
#18 100.8 [INFO] Downloading from aliyun: https://maven.aliyun.com/repository/public/io/springfox/springfox-spring-web/3.0.0/springfox-spring-web-3.0.0.jar
#18 100.8 [INFO] Downloaded from aliyun: https://maven.aliyun.com/repository/public/io/springfox/springfox-schema/3.0.0/springfox-schema-3.0.0.jar (102 kB at 14 kB/s)
#18 100.8 [INFO] Downloading from aliyun: https://maven.aliyun.com/repository/public/io/github/classgraph/classgraph/4.8.83/classgraph-4.8.83.jar
#18 100.8 [INFO] Downloaded from aliyun: https://maven.aliyun.com/repository/public/io/springfox/springfox-core/3.0.0/springfox-core-3.0.0.jar (263 kB at 37 kB/s)
#18 100.8 [INFO] Downloading from aliyun: https://maven.aliyun.com/repository/public/io/springfox/springfox-spring-webmvc/3.0.0/springfox-spring-webmvc-3.0.0.jar
#18 100.8 [INFO] Downloaded from aliyun: https://maven.aliyun.com/repository/public/io/springfox/springfox-spring-web/3.0.0/springfox-spring-web-3.0.0.jar (189 kB at 26 kB/s)
#18 100.8 [INFO] Downloading from aliyun: https://maven.aliyun.com/repository/public/io/springfox/springfox-spring-webflux/3.0.0/springfox-spring-webflux-3.0.0.jar
#18 100.9 [INFO] Downloaded from aliyun: https://maven.aliyun.com/repository/public/io/github/classgraph/classgraph/4.8.83/classgraph-4.8.83.jar (505 kB at 70 kB/s)
#18 100.9 [INFO] Downloading from aliyun: https://maven.aliyun.com/repository/public/io/springfox/springfox-swagger-common/3.0.0/springfox-swagger-common-3.0.0.jar
#18 100.9 [INFO] Downloaded from aliyun: https://maven.aliyun.com/repository/public/net/java/dev/jna/jna-platform/5.10.0/jna-platform-5.10.0.jar (1.3 MB at 186 kB/s)
#18 100.9 [INFO] Downloading from aliyun: https://maven.aliyun.com/repository/public/org/mapstruct/mapstruct/1.3.1.Final/mapstruct-1.3.1.Final.jar
#18 100.9 [INFO] Downloaded from aliyun: https://maven.aliyun.com/repository/public/io/springfox/springfox-spring-webmvc/3.0.0/springfox-spring-webmvc-3.0.0.jar (14 kB at 2.0 kB/s)
#18 100.9 [INFO] Downloading from aliyun: https://maven.aliyun.com/repository/public/io/springfox/springfox-data-rest/3.0.0/springfox-data-rest-3.0.0.jar
#18 100.9 [INFO] Downloaded from aliyun: https://maven.aliyun.com/repository/public/io/springfox/springfox-spring-webflux/3.0.0/springfox-spring-webflux-3.0.0.jar (14 kB at 1.9 kB/s)
#18 100.9 [INFO] Downloading from aliyun: https://maven.aliyun.com/repository/public/io/springfox/springfox-bean-validators/3.0.0/springfox-bean-validators-3.0.0.jar
#18 100.9 [INFO] Downloaded from aliyun: https://maven.aliyun.com/repository/public/io/springfox/springfox-swagger-common/3.0.0/springfox-swagger-common-3.0.0.jar (116 kB at 16 kB/s)
#18 100.9 [INFO] Downloading from aliyun: https://maven.aliyun.com/repository/public/io/springfox/springfox-swagger2/3.0.0/springfox-swagger2-3.0.0.jar
#18 100.9 [INFO] Downloaded from aliyun: https://maven.aliyun.com/repository/public/io/springfox/springfox-bean-validators/3.0.0/springfox-bean-validators-3.0.0.jar (39 kB at 5.3 kB/s)
#18 100.9 [INFO] Downloading from aliyun: https://maven.aliyun.com/repository/public/io/swagger/swagger-annotations/1.5.20/swagger-annotations-1.5.20.jar
#18 100.9 [INFO] Downloaded from aliyun: https://maven.aliyun.com/repository/public/io/springfox/springfox-data-rest/3.0.0/springfox-data-rest-3.0.0.jar (71 kB at 9.8 kB/s)
#18 100.9 [INFO] Downloading from aliyun: https://maven.aliyun.com/repository/public/io/swagger/swagger-models/1.5.20/swagger-models-1.5.20.jar
#18 101.0 [INFO] Downloaded from aliyun: https://maven.aliyun.com/repository/public/io/springfox/springfox-swagger2/3.0.0/springfox-swagger2-3.0.0.jar (110 kB at 15 kB/s)
#18 101.0 [INFO] Downloading from aliyun: https://maven.aliyun.com/repository/public/io/springfox/springfox-swagger-ui/3.0.0/springfox-swagger-ui-3.0.0.jar
#18 101.0 [INFO] Downloaded from aliyun: https://maven.aliyun.com/repository/public/io/swagger/swagger-annotations/1.5.20/swagger-annotations-1.5.20.jar (22 kB at 3.0 kB/s)
#18 101.0 [INFO] Downloading from aliyun: https://maven.aliyun.com/repository/public/com/fasterxml/classmate/1.5.1/classmate-1.5.1.jar
#18 101.0 [INFO] Downloaded from aliyun: https://maven.aliyun.com/repository/public/io/swagger/swagger-models/1.5.20/swagger-models-1.5.20.jar (152 kB at 21 kB/s)
#18 101.0 [INFO] Downloading from aliyun: https://maven.aliyun.com/repository/public/org/springframework/plugin/spring-plugin-core/2.0.0.RELEASE/spring-plugin-core-2.0.0.RELEASE.jar
#18 101.0 [INFO] Downloaded from aliyun: https://maven.aliyun.com/repository/public/org/springframework/plugin/spring-plugin-core/2.0.0.RELEASE/spring-plugin-core-2.0.0.RELEASE.jar (29 kB at 3.9 kB/s)
#18 101.0 [INFO] Downloading from aliyun: https://maven.aliyun.com/repository/public/org/springframework/plugin/spring-plugin-metadata/2.0.0.RELEASE/spring-plugin-metadata-2.0.0.RELEASE.jar
#18 101.1 [INFO] Downloaded from aliyun: https://maven.aliyun.com/repository/public/org/springframework/plugin/spring-plugin-metadata/2.0.0.RELEASE/spring-plugin-metadata-2.0.0.RELEASE.jar (9.9 kB at 1.3 kB/s)
#18 101.1 [INFO] Downloading from aliyun: https://maven.aliyun.com/repository/public/com/github/binarywang/weixin-java-miniapp/4.4.0/weixin-java-miniapp-4.4.0.jar
#18 101.1 [INFO] Downloaded from aliyun: https://maven.aliyun.com/repository/public/org/mapstruct/mapstruct/1.3.1.Final/mapstruct-1.3.1.Final.jar (23 kB at 3.1 kB/s)
#18 101.1 [INFO] Downloading from aliyun: https://maven.aliyun.com/repository/public/com/github/binarywang/weixin-java-common/4.4.0/weixin-java-common-4.4.0.jar
#18 101.1 [INFO] Downloaded from aliyun: https://maven.aliyun.com/repository/public/io/springfox/springfox-swagger-ui/3.0.0/springfox-swagger-ui-3.0.0.jar (2.7 MB at 366 kB/s)
#18 101.1 [INFO] Downloading from aliyun: https://maven.aliyun.com/repository/public/com/thoughtworks/xstream/xstream/1.4.19/xstream-1.4.19.jar
#18 101.2 [INFO] Downloaded from aliyun: https://maven.aliyun.com/repository/public/com/fasterxml/classmate/1.5.1/classmate-1.5.1.jar (68 kB at 9.0 kB/s)
#18 101.2 [INFO] Downloading from aliyun: https://maven.aliyun.com/repository/public/io/github/x-stream/mxparser/1.2.2/mxparser-1.2.2.jar
#18 101.2 [INFO] Downloaded from aliyun: https://maven.aliyun.com/repository/public/net/bytebuddy/byte-buddy/1.12.18/byte-buddy-1.12.18.jar (4.0 MB at 526 kB/s)
#18 101.2 [INFO] Downloading from aliyun: https://maven.aliyun.com/repository/public/xmlpull/xmlpull/1.1.3.1/xmlpull-1.1.3.1.jar
#18 101.2 [INFO] Downloaded from aliyun: https://maven.aliyun.com/repository/public/io/github/x-stream/mxparser/1.2.2/mxparser-1.2.2.jar (30 kB at 3.9 kB/s)
#18 101.2 [INFO] Downloading from aliyun: https://maven.aliyun.com/repository/public/org/apache/httpcomponents/httpmime/4.5.13/httpmime-4.5.13.jar
#18 101.2 [INFO] Downloaded from aliyun: https://maven.aliyun.com/repository/public/xmlpull/xmlpull/1.1.3.1/xmlpull-1.1.3.1.jar (7.2 kB at 952 B/s)
#18 101.2 [INFO] Downloading from aliyun: https://maven.aliyun.com/repository/public/org/slf4j/jcl-over-slf4j/1.7.36/jcl-over-slf4j-1.7.36.jar
#18 101.4 [INFO] Downloaded from aliyun: https://maven.aliyun.com/repository/public/com/github/binarywang/weixin-java-common/4.4.0/weixin-java-common-4.4.0.jar (395 kB at 51 kB/s)
#18 101.4 [INFO] Downloading from aliyun: https://maven.aliyun.com/repository/public/com/google/guava/guava/30.0-jre/guava-30.0-jre.jar
#18 101.4 [INFO] Downloaded from aliyun: https://maven.aliyun.com/repository/public/com/thoughtworks/xstream/xstream/1.4.19/xstream-1.4.19.jar (633 kB at 82 kB/s)
#18 101.4 [INFO] Downloading from aliyun: https://maven.aliyun.com/repository/public/com/google/guava/failureaccess/1.0.1/failureaccess-1.0.1.jar
#18 101.4 [INFO] Downloaded from aliyun: https://maven.aliyun.com/repository/public/com/github/binarywang/weixin-java-miniapp/4.4.0/weixin-java-miniapp-4.4.0.jar (936 kB at 121 kB/s)
#18 101.4 [INFO] Downloading from aliyun: https://maven.aliyun.com/repository/public/com/google/guava/listenablefuture/9999.0-empty-to-avoid-conflict-with-guava/listenablefuture-9999.0-empty-to-avoid-conflict-with-guava.jar
#18 101.4 [INFO] Downloaded from aliyun: https://maven.aliyun.com/repository/public/org/slf4j/jcl-over-slf4j/1.7.36/jcl-over-slf4j-1.7.36.jar (17 kB at 2.1 kB/s)
#18 101.4 [INFO] Downloading from aliyun: https://maven.aliyun.com/repository/public/com/google/code/findbugs/jsr305/3.0.2/jsr305-3.0.2.jar
#18 101.4 [INFO] Downloaded from aliyun: https://maven.aliyun.com/repository/public/com/google/guava/failureaccess/1.0.1/failureaccess-1.0.1.jar (4.6 kB at 593 B/s)
#18 101.4 [INFO] Downloading from aliyun: https://maven.aliyun.com/repository/public/org/checkerframework/checker-qual/3.5.0/checker-qual-3.5.0.jar
#18 101.4 [INFO] Downloaded from aliyun: https://maven.aliyun.com/repository/public/com/google/guava/listenablefuture/9999.0-empty-to-avoid-conflict-with-guava/listenablefuture-9999.0-empty-to-avoid-conflict-with-guava.jar (2.2 kB at 282 B/s)
#18 101.4 [INFO] Downloading from aliyun: https://maven.aliyun.com/repository/public/com/google/errorprone/error_prone_annotations/2.3.4/error_prone_annotations-2.3.4.jar
#18 101.4 [INFO] Downloaded from aliyun: https://maven.aliyun.com/repository/public/com/google/code/findbugs/jsr305/3.0.2/jsr305-3.0.2.jar (20 kB at 2.6 kB/s)
#18 101.4 [INFO] Downloading from aliyun: https://maven.aliyun.com/repository/public/com/google/j2objc/j2objc-annotations/1.3/j2objc-annotations-1.3.jar
#18 101.4 [INFO] Downloaded from aliyun: https://maven.aliyun.com/repository/public/org/apache/httpcomponents/httpmime/4.5.13/httpmime-4.5.13.jar (42 kB at 5.4 kB/s)
#18 101.4 [INFO] Downloading from aliyun: https://maven.aliyun.com/repository/public/javax/validation/validation-api/2.0.1.Final/validation-api-2.0.1.Final.jar
#18 101.5 [INFO] Downloaded from aliyun: https://maven.aliyun.com/repository/public/com/google/errorprone/error_prone_annotations/2.3.4/error_prone_annotations-2.3.4.jar (14 kB at 1.8 kB/s)
#18 101.5 [INFO] Downloading from aliyun: https://maven.aliyun.com/repository/public/org/dom4j/dom4j/2.1.3/dom4j-2.1.3.jar
#18 101.5 [INFO] Downloaded from aliyun: https://maven.aliyun.com/repository/public/com/google/j2objc/j2objc-annotations/1.3/j2objc-annotations-1.3.jar (8.8 kB at 1.1 kB/s)
#18 101.5 [INFO] Downloading from aliyun: https://maven.aliyun.com/repository/public/org/bouncycastle/bcpkix-jdk15on/1.68/bcpkix-jdk15on-1.68.jar
#18 101.5 [INFO] Downloaded from aliyun: https://maven.aliyun.com/repository/public/org/dom4j/dom4j/2.1.3/dom4j-2.1.3.jar (324 kB at 41 kB/s)
#18 101.5 [INFO] Downloading from aliyun: https://maven.aliyun.com/repository/public/com/github/binarywang/weixin-java-mp/4.4.0/weixin-java-mp-4.4.0.jar
#18 101.6 [INFO] Downloaded from aliyun: https://maven.aliyun.com/repository/public/javax/validation/validation-api/2.0.1.Final/validation-api-2.0.1.Final.jar (93 kB at 12 kB/s)
#18 101.6 [INFO] Downloading from aliyun: https://maven.aliyun.com/repository/public/com/github/binarywang/weixin-java-pay/4.4.0/weixin-java-pay-4.4.0.jar
#18 101.6 [INFO] Downloaded from aliyun: https://maven.aliyun.com/repository/public/com/google/guava/guava/30.0-jre/guava-30.0-jre.jar (2.9 MB at 358 kB/s)
#18 101.6 [INFO] Downloading from aliyun: https://maven.aliyun.com/repository/public/com/github/binarywang/qrcode-utils/1.1/qrcode-utils-1.1.jar
#18 101.7 [INFO] Downloaded from aliyun: https://maven.aliyun.com/repository/public/org/checkerframework/checker-qual/3.5.0/checker-qual-3.5.0.jar (214 kB at 27 kB/s)
#18 101.7 [INFO] Downloading from aliyun: https://maven.aliyun.com/repository/public/com/google/zxing/core/3.2.1/core-3.2.1.jar
#18 101.8 [INFO] Downloaded from aliyun: https://maven.aliyun.com/repository/public/org/bouncycastle/bcpkix-jdk15on/1.68/bcpkix-jdk15on-1.68.jar (888 kB at 109 kB/s)
#18 101.9 [INFO] Downloaded from aliyun: https://maven.aliyun.com/repository/public/com/github/binarywang/weixin-java-pay/4.4.0/weixin-java-pay-4.4.0.jar (1.5 MB at 177 kB/s)
#18 101.9 [INFO] Downloaded from aliyun: https://maven.aliyun.com/repository/public/com/github/binarywang/qrcode-utils/1.1/qrcode-utils-1.1.jar (11 kB at 1.4 kB/s)
#18 102.0 [INFO] Downloaded from aliyun: https://maven.aliyun.com/repository/public/com/google/zxing/core/3.2.1/core-3.2.1.jar (544 kB at 65 kB/s)
#18 102.1 [INFO] Downloaded from aliyun: https://maven.aliyun.com/repository/public/com/github/binarywang/weixin-java-mp/4.4.0/weixin-java-mp-4.4.0.jar (895 kB at 106 kB/s)
#18 102.2 [INFO] 
#18 102.2 [INFO] --- maven-dependency-plugin:2.8:go-offline (default-cli) @ like-common ---
#18 102.2 [INFO] Resolved: spring-boot-autoconfigure-2.7.5.jar
#18 102.2 [INFO] Resolved: spring-boot-2.7.5.jar
#18 102.2 [INFO] Resolved: spring-core-5.3.23.jar
#18 102.2 [INFO] Resolved: spring-jcl-5.3.23.jar
#18 102.2 [INFO] Resolved: spring-context-5.3.23.jar
#18 102.2 [INFO] Resolved: spring-boot-configuration-processor-2.7.5.jar
#18 102.2 [INFO] Resolved: spring-boot-starter-web-2.7.5.jar
#18 102.2 [INFO] Resolved: spring-boot-starter-2.7.5.jar
#18 102.2 [INFO] Resolved: jakarta.annotation-api-1.3.5.jar
#18 102.2 [INFO] Resolved: snakeyaml-1.30.jar
#18 102.2 [INFO] Resolved: spring-boot-starter-json-2.7.5.jar
#18 102.2 [INFO] Resolved: jackson-datatype-jdk8-2.13.4.jar
#18 102.2 [INFO] Resolved: jackson-datatype-jsr310-2.13.4.jar
#18 102.2 [INFO] Resolved: jackson-module-parameter-names-2.13.4.jar
#18 102.2 [INFO] Resolved: spring-boot-starter-tomcat-2.7.5.jar
#18 102.2 [INFO] Resolved: tomcat-embed-core-9.0.68.jar
#18 102.2 [INFO] Resolved: tomcat-embed-websocket-9.0.68.jar
#18 102.2 [INFO] Resolved: spring-web-5.3.23.jar
#18 102.2 [INFO] Resolved: spring-beans-5.3.23.jar
#18 102.2 [INFO] Resolved: spring-webmvc-5.3.23.jar
#18 102.2 [INFO] Resolved: spring-expression-5.3.23.jar
#18 102.2 [INFO] Resolved: spring-boot-starter-log4j2-2.7.5.jar
#18 102.2 [INFO] Resolved: log4j-slf4j-impl-2.17.2.jar
#18 102.2 [INFO] Resolved: log4j-api-2.17.2.jar
#18 102.2 [INFO] Resolved: log4j-core-2.17.2.jar
#18 102.2 [INFO] Resolved: log4j-jul-2.17.2.jar
#18 102.2 [INFO] Resolved: jul-to-slf4j-1.7.36.jar
#18 102.2 [INFO] Resolved: spring-boot-starter-aop-2.7.5.jar
#18 102.2 [INFO] Resolved: spring-aop-5.3.23.jar
#18 102.2 [INFO] Resolved: aspectjweaver-1.9.7.jar
#18 102.2 [INFO] Resolved: spring-boot-starter-validation-2.7.5.jar
#18 102.2 [INFO] Resolved: tomcat-embed-el-9.0.68.jar
#18 102.2 [INFO] Resolved: hibernate-validator-6.2.5.Final.jar
#18 102.2 [INFO] Resolved: jakarta.validation-api-2.0.2.jar
#18 102.2 [INFO] Resolved: jboss-logging-3.4.3.Final.jar
#18 102.2 [INFO] Resolved: spring-boot-starter-data-redis-2.7.5.jar
#18 102.2 [INFO] Resolved: spring-data-redis-2.7.5.jar
#18 102.2 [INFO] Resolved: spring-data-keyvalue-2.7.5.jar
#18 102.2 [INFO] Resolved: spring-data-commons-2.7.5.jar
#18 102.2 [INFO] Resolved: spring-tx-5.3.23.jar
#18 102.2 [INFO] Resolved: spring-oxm-5.3.23.jar
#18 102.2 [INFO] Resolved: spring-context-support-5.3.23.jar
#18 102.2 [INFO] Resolved: lettuce-core-6.1.10.RELEASE.jar
#18 102.2 [INFO] Resolved: netty-common-4.1.84.Final.jar
#18 102.2 [INFO] Resolved: netty-handler-4.1.84.Final.jar
#18 102.2 [INFO] Resolved: netty-resolver-4.1.84.Final.jar
#18 102.2 [INFO] Resolved: netty-buffer-4.1.84.Final.jar
#18 102.2 [INFO] Resolved: netty-transport-native-unix-common-4.1.84.Final.jar
#18 102.2 [INFO] Resolved: netty-codec-4.1.84.Final.jar
#18 102.2 [INFO] Resolved: netty-transport-4.1.84.Final.jar
#18 102.2 [INFO] Resolved: reactor-core-3.4.24.jar
#18 102.2 [INFO] Resolved: reactive-streams-1.0.4.jar
#18 102.2 [INFO] Resolved: mysql-connector-java-5.1.49.jar
#18 102.2 [INFO] Resolved: mybatis-plus-boot-starter-3.5.2.jar
#18 102.2 [INFO] Resolved: mybatis-plus-3.5.2.jar
#18 102.2 [INFO] Resolved: mybatis-plus-extension-3.5.2.jar
#18 102.2 [INFO] Resolved: mybatis-plus-core-3.5.2.jar
#18 102.2 [INFO] Resolved: mybatis-plus-annotation-3.5.2.jar
#18 102.2 [INFO] Resolved: kotlin-stdlib-jdk8-1.6.21.jar
#18 102.2 [INFO] Resolved: kotlin-stdlib-jdk7-1.6.21.jar
#18 102.2 [INFO] Resolved: spring-boot-starter-jdbc-2.7.5.jar
#18 102.2 [INFO] Resolved: HikariCP-4.0.3.jar
#18 102.2 [INFO] Resolved: spring-jdbc-5.3.23.jar
#18 102.2 [INFO] Resolved: mybatis-plus-join-1.2.4.jar
#18 102.2 [INFO] Resolved: pagehelper-spring-boot-starter-1.4.5.jar
#18 102.2 [INFO] Resolved: mybatis-spring-boot-starter-2.2.2.jar
#18 102.2 [INFO] Resolved: mybatis-spring-boot-autoconfigure-2.2.2.jar
#18 102.2 [INFO] Resolved: mybatis-3.5.9.jar
#18 102.2 [INFO] Resolved: mybatis-spring-2.0.7.jar
#18 102.2 [INFO] Resolved: pagehelper-spring-boot-autoconfigure-1.4.5.jar
#18 102.2 [INFO] Resolved: pagehelper-5.3.2.jar
#18 102.2 [INFO] Resolved: jsqlparser-4.5.jar
#18 102.2 [INFO] Resolved: commons-pool2-2.11.1.jar
#18 102.2 [INFO] Resolved: lombok-1.18.24.jar
#18 102.2 [INFO] Resolved: fastjson2-2.0.16.jar
#18 102.2 [INFO] Resolved: gson-2.9.0.jar
#18 102.2 [INFO] Resolved: UserAgentUtils-1.2.4.jar
#18 102.2 [INFO] Resolved: commons-lang3-3.12.0.jar
#18 102.2 [INFO] Resolved: commons-io-2.11.0.jar
#18 102.2 [INFO] Resolved: qiniu-java-sdk-7.9.5.jar
#18 102.2 [INFO] Resolved: okhttp-4.9.3.jar
#18 102.2 [INFO] Resolved: kotlin-stdlib-1.6.21.jar
#18 102.2 [INFO] Resolved: kotlin-stdlib-common-1.6.21.jar
#18 102.2 [INFO] Resolved: annotations-13.0.jar
#18 102.2 [INFO] Resolved: cos_api-5.6.54.jar
#18 102.2 [INFO] Resolved: httpclient-4.5.13.jar
#18 102.2 [INFO] Resolved: slf4j-api-1.7.36.jar
#18 102.2 [INFO] Resolved: commons-codec-1.15.jar
#18 102.2 [INFO] Resolved: joda-time-2.9.9.jar
#18 102.2 [INFO] Resolved: jackson-databind-2.13.4.2.jar
#18 102.2 [INFO] Resolved: jackson-annotations-2.13.4.jar
#18 102.2 [INFO] Resolved: jackson-core-2.13.4.jar
#18 102.2 [INFO] Resolved: tencentcloud-sdk-java-kms-3.1.213.jar
#18 102.2 [INFO] Resolved: tencentcloud-sdk-java-common-3.1.213.jar
#18 102.2 [INFO] Resolved: bcprov-jdk15on-1.64.jar
#18 102.2 [INFO] Resolved: aliyun-sdk-oss-3.10.2.jar
#18 102.2 [INFO] Resolved: jdom2-2.0.6.1.jar
#18 102.2 [INFO] Resolved: jettison-1.1.jar
#18 102.2 [INFO] Resolved: stax-api-1.0.1.jar
#18 102.2 [INFO] Resolved: aliyun-java-sdk-ram-3.0.0.jar
#18 102.2 [INFO] Resolved: aliyun-java-sdk-sts-3.0.0.jar
#18 102.2 [INFO] Resolved: aliyun-java-sdk-ecs-4.2.0.jar
#18 102.2 [INFO] Resolved: aliyun-java-sdk-kms-2.7.0.jar
#18 102.2 [INFO] Resolved: tencentcloud-sdk-java-3.1.411.jar
#18 102.2 [INFO] Resolved: commons-logging-1.2.jar
#18 102.2 [INFO] Resolved: okio-1.12.0.jar
#18 102.2 [INFO] Resolved: okhttp-2.7.5.jar
#18 102.2 [INFO] Resolved: jaxb-api-2.3.1.jar
#18 102.2 [INFO] Resolved: javax.activation-api-1.2.0.jar
#18 102.2 [INFO] Resolved: logging-interceptor-2.7.5.jar
#18 102.2 [INFO] Resolved: ini4j-0.5.4.jar
#18 102.2 [INFO] Resolved: aliyun-java-sdk-core-4.5.16.jar
#18 102.2 [INFO] Resolved: httpcore-4.4.15.jar
#18 102.2 [INFO] Resolved: org.jacoco.agent-0.8.6-runtime.jar
#18 102.2 [INFO] Resolved: opentracing-api-0.33.0.jar
#18 102.2 [INFO] Resolved: opentracing-util-0.33.0.jar
#18 102.2 [INFO] Resolved: opentracing-noop-0.33.0.jar
#18 102.2 [INFO] Resolved: easyexcel-3.1.3.jar
#18 102.2 [INFO] Resolved: easyexcel-core-3.1.3.jar
#18 102.2 [INFO] Resolved: easyexcel-support-3.1.3.jar
#18 102.2 [INFO] Resolved: poi-4.1.2.jar
#18 102.2 [INFO] Resolved: commons-collections4-4.4.jar
#18 102.2 [INFO] Resolved: commons-math3-3.6.1.jar
#18 102.2 [INFO] Resolved: SparseBitSet-1.2.jar
#18 102.2 [INFO] Resolved: poi-ooxml-4.1.2.jar
#18 102.2 [INFO] Resolved: commons-compress-1.19.jar
#18 102.2 [INFO] Resolved: curvesapi-1.06.jar
#18 102.2 [INFO] Resolved: poi-ooxml-schemas-4.1.2.jar
#18 102.2 [INFO] Resolved: xmlbeans-3.1.0.jar
#18 102.2 [INFO] Resolved: commons-csv-1.8.jar
#18 102.2 [INFO] Resolved: ehcache-3.10.2.jar
#18 102.2 [INFO] Resolved: cache-api-1.1.1.jar
#18 102.2 [INFO] Resolved: jaxb-runtime-2.3.7.jar
#18 102.2 [INFO] Resolved: jakarta.xml.bind-api-2.3.3.jar
#18 102.2 [INFO] Resolved: txw2-2.3.7.jar
#18 102.2 [INFO] Resolved: istack-commons-runtime-3.0.12.jar
#18 102.2 [INFO] Resolved: jakarta.activation-1.2.2.jar
#18 102.2 [INFO] Resolved: oshi-core-6.1.2.jar
#18 102.2 [INFO] Resolved: jna-5.10.0.jar
#18 102.2 [INFO] Resolved: jna-platform-5.10.0.jar
#18 102.2 [INFO] Resolved: springfox-boot-starter-3.0.0.jar
#18 102.2 [INFO] Resolved: springfox-oas-3.0.0.jar
#18 102.2 [INFO] Resolved: swagger-annotations-2.1.2.jar
#18 102.2 [INFO] Resolved: swagger-models-2.1.2.jar
#18 102.2 [INFO] Resolved: springfox-spi-3.0.0.jar
#18 102.2 [INFO] Resolved: springfox-schema-3.0.0.jar
#18 102.2 [INFO] Resolved: springfox-core-3.0.0.jar
#18 102.2 [INFO] Resolved: byte-buddy-1.12.18.jar
#18 102.2 [INFO] Resolved: springfox-spring-web-3.0.0.jar
#18 102.2 [INFO] Resolved: classgraph-4.8.83.jar
#18 102.2 [INFO] Resolved: springfox-spring-webmvc-3.0.0.jar
#18 102.2 [INFO] Resolved: springfox-spring-webflux-3.0.0.jar
#18 102.2 [INFO] Resolved: springfox-swagger-common-3.0.0.jar
#18 102.2 [INFO] Resolved: mapstruct-1.3.1.Final.jar
#18 102.2 [INFO] Resolved: springfox-data-rest-3.0.0.jar
#18 102.2 [INFO] Resolved: springfox-bean-validators-3.0.0.jar
#18 102.2 [INFO] Resolved: springfox-swagger2-3.0.0.jar
#18 102.2 [INFO] Resolved: swagger-annotations-1.5.20.jar
#18 102.2 [INFO] Resolved: swagger-models-1.5.20.jar
#18 102.2 [INFO] Resolved: springfox-swagger-ui-3.0.0.jar
#18 102.2 [INFO] Resolved: classmate-1.5.1.jar
#18 102.2 [INFO] Resolved: spring-plugin-core-2.0.0.RELEASE.jar
#18 102.2 [INFO] Resolved: spring-plugin-metadata-2.0.0.RELEASE.jar
#18 102.2 [INFO] Resolved: weixin-java-miniapp-4.4.0.jar
#18 102.2 [INFO] Resolved: weixin-java-common-4.4.0.jar
#18 102.2 [INFO] Resolved: xstream-1.4.19.jar
#18 102.2 [INFO] Resolved: mxparser-1.2.2.jar
#18 102.2 [INFO] Resolved: xmlpull-1.1.3.1.jar
#18 102.2 [INFO] Resolved: httpmime-4.5.13.jar
#18 102.2 [INFO] Resolved: jcl-over-slf4j-1.7.36.jar
#18 102.2 [INFO] Resolved: guava-30.0-jre.jar
#18 102.2 [INFO] Resolved: failureaccess-1.0.1.jar
#18 102.2 [INFO] Resolved: listenablefuture-9999.0-empty-to-avoid-conflict-with-guava.jar
#18 102.2 [INFO] Resolved: jsr305-3.0.2.jar
#18 102.2 [INFO] Resolved: checker-qual-3.5.0.jar
#18 102.2 [INFO] Resolved: error_prone_annotations-2.3.4.jar
#18 102.2 [INFO] Resolved: j2objc-annotations-1.3.jar
#18 102.2 [INFO] Resolved: validation-api-2.0.1.Final.jar
#18 102.2 [INFO] Resolved: dom4j-2.1.3.jar
#18 102.2 [INFO] Resolved: bcpkix-jdk15on-1.68.jar
#18 102.2 [INFO] Resolved: weixin-java-mp-4.4.0.jar
#18 102.2 [INFO] Resolved: weixin-java-pay-4.4.0.jar
#18 102.2 [INFO] Resolved: qrcode-utils-1.1.jar
#18 102.2 [INFO] Resolved: core-3.2.1.jar
#18 102.2 [INFO] 
#18 102.2 [INFO] -----------------------< org.mdd:like-generator >-----------------------
#18 102.2 [INFO] Building like-generator 1.0.0                                      [3/5]
#18 102.2 [INFO] --------------------------------[ jar ]---------------------------------
#18 102.2 [INFO] 
#18 102.2 [INFO] >>> maven-dependency-plugin:2.8:go-offline (default-cli) > :resolve-plugins @ like-generator >>>
#18 102.2 [INFO] 
#18 102.2 [INFO] --- maven-dependency-plugin:2.8:resolve-plugins (resolve-plugins) @ like-generator ---
#18 102.2 [INFO] Plugin Resolved: maven-compiler-plugin-3.10.0.jar
#18 102.2 [INFO]     Plugin Dependency Resolved: maven-shared-utils-3.3.4.jar
#18 102.2 [INFO]     Plugin Dependency Resolved: maven-shared-incremental-1.1.jar
#18 102.2 [INFO]     Plugin Dependency Resolved: plexus-java-1.1.1.jar
#18 102.2 [INFO]     Plugin Dependency Resolved: plexus-compiler-api-2.10.0.jar
#18 102.2 [INFO]     Plugin Dependency Resolved: plexus-compiler-manager-2.10.0.jar
#18 102.2 [INFO]     Plugin Dependency Resolved: plexus-compiler-javac-2.10.0.jar
#18 102.2 [INFO] Plugin Resolved: maven-install-plugin-2.4.jar
#18 102.2 [INFO]     Plugin Dependency Resolved: maven-plugin-api-2.0.6.jar
#18 102.2 [INFO]     Plugin Dependency Resolved: maven-project-2.0.6.jar
#18 102.2 [INFO]     Plugin Dependency Resolved: maven-model-2.0.6.jar
#18 102.2 [INFO]     Plugin Dependency Resolved: maven-artifact-manager-2.0.6.jar
#18 102.2 [INFO]     Plugin Dependency Resolved: maven-artifact-2.0.6.jar
#18 102.2 [INFO]     Plugin Dependency Resolved: plexus-utils-3.0.5.jar
#18 102.2 [INFO]     Plugin Dependency Resolved: plexus-digest-1.0.jar
#18 102.2 [INFO] Plugin Resolved: maven-deploy-plugin-2.7.jar
#18 102.3 [INFO]     Plugin Dependency Resolved: maven-plugin-api-2.0.6.jar
#18 102.3 [INFO]     Plugin Dependency Resolved: maven-project-2.0.6.jar
#18 102.3 [INFO]     Plugin Dependency Resolved: maven-model-2.0.6.jar
#18 102.3 [INFO]     Plugin Dependency Resolved: maven-artifact-2.0.6.jar
#18 102.3 [INFO]     Plugin Dependency Resolved: plexus-utils-1.5.6.jar
#18 102.3 [INFO] Plugin Resolved: maven-jar-plugin-2.4.jar
#18 102.3 [INFO]     Plugin Dependency Resolved: maven-plugin-api-2.0.6.jar
#18 102.3 [INFO]     Plugin Dependency Resolved: maven-project-2.0.6.jar
#18 102.3 [INFO]     Plugin Dependency Resolved: maven-model-2.0.6.jar
#18 102.3 [INFO]     Plugin Dependency Resolved: maven-artifact-2.0.6.jar
#18 102.3 [INFO]     Plugin Dependency Resolved: maven-archiver-2.5.jar
#18 102.3 [INFO]     Plugin Dependency Resolved: plexus-archiver-2.1.jar
#18 102.3 [INFO]     Plugin Dependency Resolved: commons-lang-2.1.jar
#18 102.3 [INFO]     Plugin Dependency Resolved: plexus-utils-3.0.jar
#18 102.3 [INFO] Plugin Resolved: maven-surefire-plugin-2.12.4.jar
#18 102.3 [INFO]     Plugin Dependency Resolved: maven-plugin-api-2.0.9.jar
#18 102.3 [INFO]     Plugin Dependency Resolved: surefire-booter-2.12.4.jar
#18 102.3 [INFO]     Plugin Dependency Resolved: maven-surefire-common-2.12.4.jar
#18 102.3 [INFO]     Plugin Dependency Resolved: plexus-utils-3.0.8.jar
#18 102.3 [INFO]     Plugin Dependency Resolved: maven-artifact-2.0.9.jar
#18 102.3 [INFO]     Plugin Dependency Resolved: maven-project-2.0.9.jar
#18 102.3 [INFO]     Plugin Dependency Resolved: maven-core-2.0.9.jar
#18 102.3 [INFO]     Plugin Dependency Resolved: maven-toolchain-2.0.9.jar
#18 102.3 [INFO]     Plugin Dependency Resolved: maven-plugin-annotations-3.1.jar
#18 102.3 [INFO] Plugin Resolved: maven-site-plugin-3.3.jar
#18 102.3 [INFO]     Plugin Dependency Resolved: maven-reporting-exec-1.1.jar
#18 102.3 [INFO]     Plugin Dependency Resolved: maven-core-3.0.jar
#18 102.3 [INFO]     Plugin Dependency Resolved: maven-model-3.0.jar
#18 102.3 [INFO]     Plugin Dependency Resolved: maven-plugin-api-3.0.jar
#18 102.3 [INFO]     Plugin Dependency Resolved: maven-settings-3.0.jar
#18 102.3 [INFO]     Plugin Dependency Resolved: maven-settings-builder-3.0.jar
#18 102.3 [INFO]     Plugin Dependency Resolved: maven-archiver-2.4.2.jar
#18 102.3 [INFO]     Plugin Dependency Resolved: doxia-sink-api-1.4.jar
#18 102.3 [INFO]     Plugin Dependency Resolved: doxia-logging-api-1.4.jar
#18 102.3 [INFO]     Plugin Dependency Resolved: doxia-core-1.4.jar
#18 102.3 [INFO]     Plugin Dependency Resolved: doxia-module-xhtml-1.4.jar
#18 102.3 [INFO]     Plugin Dependency Resolved: doxia-module-apt-1.4.jar
#18 102.3 [INFO]     Plugin Dependency Resolved: doxia-module-xdoc-1.4.jar
#18 102.3 [INFO]     Plugin Dependency Resolved: doxia-module-fml-1.4.jar
#18 102.3 [INFO]     Plugin Dependency Resolved: doxia-module-markdown-1.4.jar
#18 102.3 [INFO]     Plugin Dependency Resolved: servlet-api-2.5.jar
#18 102.3 [INFO]     Plugin Dependency Resolved: doxia-decoration-model-1.4.jar
#18 102.3 [INFO]     Plugin Dependency Resolved: doxia-site-renderer-1.4.jar
#18 102.3 [INFO]     Plugin Dependency Resolved: doxia-integration-tools-1.5.jar
#18 102.3 [INFO]     Plugin Dependency Resolved: wagon-provider-api-1.0.jar
#18 102.3 [INFO]     Plugin Dependency Resolved: plexus-archiver-1.0.jar
#18 102.3 [INFO]     Plugin Dependency Resolved: plexus-i18n-1.0-beta-7.jar
#18 102.3 [INFO]     Plugin Dependency Resolved: velocity-1.5.jar
#18 102.3 [INFO]     Plugin Dependency Resolved: plexus-velocity-1.1.8.jar
#18 102.3 [INFO]     Plugin Dependency Resolved: plexus-utils-1.5.10.jar
#18 102.3 [INFO]     Plugin Dependency Resolved: jetty-6.1.25.jar
#18 102.3 [INFO]     Plugin Dependency Resolved: jetty-util-6.1.25.jar
#18 102.3 [INFO]     Plugin Dependency Resolved: commons-lang-2.5.jar
#18 102.3 [INFO]     Plugin Dependency Resolved: commons-io-1.4.jar
#18 102.3 [INFO] Plugin Resolved: spring-boot-maven-plugin-2.6.4.jar
#18 102.3 [INFO]     Plugin Dependency Resolved: spring-boot-buildpack-platform-2.6.4.jar
#18 102.3 [INFO]     Plugin Dependency Resolved: spring-boot-loader-tools-2.6.4.jar
#18 102.3 [INFO]     Plugin Dependency Resolved: maven-common-artifact-filters-3.2.0.jar
#18 102.3 [INFO]     Plugin Dependency Resolved: maven-plugin-api-3.6.3.jar
#18 102.3 [INFO]     Plugin Dependency Resolved: plexus-build-api-0.0.7.jar
#18 102.3 [INFO]     Plugin Dependency Resolved: maven-shade-plugin-3.2.4.jar
#18 102.3 [INFO] Plugin Resolved: maven-clean-plugin-2.5.jar
#18 102.3 [INFO]     Plugin Dependency Resolved: maven-plugin-api-2.0.6.jar
#18 102.3 [INFO]     Plugin Dependency Resolved: plexus-utils-3.0.jar
#18 102.3 [INFO] Plugin Resolved: maven-resources-plugin-2.6.jar
#18 102.3 [INFO]     Plugin Dependency Resolved: maven-plugin-api-2.0.6.jar
#18 102.3 [INFO]     Plugin Dependency Resolved: maven-project-2.0.6.jar
#18 102.3 [INFO]     Plugin Dependency Resolved: maven-core-2.0.6.jar
#18 102.3 [INFO]     Plugin Dependency Resolved: maven-artifact-2.0.6.jar
#18 102.3 [INFO]     Plugin Dependency Resolved: maven-settings-2.0.6.jar
#18 102.3 [INFO]     Plugin Dependency Resolved: maven-model-2.0.6.jar
#18 102.3 [INFO]     Plugin Dependency Resolved: maven-monitor-2.0.6.jar
#18 102.3 [INFO]     Plugin Dependency Resolved: plexus-container-default-1.0-alpha-9-stable-1.jar
#18 102.3 [INFO]     Plugin Dependency Resolved: plexus-utils-2.0.5.jar
#18 102.3 [INFO]     Plugin Dependency Resolved: maven-filtering-1.1.jar
#18 102.3 [INFO]     Plugin Dependency Resolved: plexus-interpolation-1.13.jar
#18 102.3 [INFO] 
#18 102.3 [INFO] <<< maven-dependency-plugin:2.8:go-offline (default-cli) < :resolve-plugins @ like-generator <<<
#18 102.3 [INFO] 
#18 102.3 [INFO] Downloading from aliyun: https://maven.aliyun.com/repository/public/commons-collections/commons-collections/3.2.2/commons-collections-3.2.2.pom
#18 102.4 [INFO] Downloaded from aliyun: https://maven.aliyun.com/repository/public/commons-collections/commons-collections/3.2.2/commons-collections-3.2.2.pom (12 kB at 376 kB/s)
#18 102.4 [INFO] Downloading from aliyun: https://maven.aliyun.com/repository/public/org/apache/velocity/velocity-engine-core/2.3/velocity-engine-core-2.3.pom
#18 102.4 [INFO] Downloaded from aliyun: https://maven.aliyun.com/repository/public/org/apache/velocity/velocity-engine-core/2.3/velocity-engine-core-2.3.pom (10 kB at 244 kB/s)
#18 102.4 [INFO] Downloading from aliyun: https://maven.aliyun.com/repository/public/org/apache/velocity/velocity-engine-parent/2.3/velocity-engine-parent-2.3.pom
#18 102.4 [INFO] Downloaded from aliyun: https://maven.aliyun.com/repository/public/org/apache/velocity/velocity-engine-parent/2.3/velocity-engine-parent-2.3.pom (14 kB at 301 kB/s)
#18 102.4 [INFO] Downloading from aliyun: https://maven.aliyun.com/repository/public/org/apache/velocity/velocity-master/4/velocity-master-4.pom
#18 102.6 [INFO] Downloaded from aliyun: https://maven.aliyun.com/repository/public/org/apache/velocity/velocity-master/4/velocity-master-4.pom (7.8 kB at 51 kB/s)
#18 102.7 [INFO] Downloading from aliyun: https://maven.aliyun.com/repository/public/org/mdd/like-common/1.0.0/like-common-1.0.0.jar
#18 102.7 [INFO] Downloading from aliyun: https://maven.aliyun.com/repository/public/commons-collections/commons-collections/3.2.2/commons-collections-3.2.2.jar
#18 102.7 [INFO] Downloading from aliyun: https://maven.aliyun.com/repository/public/org/apache/velocity/velocity-engine-core/2.3/velocity-engine-core-2.3.jar
#18 102.7 [INFO] Downloaded from aliyun: https://maven.aliyun.com/repository/public/commons-collections/commons-collections/3.2.2/commons-collections-3.2.2.jar (588 kB at 7.6 MB/s)
#18 102.9 [INFO] Downloaded from aliyun: https://maven.aliyun.com/repository/public/org/apache/velocity/velocity-engine-core/2.3/velocity-engine-core-2.3.jar (531 kB at 2.1 MB/s)
#18 102.9 [INFO] ------------------------------------------------------------------------
#18 102.9 [INFO] Reactor Summary for likeadmin-java 1.0.0:
#18 102.9 [INFO] 
#18 102.9 [INFO] likeadmin-java ..................................... SUCCESS [ 18.030 s]
#18 102.9 [INFO] like-common ........................................ SUCCESS [01:11 min]
#18 102.9 [INFO] like-generator ..................................... FAILURE [  0.695 s]
#18 102.9 [INFO] like-admin ......................................... SKIPPED
#18 102.9 [INFO] like-front ......................................... SKIPPED
#18 102.9 [INFO] ------------------------------------------------------------------------
#18 102.9 [INFO] BUILD FAILURE
#18 102.9 [INFO] ------------------------------------------------------------------------
#18 102.9 [INFO] Total time:  01:41 min
#18 102.9 [INFO] Finished at: 2026-03-13T18:07:59Z
#18 102.9 [INFO] ------------------------------------------------------------------------
#18 102.9 [ERROR] Failed to execute goal on project like-generator: Could not resolve dependencies for project org.mdd:like-generator:jar:1.0.0: Could not find artifact org.mdd:like-common:jar:1.0.0 in aliyun (https://maven.aliyun.com/repository/public) -> [Help 1]
#18 102.9 [ERROR] 
#18 102.9 [ERROR] To see the full stack trace of the errors, re-run Maven with the -e switch.
#18 102.9 [ERROR] Re-run Maven using the -X switch to enable full debug logging.
#18 102.9 [ERROR] 
#18 102.9 [ERROR] For more information about the errors and possible solutions, please read the following articles:
#18 102.9 [ERROR] [Help 1] http://cwiki.apache.org/confluence/display/MAVEN/DependencyResolutionException
#18 102.9 [ERROR] 
#18 102.9 [ERROR] After correcting the problems, you can resume the build with the command
#18 102.9 [ERROR]   mvn <args> -rf :like-generator
#18 ERROR: process "/bin/sh -c mvn dependency:go-offline -B -s /root/.m2/settings.xml" did not complete successfully: exit code: 1
------
 > [builder  9/11] RUN mvn dependency:go-offline -B -s /root/.m2/settings.xml:
102.9 [ERROR] Failed to execute goal on project like-generator: Could not resolve dependencies for project org.mdd:like-generator:jar:1.0.0: Could not find artifact org.mdd:like-common:jar:1.0.0 in aliyun (https://maven.aliyun.com/repository/public) -> [Help 1]
102.9 [ERROR] 
102.9 [ERROR] To see the full stack trace of the errors, re-run Maven with the -e switch.
102.9 [ERROR] Re-run Maven using the -X switch to enable full debug logging.
102.9 [ERROR] 
102.9 [ERROR] For more information about the errors and possible solutions, please read the following articles:
102.9 [ERROR] [Help 1] http://cwiki.apache.org/confluence/display/MAVEN/DependencyResolutionException
102.9 [ERROR] 
102.9 [ERROR] After correcting the problems, you can resume the build with the command
102.9 [ERROR]   mvn <args> -rf :like-generator
------
Dockerfile:13

--------------------

  11 |     COPY like-generator/pom.xml like-generator/

  12 |     

  13 | >>> RUN mvn dependency:go-offline -B -s /root/.m2/settings.xml

  14 |     

  15 |     COPY . .

--------------------

failed to solve: process "/bin/sh -c mvn dependency:go-offline -B -s /root/.m2/settings.xml" did not complete successfully: exit code: 1

